Datetime,Close,High,Low,Open,Volume,Bid,Ask
2024-04-01 13:30:00+00:00,170.08990478515625,171.22000122070312,169.8350067138672,171.1875,12016910,170.00485983276369,170.17494973754881
2024-04-01 14:30:00+00:00,169.84500122070312,170.16000366210938,169.47999572753906,170.08900451660156,5566284,169.7600787200928,169.92992372131346
2024-04-01 15:30:00+00:00,169.89500427246094,170.0800018310547,169.5850067138672,169.83999633789062,4325649,169.8100567703247,169.97995177459717
2024-04-01 16:30:00+00:00,169.9156951904297,170.02000427246094,169.75999450683594,169.89500427246094,2857559,169.83073734283448,170.0006530380249
2024-04-01 17:30:00+00:00,169.9949951171875,170.08999633789062,169.8800048828125,169.9199981689453,2605346,169.9099976196289,170.0799926147461
2024-04-01 18:30:00+00:00,169.93499755859375,170.24000549316406,169.85000610351562,169.99000549316406,3725960,169.85003005981446,170.01996505737304
2024-04-01 19:30:00+00:00,170.00999450683594,170.13999938964844,169.8699951171875,169.93499755859375,5786677,169.92498950958253,170.09499950408934
2024-04-02 13:30:00+00:00,169.0399932861328,169.33999633789062,168.23019409179688,169.05999755859375,11163207,168.95547328948976,169.12451328277587
2024-04-02 14:30:00+00:00,168.8321990966797,169.19500732421875,168.52999877929688,169.03500366210938,4826587,168.74778299713137,168.916615196228
2024-04-02 15:30:00+00:00,168.6649932861328,169.1479949951172,168.3699951171875,168.8350067138672,4166243,168.58066078948977,168.74932578277586
2024-04-02 16:30:00+00:00,168.9949951171875,169.08999633789062,168.63999938964844,168.67999267578125,3340894,168.91049761962893,169.07949261474607
2024-04-02 17:30:00+00:00,168.9199981689453,169.10499572753906,168.86000061035156,169.0,3451310,168.83553816986085,169.00445816802977
2024-04-02 18:30:00+00:00,168.97500610351562,169.07000732421875,168.72999572753906,168.9199981689453,3699021,168.89051860046388,169.05949360656737
2024-04-02 19:30:00+00:00,168.94000244140625,169.2200927734375,168.77000427246094,168.99000549316406,6380958,168.85553244018556,169.02447244262694
2024-04-03 13:30:00+00:00,170.0366973876953,170.0800018310547,168.58999633789062,168.75,8758184,169.95167903900148,170.12171573638915
2024-04-03 14:30:00+00:00,170.52000427246094,170.67999267578125,169.97999572753906,170.02499389648438,6176025,170.43474427032473,170.60526427459715
2024-04-03 15:30:00+00:00,170.32000732421875,170.6750030517578,170.1999969482422,170.52000427246094,3684320,170.23484732055664,170.40516732788086
2024-04-03 16:30:00+00:00,170.2050018310547,170.44000244140625,169.75,170.30999755859375,3812096,170.11989933013916,170.2901043319702
2024-04-03 17:30:00+00:00,170.19700622558594,170.38999938964844,170.12010192871094,170.2100067138672,3156608,170.11190772247315,170.28210472869873
2024-04-03 18:30:00+00:00,169.52499389648438,170.60000610351562,169.27999877929688,170.1999969482422,6323307,169.44023139953615,169.6097563934326
2024-04-03 19:30:00+00:00,169.66000366210938,170.14999389648438,169.3800048828125,169.52999877929688,6602092,169.57517366027832,169.74483366394043
2024-04-04 13:30:00+00:00,171.00999450683594,171.19000244140625,170.0399932861328,170.2899932861328,9047827,170.92448950958254,171.09549950408933
2024-04-04 14:30:00+00:00,171.27000427246094,171.27999877929688,170.7100067138672,171.01499938964844,4545243,171.1843692703247,171.35563927459717
2024-04-04 15:30:00+00:00,171.72030639648438,171.9199981689453,171.27499389648438,171.27999877929688,4325890,171.63444624328613,171.80616654968262
2024-04-04 16:30:00+00:00,171.5399932861328,171.86990356445312,171.3350067138672,171.72999572753906,3395662,171.45422328948976,171.62576328277586
2024-04-04 17:30:00+00:00,169.75,171.61000061035156,169.6999969482422,171.5467987060547,6544667,169.66512500000002,169.83487499999998
2024-04-04 18:30:00+00:00,169.04100036621094,170.10000610351562,169.02000427246094,169.74000549316406,8346418,168.95647986602785,169.12552086639403
2024-04-04 19:30:00+00:00,168.88999938964844,169.74000549316406,168.8300018310547,169.0399932861328,8099922,168.8055543899536,168.97444438934326
2024-04-05 13:30:00+00:00,169.22000122070312,169.91000366210938,168.9499969482422,169.5,9721473,169.13539122009277,169.30461122131348
2024-04-05 14:30:00+00:00,169.46499633789062,169.82000732421875,169.08999633789062,169.22999572753906,4890929,169.3802638397217,169.54972883605956
2024-04-05 15:30:00+00:00,170.1699981689453,170.3800048828125,169.38900756835938,169.46499633789062,4669016,170.08491316986084,170.25508316802978
2024-04-05 16:30:00+00:00,170.07400512695312,170.375,169.77999877929688,170.1699981689453,3488779,169.98896812438966,170.1590421295166
2024-04-05 17:30:00+00:00,169.50030517578125,170.1699981689453,169.35000610351562,170.08999633789062,3347777,169.41555502319338,169.58505532836912
2024-04-05 18:30:00+00:00,169.88999938964844,169.9199981689453,169.36000061035156,169.50999450683594,4067851,169.80505438995363,169.97494438934325
2024-04-05 19:30:00+00:00,169.57000732421875,169.97999572753906,169.5,169.88999938964844,4423994,169.48522232055666,169.65479232788084
2024-04-08 13:30:00+00:00,168.82000732421875,169.19000244140625,168.24000549316406,169.05999755859375,8279940,168.73559732055665,168.90441732788085
2024-04-08 14:30:00+00:00,168.81500244140625,169.1300048828125,168.64999389648438,168.8249969482422,4718366,168.73059494018557,168.89940994262693
2024-04-08 15:30:00+00:00,168.4123992919922,168.81500244140625,168.26499938964844,168.81500244140625,4134102,168.3281930923462,168.49660549163818
2024-04-08 16:30:00+00:00,168.64500427246094,168.8350067138672,168.40499877929688,168.4149932861328,2982857,168.56068177032472,168.72932677459715
2024-04-08 17:30:00+00:00,168.79010009765625,168.89999389648438,168.47000122070312,168.64500427246094,2336490,168.70570504760744,168.87449514770506
2024-04-08 18:30:00+00:00,168.78500366210938,168.79989624023438,168.5449981689453,168.7949981689453,2798561,168.70061116027833,168.86939616394042
2024-04-08 19:30:00+00:00,168.4600067138672,168.9600067138672,168.3249969482422,168.78500366210938,4991117,168.37577671051025,168.54423671722412
2024-04-09 13:30:00+00:00,169.47000122070312,170.0749969482422,168.5,168.69200134277344,9892473,169.38526622009277,169.55473622131348
2024-04-09 14:30:00+00:00,168.69500732421875,169.49000549316406,168.47999572753906,169.47500610351562,5975622,168.61065982055666,168.77935482788084
2024-04-09 15:30:00+00:00,169.07000732421875,169.16000366210938,168.69000244140625,168.6999969482422,3680884,168.98547232055665,169.15454232788085
2024-04-09 16:30:00+00:00,169.25999450683594,169.55999755859375,168.89999389648438,169.07000732421875,3462971,169.17536450958252,169.34462450408935
2024-04-09 17:30:00+00:00,168.5850067138672,169.5,168.5,169.27000427246094,4167688,168.50071421051027,168.6692992172241
2024-04-09 18:30:00+00:00,169.25250244140625,169.25999450683594,168.35000610351562,168.5800018310547,4206061,169.16787619018555,169.33712869262695
2024-04-09 19:30:00+00:00,169.69000244140625,169.72999572753906,168.94000244140625,169.25999450683594,5472554,169.60515744018556,169.77484744262694
2024-04-10 13:30:00+00:00,168.02999877929688,169.08999633789062,167.11000061035156,168.83999633789062,14120359,167.94598377990724,168.1140137786865
2024-04-10 14:30:00+00:00,167.9149932861328,168.6999969482422,167.61000061035156,168.04400634765625,5526659,167.83103578948976,167.99895078277586
2024-04-10 15:30:00+00:00,168.01499938964844,168.11000061035156,167.5399932861328,167.94000244140625,4681455,167.93099188995362,168.09900688934326
2024-04-10 16:30:00+00:00,168.13499450683594,168.60000610351562,167.67999267578125,168.03700256347656,4311563,168.05092700958252,168.21906200408935
2024-04-10 17:30:00+00:00,167.75999450683594,168.5800018310547,167.6300048828125,168.12100219726562,4513653,167.67611450958253,167.84387450408934
2024-04-10 18:30:00+00:00,168.25999450683594,169.6699981689453,167.69000244140625,167.76499938964844,4221664,168.17586450958254,168.34412450408934
2024-04-10 19:30:00+00:00,167.75,168.68499755859375,167.6999969482422,168.25999450683594,5084905,167.66612500000002,167.83387499999998
2024-04-11 13:30:00+00:00,168.72000122070312,169.1699981689453,168.16009521484375,168.25,9488061,168.6356412200928,168.80436122131346
2024-04-11 14:30:00+00:00,169.0,169.4199981689453,168.57000732421875,168.72999572753906,7020839,168.9155,169.0845
2024-04-11 15:30:00+00:00,169.91000366210938,170.2899932861328,169.0,169.0010986328125,5616006,169.82504866027833,169.99495866394042
2024-04-11 16:30:00+00:00,172.10499572753906,172.19000244140625,169.83999633789062,169.9199981689453,9777671,172.0189432296753,172.19104822540282
2024-04-11 17:30:00+00:00,174.17999267578125,174.47999572753906,171.96009826660156,172.11000061035156,15507718,174.09290267944337,174.26708267211913
2024-04-11 18:30:00+00:00,174.73989868164062,174.86000061035156,173.5500030517578,174.17999267578125,15407602,174.65252873229983,174.82726863098142
2024-04-11 19:30:00+00:00,175.0399932861328,175.4600067138672,174.6199951171875,174.74000549316406,15008834,174.95247328948975,175.12751328277588
2024-04-12 13:30:00+00:00,176.75,178.36000061035156,174.2100067138672,174.28500366210938,35055623,176.66162500000002,176.83837499999998
2024-04-12 14:30:00+00:00,176.25430297851562,176.80999755859375,175.32000732421875,176.74249267578125,12592011,176.16617582702636,176.34243013000489
2024-04-12 15:30:00+00:00,175.58999633789062,176.99000549316406,175.56500244140625,176.25999450683594,8240618,175.5022013397217,175.67779133605956
2024-04-12 16:30:00+00:00,175.35000610351562,175.66000366210938,174.8000030517578,175.59500122070312,8466020,175.26233110046388,175.43768110656737
2024-04-12 17:30:00+00:00,175.97000122070312,176.0,175.23500061035156,175.33999633789062,6848567,175.8820162200928,176.05798622131346
2024-04-12 18:30:00+00:00,176.0175018310547,176.25999450683594,175.6300048828125,175.97000122070312,8125126,175.92949308013917,176.1055105819702
2024-04-12 19:30:00+00:00,176.56500244140625,176.74000549316406,175.9550018310547,176.01499938964844,10614487,176.47671994018555,176.65328494262695
2024-04-15 13:30:00+00:00,174.8800048828125,175.9799041748047,173.85000610351562,175.3800048828125,16099072,174.79256488037112,174.96744488525388
2024-04-15 14:30:00+00:00,175.41000366210938,176.6300048828125,174.55999755859375,174.8800048828125,9497153,175.32229866027834,175.49770866394041
2024-04-15 15:30:00+00:00,175.10000610351562,176.14999389648438,174.9600067138672,175.39999389648438,5334563,175.01245610046388,175.18755610656737
2024-04-15 16:30:00+00:00,174.52000427246094,175.57000732421875,174.51010131835938,175.09500122070312,6093345,174.43274427032472,174.60726427459716
2024-04-15 17:30:00+00:00,173.1300048828125,174.61000061035156,172.5,174.50999450683594,9423818,173.0434398803711,173.2165698852539
2024-04-15 18:30:00+00:00,172.92999267578125,173.75999450683594,172.8000030517578,173.1199951171875,6849808,172.84352767944335,173.01645767211915
2024-04-15 19:30:00+00:00,172.68499755859375,173.61000061035156,172.66000366210938,172.92999267578125,6819556,172.59865505981446,172.77134005737304
2024-04-16 13:30:00+00:00,171.22000122070312,173.7550048828125,171.1820068359375,171.7100067138672,14947039,171.1343912200928,171.30561122131346
2024-04-16 14:30:00+00:00,169.44500732421875,171.4499969482422,169.02000427246094,171.1999969482422,13407042,169.36028482055664,169.52972982788086
2024-04-16 15:30:00+00:00,169.4149932861328,169.85000610351562,168.27000427246094,169.4499969482422,11289116,169.33028578948975,169.49970078277588
2024-04-16 16:30:00+00:00,169.38999938964844,169.72999572753906,168.92999267578125,169.41000366210938,5079739,169.30530438995362,169.47469438934326
2024-04-16 17:30:00+00:00,168.9250030517578,170.39999389648438,168.39999389648438,169.39999389648438,8396515,168.84054055023194,169.0094655532837
2024-04-16 18:30:00+00:00,169.9949951171875,170.0800018310547,168.8800048828125,168.9250030517578,5187348,169.9099976196289,170.0799926147461
2024-04-16 19:30:00+00:00,169.33790588378906,170.01499938964844,169.27999877929688,169.99000549316406,5938491,169.25323693084718,169.42257483673094
2024-04-17 13:30:00+00:00,170.4550018310547,170.63999938964844,169.3101043701172,169.5800018310547,10358959,170.36977433013917,170.5402293319702
2024-04-17 14:30:00+00:00,169.2100067138672,170.47500610351562,169.2100067138672,170.4499969482422,7818704,169.12540171051026,169.29461171722411
2024-04-17 15:30:00+00:00,168.6999969482422,169.36000061035156,168.60000610351562,169.22000122070312,5853359,168.61564694976806,168.7843469467163
2024-04-17 16:30:00+00:00,168.82000732421875,168.97000122070312,168.07000732421875,168.6999969482422,4690283,168.73559732055665,168.90441732788085
2024-04-17 17:30:00+00:00,168.61000061035156,169.0,168.50999450683594,168.8300018310547,4907946,168.5256956100464,168.69430561065673
2024-04-17 18:30:00+00:00,168.08999633789062,169.17999267578125,168.02000427246094,168.6199951171875,4554925,168.0059513397217,168.17404133605956
2024-04-17 19:30:00+00:00,168.0,168.5449981689453,168.0,168.08999633789062,5025607,167.916,168.084
2024-04-18 13:30:00+00:00,168.03990173339844,168.63999938964844,167.3300018310547,168.0,9532841,167.95588178253175,168.12392168426513
2024-04-18 14:30:00+00:00,167.99000549316406,168.27999877929688,167.86000061035156,168.0399932861328,4639772,167.9060104904175,168.07400049591064
2024-04-18 15:30:00+00:00,167.56500244140625,168.01499938964844,167.39999389648438,168.0,3556423,167.48121994018555,167.64878494262695
2024-04-18 16:30:00+00:00,166.9799041748047,167.6999969482422,166.6300048828125,167.56500244140625,5691557,166.89641422271728,167.0633941268921
2024-04-18 17:30:00+00:00,166.85989379882812,167.11000061035156,166.5500030517578,166.99000549316406,4043124,166.77646385192872,166.94332374572753
2024-04-18 18:30:00+00:00,167.10000610351562,167.25,166.63999938964844,166.8800048828125,3707430,167.01645610046387,167.18355610656738
2024-04-18 19:30:00+00:00,167.0399932861328,167.37429809570312,166.77499389648438,167.10000610351562,4286307,166.95647328948976,167.12351328277586
2024-04-19 13:30:00+00:00,165.27000427246094,166.39999389648438,164.82000732421875,166.1199951171875,16054092,165.18736927032472,165.35263927459715
2024-04-19 14:30:00+00:00,164.98500061035156,165.66000366210938,164.875,165.25999450683594,6502988,164.9025081100464,165.06749311065673
2024-04-19 15:30:00+00:00,164.36239624023438,165.16000366210938,164.0800018310547,164.97999572753906,6573825,164.28021504211426,164.4445774383545
2024-04-19 16:30:00+00:00,164.9199981689453,165.3000030517578,164.17999267578125,164.3699951171875,6201635,164.83753816986084,165.0024581680298
2024-04-19 17:30:00+00:00,165.0399932861328,165.6699981689453,164.89999389648438,164.89999389648438,5158159,164.95747328948977,165.12251328277586
2024-04-19 18:30:00+00:00,165.1649932861328,165.24000549316406,164.52000427246094,165.02000427246094,6320854,165.08241078948976,165.24757578277587
2024-04-19 19:30:00+00:00,164.92999267578125,165.1999969482422,164.7949981689453,165.16000366210938,7970297,164.84752767944337,165.01245767211913
2024-04-22 13:30:00+00:00,165.3699951171875,166.22999572753906,165.22999572753906,165.75,9753629,165.28731011962893,165.45268011474607
2024-04-22 14:30:00+00:00,165.39500427246094,165.5399932861328,164.77000427246094,165.3699951171875,4939703,165.3123067703247,165.47770177459716
2024-04-22 15:30:00+00:00,165.6199951171875,165.8699951171875,165.3748016357422,165.39999389648438,4178724,165.5371851196289,165.7028051147461
2024-04-22 16:30:00+00:00,166.27499389648438,166.28500366210938,165.43499755859375,165.61419677734375,3510757,166.19185639953614,166.35813139343261
2024-04-22 17:30:00+00:00,166.85499572753906,167.25999450683594,166.27000427246094,166.27000427246094,5021219,166.7715682296753,166.93842322540283
2024-04-22 18:30:00+00:00,166.66000366210938,167.0500030517578,166.2550048828125,166.86000061035156,6192002,166.57667366027832,166.74333366394043
2024-04-22 19:30:00+00:00,165.83999633789062,166.73989868164062,165.63999938964844,166.66000366210938,5290621,165.7570763397217,165.92291633605956
2024-04-23 13:30:00+00:00,165.82000732421875,166.7100067138672,164.92999267578125,165.25999450683594,10992740,165.73709732055664,165.90291732788086
2024-04-23 14:30:00+00:00,166.625,166.97999572753906,165.82000732421875,165.82000732421875,6119113,166.54168750000002,166.70831249999998
2024-04-23 15:30:00+00:00,166.27000427246094,166.6999969482422,166.05740356445312,166.6199951171875,3828132,166.1868692703247,166.35313927459717
2024-04-23 16:30:00+00:00,166.39199829101562,166.63999938964844,166.1717071533203,166.27000427246094,4067219,166.30880229187014,166.4751942901611
2024-04-23 17:30:00+00:00,166.83999633789062,166.86000061035156,166.3249969482422,166.39999389648438,2849527,166.75657633972168,166.92341633605957
2024-04-23 18:30:00+00:00,166.85000610351562,166.86990356445312,166.5,166.83999633789062,3658150,166.76658110046387,166.93343110656738
2024-04-23 19:30:00+00:00,166.91000366210938,167.0500030517578,166.7550048828125,166.83999633789062,5719471,166.82654866027832,166.99345866394043
2024-04-24 13:30:00+00:00,167.9949951171875,168.3000030517578,166.2100067138672,166.39999389648438,9855592,167.91099761962892,168.07899261474608
2024-04-24 14:30:00+00:00,167.9199981689453,168.27999877929688,167.52000427246094,167.9949951171875,5213388,167.83603816986084,168.00395816802978
2024-04-24 15:30:00+00:00,168.72500610351562,169.27499389648438,167.91000366210938,167.9250030517578,6588577,168.64064360046387,168.80936860656738
2024-04-24 16:30:00+00:00,168.46170043945312,168.85000610351562,168.11000061035156,168.72500610351562,3760303,168.3774695892334,168.54593128967284
2024-04-24 17:30:00+00:00,168.75,169.2899932861328,168.4600067138672,168.47000122070312,3891894,168.665625,168.834375
2024-04-24 18:30:00+00:00,169.05499267578125,169.08990478515625,168.27999877929688,168.75,3796420,168.97046517944338,169.13952017211912
2024-04-24 19:30:00+00:00,168.9499969482422,169.3000030517578,168.6699981689453,169.05409240722656,5580723,168.86552194976807,169.0344719467163
2024-04-25 13:30:00+00:00,168.91749572753906,170.61000061035156,168.47000122070312,169.60000610351562,13123892,168.8330369796753,169.0019544754028
2024-04-25 14:30:00+00:00,168.5677947998047,169.08560180664062,168.4499969482422,168.89999389648438,4953755,168.4835109024048,168.6520786972046
2024-04-25 15:30:00+00:00,169.19000244140625,169.1999969482422,168.15109252929688,168.56500244140625,4246795,169.10540744018556,169.27459744262694
2024-04-25 16:30:00+00:00,169.05999755859375,169.53829956054688,168.9199981689453,169.18760681152344,3597812,168.97546755981446,169.14452755737304
2024-04-25 17:30:00+00:00,169.1300048828125,169.74989318847656,168.86000061035156,169.05499267578125,4047077,169.0454398803711,169.2145698852539
2024-04-25 18:30:00+00:00,169.93499755859375,170.03500366210938,168.96009826660156,169.11000061035156,5505667,169.85003005981446,170.01996505737304
2024-04-25 19:30:00+00:00,169.89999389648438,170.00999450683594,169.41000366210938,169.92999267578125,6221758,169.81504389953614,169.98494389343261
2024-04-26 13:30:00+00:00,170.66000366210938,171.05999755859375,169.5399932861328,169.8699951171875,9247096,170.57467366027834,170.74533366394041
2024-04-26 14:30:00+00:00,170.69000244140625,171.33999633789062,170.41000366210938,170.66000366210938,5410597,170.60465744018555,170.77534744262695
2024-04-26 15:30:00+00:00,170.2449951171875,170.9199981689453,170.2100067138672,170.68499755859375,3910867,170.1598726196289,170.3301176147461
2024-04-26 16:30:00+00:00,169.875,170.25999450683594,169.76010131835938,170.25,4152260,169.7900625,169.9599375
2024-04-26 17:30:00+00:00,169.6999969482422,169.88999938964844,169.3699951171875,169.8800048828125,4417993,169.61514694976808,169.7848469467163
2024-04-26 18:30:00+00:00,169.99000549316406,170.11000061035156,169.52000427246094,169.6999969482422,4106101,169.90501049041748,170.07500049591064
2024-04-26 19:30:00+00:00,169.2899932861328,170.08999633789062,169.19000244140625,169.97999572753906,6146863,169.20534828948976,169.37463828277586
2024-04-29 13:30:00+00:00,174.75999450683594,176.02999877929688,173.1300048828125,173.38999938964844,22509930,174.67261450958253,174.84737450408934
2024-04-29 14:30:00+00:00,174.50999450683594,175.1300048828125,173.97999572753906,174.75,7830323,174.42273950958253,174.59724950408935
2024-04-29 15:30:00+00:00,174.3249969482422,174.82000732421875,174.00999450683594,174.5198974609375,5706873,174.2378344497681,174.4121594467163
2024-04-29 16:30:00+00:00,174.8699951171875,174.8887939453125,174.22000122070312,174.32769775390625,4546336,174.78256011962893,174.95743011474607
2024-04-29 17:30:00+00:00,174.2657928466797,175.10499572753906,174.08999633789062,174.8699951171875,4501161,174.17865995025636,174.35292574310301
2024-04-29 18:30:00+00:00,173.8249969482422,174.66000366210938,173.35150146484375,174.26010131835938,5832343,173.73808444976808,173.9119094467163
2024-04-29 19:30:00+00:00,173.49000549316406,173.97889709472656,173.1199951171875,173.8249969482422,5978948,173.4032604904175,173.57675049591063
2024-04-30 13:30:00+00:00,174.42999267578125,174.99000549316406,172.64999389648438,173.20199584960938,9649989,174.34277767944337,174.51720767211913
2024-04-30 14:30:00+00:00,173.86500549316406,174.94500732421875,173.72459411621094,174.4250030517578,6074161,173.77807299041748,173.95193799591064
2024-04-30 15:30:00+00:00,173.8365936279297,174.1999053955078,173.60499572753906,173.86990356445312,3446845,173.74967533111572,173.92351192474365
2024-04-30 16:30:00+00:00,173.27529907226562,173.92999267578125,173.22000122070312,173.83999633789062,4148810,173.1886614227295,173.36193672180175
2024-04-30 17:30:00+00:00,173.17999267578125,173.87989807128906,173.10000610351562,173.30499267578125,3964263,173.09340267944336,173.26658267211914
2024-04-30 18:30:00+00:00,172.72999572753906,173.34500122070312,172.55999755859375,173.1999969482422,4786101,172.6436307296753,172.81636072540283
2024-04-30 19:30:00+00:00,170.08999633789062,172.94000244140625,170.02000427246094,172.74000549316406,11784580,170.00495133972169,170.17504133605956
2024-05-01 13:30:00+00:00,170.81500244140625,171.07000732421875,169.11000061035156,170.0,8294097,170.72959494018556,170.90040994262694
2024-05-01 14:30:00+00:00,171.1699981689453,171.36000061035156,170.64500427246094,170.78500366210938,4272367,171.08441316986085,171.25558316802977
2024-05-01 15:30:00+00:00,171.38999938964844,171.72000122070312,171.10000610351562,171.1699981689453,4126555,171.30430438995361,171.47569438934326
2024-05-01 16:30:00+00:00,171.1199951171875,171.4499969482422,170.7550048828125,171.3800048828125,2863605,171.0344351196289,171.2055551147461
2024-05-01 17:30:00+00:00,171.42300415039062,171.50999450683594,170.61000061035156,171.125,4066520,171.33729264831544,171.5087156524658
2024-05-01 18:30:00+00:00,172.3699951171875,172.69000244140625,170.89500427246094,171.4199981689453,8561606,172.28381011962892,172.45618011474608
2024-05-01 19:30:00+00:00,169.2899932861328,172.38499450683594,169.25,172.38499450683594,9451344,169.20534828948976,169.37463828277586
2024-05-02 13:30:00+00:00,171.58999633789062,172.66000366210938,170.88999938964844,172.4199981689453,16705177,171.5042013397217,171.67579133605955
2024-05-02 14:30:00+00:00,171.60000610351562,172.0800018310547,171.4199981689453,171.5941925048828,6210532,171.51420610046387,171.68580610656738
2024-05-02 15:30:00+00:00,172.3498992919922,172.5050048828125,171.46249389648438,171.59719848632812,6639465,172.2637243423462,172.43607424163818
2024-05-02 16:30:00+00:00,172.6988983154297,172.77999877929688,171.94000244140625,172.34500122070312,5497209,172.612548866272,172.78524776458738
2024-05-02 17:30:00+00:00,172.89999389648438,172.94000244140625,172.41000366210938,172.6999969482422,6288261,172.81354389953614,172.9864438934326
2024-05-02 18:30:00+00:00,173.14999389648438,173.22000122070312,172.5500030517578,172.89999389648438,8749459,173.06341889953615,173.2365688934326
2024-05-02 19:30:00+00:00,173.08999633789062,173.4149932861328,172.5399932861328,173.14500427246094,9688076,173.0034513397217,173.17654133605956
2024-05-03 13:30:00+00:00,184.17999267578125,187.0,182.66000366210938,186.6699981689453,55819788,184.08790267944337,184.27208267211913
2024-05-03 14:30:00+00:00,184.64999389648438,184.99000549316406,183.5399932861328,184.19900512695312,17983283,184.55766889953614,184.7423188934326
2024-05-03 15:30:00+00:00,184.36000061035156,184.94000244140625,184.1300048828125,184.66000366210938,10376113,184.26782061004639,184.45218061065674
2024-05-03 16:30:00+00:00,185.360107421875,185.4949951171875,184.3000030517578,184.35989379882812,12652093,185.26742736816408,185.45278747558592
2024-05-03 17:30:00+00:00,185.75,185.86000061035156,184.80999755859375,185.36000061035156,12223485,185.657125,185.842875
2024-05-03 18:30:00+00:00,184.9949951171875,185.99000549316406,184.25999450683594,185.7550048828125,16502580,184.90249761962892,185.08749261474608
2024-05-03 19:30:00+00:00,183.38999938964844,185.00999450683594,183.0500030517578,185.0,14886978,183.2983043899536,183.48169438934326
2024-05-06 13:30:00+00:00,182.6199951171875,184.1699981689453,181.6300048828125,182.35400390625,21498066,182.5286851196289,182.7113051147461
2024-05-06 14:30:00+00:00,181.99710083007812,183.3800048828125,181.72999572753906,182.88999938964844,8234392,181.9061022796631,182.08809938049316
2024-05-06 15:30:00+00:00,181.60000610351562,182.39999389648438,181.5,182.0050048828125,7543780,181.50920610046387,181.69080610656738
2024-05-06 16:30:00+00:00,180.58999633789062,181.82989501953125,180.58120727539062,181.60000610351562,7567313,180.4997013397217,180.68029133605955
2024-05-06 17:30:00+00:00,180.80499267578125,181.33999633789062,180.4199981689453,180.58999633789062,7890598,180.71459017944338,180.89539517211912
2024-05-06 18:30:00+00:00,181.48060607910156,181.6199951171875,180.6999969482422,180.80999755859375,6903326,181.389865776062,181.57134638214112
2024-05-06 19:30:00+00:00,181.6999969482422,182.02000427246094,181.24000549316406,181.49000549316406,8524836,181.60914694976807,181.7908469467163
2024-05-07 13:30:00+00:00,182.83990478515625,184.89999389648438,182.7100067138672,183.4499969482422,23887519,182.7484848327637,182.9313247375488
2024-05-07 14:30:00+00:00,182.17999267578125,183.11000061035156,182.16000366210938,182.8249969482422,10527042,182.08890267944338,182.27108267211912
2024-05-07 15:30:00+00:00,181.52000427246094,182.356201171875,181.41000366210938,182.16000366210938,7432182,181.42924427032472,181.61076427459716
2024-05-07 16:30:00+00:00,182.55999755859375,182.72000122070312,181.32000732421875,181.52000427246094,6083145,182.46871755981445,182.65127755737305
2024-05-07 17:30:00+00:00,182.37600708007812,182.9199981689453,182.08999633789062,182.55999755859375,5530053,182.2848190765381,182.46719508361815
2024-05-07 18:30:00+00:00,182.63499450683594,182.77999877929688,182.1699981689453,182.3699951171875,4785926,182.54367700958252,182.72631200408935
2024-05-07 19:30:00+00:00,182.3699951171875,182.67999267578125,182.22000122070312,182.6300048828125,5031993,182.27881011962893,182.46118011474607
2024-05-08 13:30:00+00:00,181.91000366210938,182.9600067138672,181.4600067138672,182.7100067138672,10261929,181.81904866027833,182.00095866394042
2024-05-08 14:30:00+00:00,182.28500366210938,182.3800048828125,181.7550048828125,181.88999938964844,4657669,182.19386116027832,182.37614616394043
2024-05-08 15:30:00+00:00,182.33999633789062,182.61000061035156,181.8509979248047,182.28500366210938,4579068,182.2488263397217,182.43116633605956
2024-05-08 16:30:00+00:00,182.3000030517578,182.49000549316406,182.02999877929688,182.33999633789062,3047249,182.20885305023194,182.3911530532837
2024-05-08 17:30:00+00:00,182.68499755859375,182.72000122070312,182.2949981689453,182.30499267578125,3954343,182.59365505981447,182.77634005737303
2024-05-08 18:30:00+00:00,182.89010620117188,182.99000549316406,182.61000061035156,182.69000244140625,4937356,182.7986611480713,182.98155125427246
2024-05-08 19:30:00+00:00,182.74000549316406,183.0500030517578,182.68499755859375,182.89500427246094,5220918,182.6486354904175,182.83137549591063
2024-05-09 13:30:00+00:00,183.4199981689453,183.82989501953125,182.1199951171875,182.55999755859375,9634755,183.32828816986085,183.51170816802977
2024-05-09 14:30:00+00:00,183.63999938964844,183.86000061035156,183.11000061035156,183.4250030517578,5753829,183.54817938995362,183.73181938934326
2024-05-09 15:30:00+00:00,183.60499572753906,183.83999633789062,183.43499755859375,183.64999389648438,4233577,183.5131932296753,183.69679822540283
2024-05-09 16:30:00+00:00,184.3800048828125,184.5,183.53990173339844,183.60499572753906,6031102,184.28781488037112,184.47219488525388
2024-05-09 17:30:00+00:00,184.25,184.64999389648438,184.05999755859375,184.38999938964844,4829910,184.15787500000002,184.34212499999998
2024-05-09 18:30:00+00:00,184.31500244140625,184.61500549316406,184.22000122070312,184.24000549316406,4012982,184.22284494018555,184.40715994262695
2024-05-09 19:30:00+00:00,184.64999389648438,184.64999389648438,184.3000030517578,184.30999755859375,5820164,184.55766889953614,184.7423188934326
2024-05-10 13:30:00+00:00,183.2050018310547,185.08999633789062,183.14999389648438,184.9199981689453,12508339,183.11339933013917,183.2966043319702
2024-05-10 14:30:00+00:00,182.69000244140625,183.3997039794922,182.25999450683594,183.2100067138672,7423228,182.59865744018555,182.78134744262695
2024-05-10 15:30:00+00:00,182.48880004882812,182.73500061035156,182.2449951171875,182.6999969482422,3801053,182.39755564880372,182.58004444885253
2024-05-10 16:30:00+00:00,182.39500427246094,182.58999633789062,182.2100067138672,182.48500061035156,2997546,182.3038067703247,182.48620177459716
2024-05-10 17:30:00+00:00,182.74000549316406,182.85000610351562,182.1300048828125,182.38999938964844,4477086,182.6486354904175,182.83137549591063
2024-05-10 18:30:00+00:00,182.94000244140625,182.9600067138672,182.57000732421875,182.72999572753906,4005294,182.84853244018555,183.03147244262695
2024-05-10 19:30:00+00:00,183.0,183.1999969482422,182.7899932861328,182.94000244140625,5183512,182.9085,183.0915
2024-05-13 13:30:00+00:00,185.68899536132812,185.86500549316406,184.6199951171875,185.43499755859375,13788872,185.59615086364747,185.78183985900878
2024-05-13 14:30:00+00:00,185.9199981689453,186.42999267578125,185.6300048828125,185.68499755859375,9423195,185.82703816986086,186.01295816802977
2024-05-13 15:30:00+00:00,186.2899932861328,186.5,185.77999877929688,185.9149932861328,7602808,186.19684828948976,186.38313828277586
2024-05-13 16:30:00+00:00,186.65859985351562,186.92999267578125,186.25,186.2899932861328,8098301,186.56527055358887,186.75192915344238
2024-05-13 17:30:00+00:00,186.6501007080078,186.9499969482422,186.3699951171875,186.66000366210938,5453676,186.55677565765382,186.7434257583618
2024-05-13 18:30:00+00:00,186.98989868164062,187.10000610351562,186.55999755859375,186.65989685058594,6516486,186.8964037322998,187.08339363098145
2024-05-13 19:30:00+00:00,186.28500366210938,187.02999877929688,186.07000732421875,186.98500061035156,9250536,186.19186116027834,186.37814616394041
2024-05-14 13:30:00+00:00,187.00999450683594,188.3000030517578,186.5500030517578,187.64999389648438,14754549,186.91648950958253,187.10349950408934
2024-05-14 14:30:00+00:00,186.97999572753906,187.1999969482422,186.2899932861328,187.00999450683594,4957021,186.8865057296753,187.07348572540283
2024-05-14 15:30:00+00:00,186.8000030517578,187.0,186.52000427246094,186.98500061035156,3617615,186.70660305023193,186.8934030532837
2024-05-14 16:30:00+00:00,186.52999877929688,186.9499969482422,186.4510040283203,186.8000030517578,3012019,186.43673377990723,186.62326377868652
2024-05-14 17:30:00+00:00,187.32940673828125,187.3699951171875,186.48500061035156,186.53500366210938,5421425,187.2357420349121,187.4230714416504
2024-05-14 18:30:00+00:00,187.7449951171875,187.80999755859375,187.1999969482422,187.3249969482422,4923069,187.65112261962892,187.83886761474608
2024-05-14 19:30:00+00:00,187.38999938964844,187.91000366210938,187.16000366210938,187.75,5635981,187.29630438995363,187.48369438934324
2024-05-15 13:30:00+00:00,189.57899475097656,189.72999572753906,187.3800048828125,187.97999572753906,15211599,189.4842052536011,189.67378424835204
2024-05-15 14:30:00+00:00,189.9199981689453,190.07000732421875,189.52000427246094,189.5800018310547,10479415,189.82503816986085,190.01495816802978
2024-05-15 15:30:00+00:00,190.15499877929688,190.2100067138672,189.5399932861328,189.9250030517578,5434851,190.05992127990723,190.25007627868652
2024-05-15 16:30:00+00:00,190.3699951171875,190.64999389648438,190.13999938964844,190.15499877929688,6113081,190.2748101196289,190.4651801147461
2024-05-15 17:30:00+00:00,189.92999267578125,190.5500030517578,189.8603057861328,190.3800048828125,5363162,189.83502767944336,190.02495767211914
2024-05-15 18:30:00+00:00,189.875,190.25999450683594,189.82000732421875,189.9250030517578,6702029,189.7800625,189.9699375
2024-05-15 19:30:00+00:00,189.74000549316406,190.1199951171875,189.5,189.8800048828125,8181060,189.6451354904175,189.83487549591064
2024-05-16 13:30:00+00:00,190.5802001953125,191.09500122070312,189.97500610351562,190.51600646972656,13478830,190.48491009521484,190.67549029541016
2024-05-16 14:30:00+00:00,189.9698944091797,190.75,189.72500610351562,190.5850067138672,6494017,189.8749094619751,190.06487935638427
2024-05-16 15:30:00+00:00,190.32110595703125,190.3800048828125,189.76499938964844,189.96499633789062,5165187,190.22594540405274,190.41626651000976
2024-05-16 16:30:00+00:00,190.00999450683594,190.48809814453125,189.97000122070312,190.32949829101562,3483587,189.91498950958254,190.10499950408934
2024-05-16 17:30:00+00:00,189.92739868164062,190.25999450683594,189.75999450683594,190.00050354003906,3578815,189.83243498229982,190.02236238098143
2024-05-16 18:30:00+00:00,189.88499450683594,190.10000610351562,189.83999633789062,189.9199981689453,3752308,189.79005200958252,189.97993700408935
2024-05-16 19:30:00+00:00,189.89999389648438,190.22000122070312,189.66009521484375,189.88999938964844,6377484,189.80504389953614,189.9949438934326
2024-05-17 13:30:00+00:00,190.1501007080078,190.80999755859375,189.22000122070312,189.3800048828125,10313420,190.05502565765383,190.2451757583618
2024-05-17 14:30:00+00:00,189.69700622558594,190.3000030517578,189.65199279785156,190.16000366210938,3636563,189.60215772247315,189.79185472869872
2024-05-17 15:30:00+00:00,189.7899932861328,189.9600067138672,189.42010498046875,189.69000244140625,3477507,189.69509828948975,189.88488828277588
2024-05-17 16:30:00+00:00,189.68499755859375,189.99000549316406,189.5811004638672,189.7949981689453,2227185,189.59015505981446,189.77984005737304
2024-05-17 17:30:00+00:00,189.67999267578125,189.875,189.3800048828125,189.69000244140625,3173599,189.58515267944338,189.77483267211912
2024-05-17 18:30:00+00:00,190.10830688476562,190.1300048828125,189.6199951171875,189.6649932861328,3544941,190.01325273132326,190.203361038208
2024-05-17 19:30:00+00:00,189.92999267578125,190.14999389648438,189.75039672851562,190.10499572753906,5767398,189.83502767944336,190.02495767211914
2024-05-20 13:30:00+00:00,191.60499572753906,191.77000427246094,189.00999450683594,189.35000610351562,11170451,191.5091932296753,191.70079822540282
2024-05-20 14:30:00+00:00,191.17999267578125,191.91990661621094,191.1699981689453,191.60000610351562,6619615,191.08440267944337,191.27558267211913
2024-05-20 15:30:00+00:00,191.1649932861328,191.50999450683594,191.02000427246094,191.1750030517578,3353981,191.06941078948975,191.26057578277587
2024-05-20 16:30:00+00:00,191.46499633789062,191.80499267578125,191.16000366210938,191.16000366210938,3398871,191.3692638397217,191.56072883605955
2024-05-20 17:30:00+00:00,191.41000366210938,191.6199951171875,191.16009521484375,191.46400451660156,2512725,191.31429866027833,191.50570866394042
2024-05-20 18:30:00+00:00,191.31399536132812,191.5,191.0800018310547,191.41000366210938,3014420,191.21833836364746,191.4096523590088
2024-05-20 19:30:00+00:00,191.0800018310547,191.34800720214844,190.80999755859375,191.30999755859375,4813353,190.98446183013917,191.1755418319702
2024-05-21 13:30:00+00:00,192.2100067138672,192.58999633789062,190.92010498046875,191.08999633789062,9575653,192.11390171051028,192.3061117172241
2024-05-21 14:30:00+00:00,192.28269958496094,192.64990234375,191.86000061035156,192.22999572753906,5835087,192.18655823516846,192.3788409347534
2024-05-21 15:30:00+00:00,192.17909240722656,192.42300415039062,191.8300018310547,192.2899932861328,3296315,192.08300286102295,192.27518195343018
2024-05-21 16:30:00+00:00,192.36000061035156,192.38499450683594,191.77999877929688,192.1750030517578,3030314,192.2638206100464,192.45618061065673
2024-05-21 17:30:00+00:00,192.51499938964844,192.5399932861328,192.2949981689453,192.3699951171875,3614416,192.41874188995362,192.61125688934325
2024-05-21 18:30:00+00:00,192.52999877929688,192.67999267578125,192.39999389648438,192.51499938964844,3655229,192.43373377990724,192.6262637786865
2024-05-21 19:30:00+00:00,192.36000061035156,192.72999572753906,192.27999877929688,192.52999877929688,5302236,192.2638206100464,192.45618061065673
2024-05-22 13:30:00+00:00,192.71499633789062,192.82310485839844,191.97999572753906,192.25,6192624,192.61863883972168,192.81135383605957
2024-05-22 14:30:00+00:00,192.13999938964844,192.75999450683594,192.0330047607422,192.71499633789062,3840572,192.04392938995363,192.23606938934324
2024-05-22 15:30:00+00:00,191.6199951171875,192.1999969482422,191.52499389648438,192.13999938964844,3221517,191.52418511962892,191.71580511474608
2024-05-22 16:30:00+00:00,191.3699951171875,191.72999572753906,191.0800018310547,191.61500549316406,2593453,191.27431011962892,191.46568011474608
2024-05-22 17:30:00+00:00,190.60000610351562,191.42999267578125,190.27000427246094,191.36000061035156,3969834,190.50470610046386,190.6953061065674
2024-05-22 18:30:00+00:00,190.9398956298828,190.94000244140625,190.52000427246094,190.59500122070312,2705299,190.84442568206788,191.03536557769775
2024-05-22 19:30:00+00:00,190.97999572753906,191.30499267578125,190.3800048828125,190.9300994873047,4670368,190.8845057296753,191.0754857254028
2024-05-23 13:30:00+00:00,189.0500030517578,191.0,188.5050048828125,191.0,10163386,188.95547805023193,189.1445280532837
2024-05-23 14:30:00+00:00,189.4499969482422,189.69000244140625,188.67999267578125,189.05999755859375,6137975,189.35527194976808,189.5447219467163
2024-05-23 15:30:00+00:00,189.52499389648438,189.7100067138672,189.07000732421875,189.4550018310547,3243022,189.43023139953615,189.6197563934326
2024-05-23 16:30:00+00:00,188.64010620117188,189.59950256347656,188.42999267578125,189.52499389648438,3640141,188.5457861480713,188.73442625427245
2024-05-23 17:30:00+00:00,187.7050018310547,188.68499755859375,187.30999755859375,188.64999389648438,5194146,187.61114933013917,187.7988543319702
2024-05-23 18:30:00+00:00,187.6199951171875,187.8000030517578,187.16000366210938,187.6999969482422,4566990,187.5261851196289,187.7138051147461
2024-05-23 19:30:00+00:00,186.91000366210938,187.82000732421875,186.625,187.6199951171875,5803901,186.81654866027833,187.00345866394042
2024-05-24 13:30:00+00:00,189.52000427246094,189.52000427246094,188.0404052734375,188.82000732421875,9165795,189.42524427032473,189.61476427459715
2024-05-24 14:30:00+00:00,190.1199951171875,190.2899932861328,189.25999450683594,189.51499938964844,4878308,190.0249351196289,190.2150551147461
2024-05-24 15:30:00+00:00,190.37989807128906,190.5800018310547,189.72999572753906,190.11000061035156,3569741,190.28470812225342,190.4750880203247
2024-05-24 16:30:00+00:00,190.4149932861328,190.55999755859375,190.22999572753906,190.3800048828125,2486685,190.31978578948974,190.51020078277588
2024-05-24 17:30:00+00:00,190.14999389648438,190.46499633789062,190.05499267578125,190.4199981689453,3081217,190.05491889953615,190.2450688934326
2024-05-24 18:30:00+00:00,190.08999633789062,190.38999938964844,189.93499755859375,190.14999389648438,2750429,189.9949513397217,190.18504133605956
2024-05-24 19:30:00+00:00,190.0,190.24000549316406,189.82000732421875,190.0850067138672,3538245,189.905,190.095
2024-05-28 13:30:00+00:00,191.63999938964844,192.99000549316406,190.33999633789062,191.53199768066406,15396828,191.54417938995363,191.73581938934325
2024-05-28 14:30:00+00:00,191.6199951171875,191.77000427246094,191.13009643554688,191.6300048828125,5008372,191.52418511962892,191.71580511474608
2024-05-28 15:30:00+00:00,191.2550048828125,191.9499969482422,191.05999755859375,191.61000061035156,4381780,191.1593773803711,191.3506323852539
2024-05-28 16:30:00+00:00,190.875,191.45899963378906,190.86000061035156,191.2501983642578,3205058,190.7795625,190.9704375
2024-05-28 17:30:00+00:00,189.72979736328125,190.9600067138672,189.64999389648438,190.875,4766217,189.63493246459961,189.82466226196289
2024-05-28 18:30:00+00:00,189.53280639648438,189.8699951171875,189.10000610351562,189.72500610351562,5144489,189.43803999328614,189.6275727996826
2024-05-28 19:30:00+00:00,190.10000610351562,190.10000610351562,189.3300018310547,189.53799438476562,4991097,190.0049561004639,190.19505610656736
2024-05-29 13:30:00+00:00,191.85000610351562,192.2469940185547,189.50999450683594,189.50999450683594,12968690,191.75408110046388,191.94593110656737
2024-05-29 14:30:00+00:00,191.48370361328125,192.24000549316406,191.125,191.84890747070312,6819860,191.38796176147463,191.57944546508787
2024-05-29 15:30:00+00:00,191.75999450683594,191.77999877929688,191.0800018310547,191.48500061035156,4646271,191.66411450958253,191.85587450408934
2024-05-29 16:30:00+00:00,191.7949981689453,192.02999877929688,191.5030059814453,191.7624969482422,3262501,191.69910066986085,191.89089566802977
2024-05-29 17:30:00+00:00,191.5601043701172,191.97000122070312,191.30999755859375,191.7899932861328,4166095,191.46432431793215,191.65588442230222
2024-05-29 18:30:00+00:00,191.13999938964844,191.6300048828125,190.72000122070312,191.55999755859375,4716309,191.04442938995362,191.23556938934325
2024-05-29 19:30:00+00:00,190.3699951171875,191.2100067138672,189.95989990234375,191.13999938964844,6936004,190.2748101196289,190.4651801147461
2024-05-30 13:30:00+00:00,191.44500732421875,192.10000610351562,190.6300048828125,190.78500366210938,11192477,191.34928482055665,191.54072982788085
2024-05-30 14:30:00+00:00,191.69500732421875,191.82400512695312,191.0,191.4499969482422,5533218,191.59915982055665,191.79085482788085
2024-05-30 15:30:00+00:00,191.25999450683594,191.75,191.10000610351562,191.6699981689453,2975839,191.16436450958253,191.35562450408935
2024-05-30 16:30:00+00:00,192.07870483398438,192.13999938964844,191.2050018310547,191.25999450683594,3757523,191.98266548156738,192.17474418640137
2024-05-30 17:30:00+00:00,191.53500366210938,192.17999267578125,191.36000061035156,192.0800018310547,3362017,191.43923616027834,191.6307711639404
2024-05-30 18:30:00+00:00,191.56500244140625,191.8000030517578,191.41000366210938,191.5366973876953,4143522,191.46921994018555,191.66078494262695
2024-05-30 19:30:00+00:00,191.2899932861328,191.83999633789062,190.85000610351562,191.5800018310547,6616325,191.19434828948977,191.38563828277586
2024-05-31 13:30:00+00:00,191.69000244140625,192.57000732421875,191.27000427246094,191.44000244140625,10359581,191.59415744018557,191.78584744262693
2024-05-31 14:30:00+00:00,190.41000366210938,191.97000122070312,190.10000610351562,191.69000244140625,6925875,190.31479866027834,190.5052086639404
2024-05-31 15:30:00+00:00,190.19720458984375,190.7073974609375,189.91000366210938,190.38999938964844,4332092,190.10210598754884,190.29230319213866
2024-05-31 16:30:00+00:00,190.57000732421875,190.58999633789062,189.91000366210938,190.1999969482422,3119084,190.47472232055665,190.66529232788085
2024-05-31 17:30:00+00:00,190.55499267578125,190.82000732421875,190.3800048828125,190.57000732421875,2877661,190.45971517944338,190.65027017211912
2024-05-31 18:30:00+00:00,191.02999877929688,191.26980590820312,190.3300018310547,190.5500030517578,6023627,190.93448377990723,191.12551377868652
2024-05-31 19:30:00+00:00,192.47000122070312,192.49000549316406,190.89999389648438,191.02000427246094,9872872,192.3737662200928,192.56623622131346
2024-06-03 13:30:00+00:00,194.8350067138672,194.99000549316406,192.52999877929688,192.97999572753906,14806084,194.73758921051027,194.9324242172241
2024-06-03 14:30:00+00:00,194.1300048828125,194.9199981689453,193.5800018310547,194.8300018310547,6469352,194.03293988037112,194.22706988525388
2024-06-03 15:30:00+00:00,193.28939819335938,194.38999938964844,193.24000549316406,194.1199951171875,4781872,193.19275349426272,193.38604289245603
2024-06-03 16:30:00+00:00,193.7899932861328,193.82640075683594,192.83999633789062,193.27999877929688,4233538,193.69309828948977,193.88688828277586
2024-06-03 17:30:00+00:00,193.10000610351562,194.05499267578125,193.08999633789062,193.75999450683594,3561086,193.00345610046386,193.19655610656739
2024-06-03 18:30:00+00:00,193.35400390625,193.52000427246094,192.91009521484375,193.10000610351562,3785048,193.2573269042969,193.4506809082031
2024-06-03 19:30:00+00:00,194.08999633789062,194.11000061035156,193.27999877929688,193.36000061035156,5118764,193.99295133972169,194.18704133605956
2024-06-04 13:30:00+00:00,194.02999877929688,195.0,193.03419494628906,194.72000122070312,10693104,193.93298377990723,194.12701377868652
2024-06-04 14:30:00+00:00,194.0500030517578,194.39999389648438,193.66000366210938,194.02499389648438,5032304,193.95297805023193,194.1470280532837
2024-06-04 15:30:00+00:00,194.47000122070312,194.49000549316406,193.71499633789062,194.05499267578125,3593838,194.37276622009279,194.56723622131346
2024-06-04 16:30:00+00:00,194.80499267578125,194.82000732421875,194.33999633789062,194.47000122070312,3308960,194.70759017944337,194.90239517211913
2024-06-04 17:30:00+00:00,195.23500061035156,195.32000732421875,194.41000366210938,194.80999755859375,5053574,195.1373831100464,195.33261811065674
2024-06-04 18:30:00+00:00,194.5072021484375,195.32000732421875,193.92999267578125,195.22999572753906,5071285,194.40994854736329,194.60445574951171
2024-06-04 19:30:00+00:00,194.36500549316406,194.8699951171875,194.17999267578125,194.5050048828125,4327507,194.2678229904175,194.46218799591063
2024-06-05 13:30:00+00:00,195.375,196.4199981689453,194.8800048828125,195.4199981689453,11655383,195.27731250000002,195.47268749999998
2024-06-05 14:30:00+00:00,196.13999938964844,196.1699981689453,195.19500732421875,195.3800048828125,6044987,196.04192938995362,196.23806938934325
2024-06-05 15:30:00+00:00,195.9250030517578,196.89999389648438,195.82000732421875,196.13999938964844,6551624,195.82704055023194,196.02296555328368
2024-06-05 16:30:00+00:00,195.88519287109375,196.25999450683594,195.60009765625,195.9199981689453,4380580,195.78725027465822,195.98313546752928
2024-06-05 17:30:00+00:00,196.2050018310547,196.6999969482422,195.8800048828125,195.8800048828125,5004091,196.10689933013916,196.30310433197022
2024-06-05 18:30:00+00:00,196.139892578125,196.44000244140625,195.72000122070312,196.1999969482422,4731794,196.04182263183594,196.23796252441406
2024-06-05 19:30:00+00:00,195.89999389648438,196.4499969482422,195.6199951171875,196.1300048828125,6222302,195.80204389953613,195.99794389343262
2024-06-06 13:30:00+00:00,195.9199981689453,196.5,195.2100067138672,195.68499755859375,9631306,195.82203816986086,196.01795816802976
2024-06-06 14:30:00+00:00,195.8350067138672,196.0,195.44000244140625,195.91000366210938,4451666,195.73708921051028,195.9329242172241
2024-06-06 15:30:00+00:00,195.6699981689453,195.83999633789062,195.41000366210938,195.8350067138672,3210636,195.57216316986086,195.76783316802977
2024-06-06 16:30:00+00:00,195.6479949951172,196.07000732421875,195.46499633789062,195.6768035888672,3210252,195.55017099761963,195.74581899261474
2024-06-06 17:30:00+00:00,195.54449462890625,195.73500061035156,194.9499969482422,195.64500427246094,3816320,195.4467223815918,195.6422668762207
2024-06-06 18:30:00+00:00,195.39300537109375,195.54080200195312,195.02000427246094,195.5399932861328,3431671,195.29530886840823,195.49070187377927
2024-06-06 19:30:00+00:00,194.47999572753906,195.5,194.1699981689453,195.39500427246094,5961018,194.3827557296753,194.57723572540283
2024-06-07 13:30:00+00:00,194.80999755859375,195.75,194.13999938964844,194.66000366210938,10154074,194.71259255981445,194.90740255737305
2024-06-07 14:30:00+00:00,195.6199951171875,195.97000122070312,194.74009704589844,194.80499267578125,6480520,195.52218511962892,195.71780511474608
2024-06-07 15:30:00+00:00,195.9550018310547,196.18499755859375,195.60000610351562,195.625,7373793,195.85702433013918,196.0529793319702
2024-06-07 16:30:00+00:00,196.36000061035156,196.49000549316406,195.7100067138672,195.9600067138672,4552773,196.26182061004639,196.45818061065674
2024-06-07 17:30:00+00:00,195.8699951171875,196.5800018310547,195.72000122070312,196.36000061035156,5669748,195.77206011962892,195.96793011474608
2024-06-07 18:30:00+00:00,196.4394989013672,196.44000244140625,195.5800018310547,195.86000061035156,4413006,196.34127915191652,196.53771865081785
2024-06-07 19:30:00+00:00,196.89999389648438,196.94000244140625,196.24000549316406,196.43499755859375,7738011,196.80154389953614,196.9984438934326
2024-06-10 13:30:00+00:00,195.6199951171875,197.2816925048828,194.8300018310547,197.1999969482422,15640700,195.52218511962892,195.71780511474608
2024-06-10 14:30:00+00:00,195.55419921875,195.74000549316406,195.25,195.6217041015625,5515526,195.45642211914063,195.65197631835937
2024-06-10 15:30:00+00:00,195.88839721679688,196.2100067138672,195.07000732421875,195.55999755859375,6844150,195.7904530181885,195.98634141540526
2024-06-10 16:30:00+00:00,195.4250030517578,196.3800048828125,195.11000061035156,195.88999938964844,7537803,195.32729055023194,195.5227155532837
2024-06-10 17:30:00+00:00,193.16000366210938,196.4499969482422,192.14999389648438,195.44000244140625,23696662,193.06342366027832,193.25658366394043
2024-06-10 18:30:00+00:00,192.96499633789062,194.3000030517578,192.3300018310547,193.14999389648438,17145821,192.8685138397217,193.06147883605956
2024-06-10 19:30:00+00:00,193.1300048828125,193.19000244140625,192.2899932861328,192.9600067138672,9924521,193.0334398803711,193.2265698852539
2024-06-11 13:30:00+00:00,200.89999389648438,201.0449981689453,193.63999938964844,193.66000366210938,41754118,200.79954389953613,201.00044389343262
2024-06-11 14:30:00+00:00,204.40989685058594,204.50999450683594,200.8800048828125,200.8925018310547,33923446,204.30769190216066,204.51210179901122
2024-06-11 15:30:00+00:00,204.22500610351562,205.4499969482422,203.4499969482422,204.39500427246094,23287350,204.12289360046387,204.32711860656738
2024-06-11 16:30:00+00:00,205.0399932861328,206.02999877929688,203.8000030517578,204.2476043701172,15916325,204.93747328948976,205.14251328277587
2024-06-11 17:30:00+00:00,205.0800018310547,205.41000366210938,204.44000244140625,205.02999877929688,11453848,204.97746183013916,205.1825418319702
2024-06-11 18:30:00+00:00,205.72999572753906,205.92999267578125,204.6999969482422,205.08999633789062,12935816,205.62713072967532,205.8328607254028
2024-06-11 19:30:00+00:00,207.13999938964844,207.16000366210938,205.49000549316406,205.72999572753906,16510894,207.0364293899536,207.24356938934326
2024-06-12 13:30:00+00:00,215.23500061035156,215.99000549316406,206.91000366210938,207.36000061035156,56496065,215.1273831100464,215.34261811065673
2024-06-12 14:30:00+00:00,217.58009338378906,218.1199951171875,214.67999267578125,215.22000122070312,28525914,217.47130333709717,217.68888343048096
2024-06-12 15:30:00+00:00,215.35000610351562,217.60000610351562,215.27000427246094,217.5800018310547,17483667,215.24233110046387,215.45768110656738
2024-06-12 16:30:00+00:00,216.92999267578125,217.36000061035156,214.86099243164062,215.33059692382812,12561436,216.82152767944336,217.03845767211914
2024-06-12 17:30:00+00:00,218.960205078125,219.3249969482422,216.4600067138672,216.92750549316406,17876803,218.85072497558596,219.06968518066404
2024-06-12 18:30:00+00:00,217.72999572753906,220.1999969482422,217.3699951171875,218.95010375976562,23575609,217.62113072967531,217.8388607254028
2024-06-12 19:30:00+00:00,213.1116943359375,217.75999450683594,212.83999633789062,217.74000549316406,27633505,213.00513848876955,213.21825018310545
2024-06-13 13:30:00+00:00,213.85020446777344,216.75,213.13999938964844,214.77999877929688,30111186,213.74327936553956,213.9571295700073
2024-06-13 14:30:00+00:00,213.44500732421875,214.5590057373047,212.17010498046875,213.8643035888672,11890302,213.33828482055665,213.55172982788085
2024-06-13 15:30:00+00:00,212.10000610351562,214.06179809570312,211.60000610351562,213.43589782714844,8952250,211.9939561004639,212.20605610656736
2024-06-13 16:30:00+00:00,213.60000610351562,213.74000549316406,212.02999877929688,212.11000061035156,6757287,213.49320610046388,213.70680610656737
2024-06-13 17:30:00+00:00,213.19000244140625,213.7899932861328,212.4001007080078,213.60499572753906,6146495,213.08340744018557,213.29659744262693
2024-06-13 18:30:00+00:00,214.33999633789062,214.39999389648438,213.0399932861328,213.1999969482422,12111802,214.2328263397217,214.44716633605955
2024-06-13 19:30:00+00:00,214.1300048828125,214.8800048828125,213.83200073242188,214.3300018310547,9252524,214.0229398803711,214.2370698852539
2024-06-14 13:30:00+00:00,213.38999938964844,215.1699981689453,212.6199951171875,213.80999755859375,16970905,213.28330438995363,213.49669438934325
2024-06-14 14:30:00+00:00,213.59500122070312,213.91990661621094,212.66000366210938,213.38999938964844,9007098,213.4882037200928,213.70179872131345
2024-06-14 15:30:00+00:00,211.75,213.82000732421875,211.6699981689453,213.59500122070312,9057332,211.644125,211.855875
2024-06-14 16:30:00+00:00,211.77999877929688,212.2790069580078,211.3000030517578,211.75,6971182,211.67410877990724,211.8858887786865
2024-06-14 17:30:00+00:00,212.22500610351562,212.4499969482422,211.69000244140625,211.77999877929688,5419804,212.11889360046388,212.33111860656737
2024-06-14 18:30:00+00:00,212.3800048828125,212.38999938964844,211.67999267578125,212.22950744628906,5080813,212.2738148803711,212.4861948852539
2024-06-14 19:30:00+00:00,212.52000427246094,212.58790588378906,211.4199981689453,212.375,7731194,212.4137442703247,212.62626427459716
2024-06-17 13:30:00+00:00,216.09140014648438,216.49000549316406,212.72000122070312,213.3000030517578,23579228,215.98335444641114,216.1994458465576
2024-06-17 14:30:00+00:00,216.3314971923828,217.3300018310547,215.3300018310547,216.08999633789062,11752782,216.22333144378663,216.439662940979
2024-06-17 15:30:00+00:00,216.5399932861328,217.07000732421875,215.82000732421875,216.3300018310547,7605894,216.43172328948975,216.64826328277587
2024-06-17 16:30:00+00:00,217.82000732421875,218.10000610351562,216.1300048828125,216.5399932861328,7465754,217.71109732055666,217.92891732788084
2024-06-17 17:30:00+00:00,218.35000610351562,218.75,217.75,217.8300018310547,8525981,218.24083110046388,218.45918110656737
2024-06-17 18:30:00+00:00,218.15499877929688,218.94500732421875,217.9600067138672,218.34519958496094,9383966,218.04592127990725,218.2640762786865
2024-06-17 19:30:00+00:00,216.7100067138672,218.33999633789062,215.47999572753906,218.16000366210938,11852085,216.60165171051025,216.81836171722412
2024-06-18 13:30:00+00:00,215.30999755859375,218.6300048828125,214.44000244140625,217.61000061035156,21562377,215.20234255981447,215.41765255737303
2024-06-18 14:30:00+00:00,214.36000061035156,215.8000030517578,213.44000244140625,215.30999755859375,11158176,214.2528206100464,214.46718061065673
2024-06-18 15:30:00+00:00,213.22000122070312,214.44000244140625,213.0,214.35499572753906,7665650,213.11339122009278,213.32661122131347
2024-06-18 16:30:00+00:00,213.66000366210938,214.22999572753906,213.2165069580078,213.22000122070312,7074821,213.55317366027833,213.76683366394042
2024-06-18 17:30:00+00:00,213.72300720214844,214.05569458007812,213.07000732421875,213.66000366210938,5483651,213.61614569854737,213.8298687057495
2024-06-18 18:30:00+00:00,214.64999389648438,214.91000366210938,213.4001007080078,213.72500610351562,7084903,214.54266889953615,214.7573188934326
2024-06-18 19:30:00+00:00,214.3800048828125,215.10000610351562,213.91000366210938,214.64500427246094,7980426,214.2728148803711,214.4871948852539
2024-06-20 13:30:00+00:00,211.6385955810547,214.24000549316406,211.47999572753906,213.92999267578125,18864147,211.53277628326418,211.7444148788452
2024-06-20 14:30:00+00:00,209.53500366210938,211.97000122070312,209.52999877929688,211.6300048828125,12783233,209.43023616027833,209.63977116394042
2024-06-20 15:30:00+00:00,209.52499389648438,211.1699981689453,209.4199981689453,209.5399932861328,9155236,209.42023139953614,209.62975639343261
2024-06-20 16:30:00+00:00,209.3800048828125,210.28990173339844,209.1300048828125,209.52999877929688,6958427,209.2753148803711,209.4846948852539
2024-06-20 17:30:00+00:00,210.0399932861328,210.60000610351562,209.2100067138672,209.3699951171875,6536332,209.93497328948976,210.14501328277586
2024-06-20 18:30:00+00:00,209.67320251464844,210.1699981689453,209.16000366210938,210.0399932861328,8591610,209.56836591339112,209.77803911590576
2024-06-20 19:30:00+00:00,209.55999755859375,209.75,208.85000610351562,209.6750030517578,9279123,209.45521755981446,209.66477755737304
2024-06-21 13:30:00+00:00,210.82009887695312,211.88999938964844,209.58999633789062,210.38999938964844,29890095,210.71468882751466,210.9255089263916
2024-06-21 14:30:00+00:00,210.82000732421875,211.43479919433594,210.4199981689453,210.8300018310547,9274770,210.71459732055666,210.92541732788084
2024-06-21 15:30:00+00:00,211.10000610351562,211.6300048828125,210.72000122070312,210.82000732421875,4060107,210.99445610046388,211.20555610656737
2024-06-21 16:30:00+00:00,210.05999755859375,211.10989379882812,209.85000610351562,211.08999633789062,8297469,209.95496755981446,210.16502755737304
2024-06-21 17:30:00+00:00,210.84500122070312,210.97999572753906,209.9499969482422,210.05999755859375,5231252,210.7395787200928,210.95042372131346
2024-06-21 18:30:00+00:00,210.4199981689453,210.97000122070312,209.97000122070312,210.83999633789062,9306373,210.31478816986086,210.52520816802976
2024-06-21 19:30:00+00:00,207.11000061035156,210.85000610351562,207.11000061035156,210.4149932861328,19612185,207.0064456100464,207.21355561065673
2024-06-24 13:30:00+00:00,209.0050048828125,209.55999755859375,206.58999633789062,207.72000122070312,15818722,208.9005023803711,209.1095073852539
2024-06-24 14:30:00+00:00,212.36549377441406,212.6999969482422,208.9199981689453,209.0,13997902,212.25931102752688,212.47167652130125
2024-06-24 15:30:00+00:00,210.91000366210938,212.61000061035156,210.6300048828125,212.3800048828125,8594567,210.80454866027833,211.01545866394042
2024-06-24 16:30:00+00:00,210.0050048828125,211.0,209.39199829101562,210.91000366210938,6365972,209.9000023803711,210.1100073852539
2024-06-24 17:30:00+00:00,209.3699951171875,210.08999633789062,208.8800048828125,210.0,5647376,209.2653101196289,209.4746801147461
2024-06-24 18:30:00+00:00,208.85899353027344,209.50999450683594,208.52000427246094,209.3800048828125,5602001,208.7545640335083,208.96342302703857
2024-06-24 19:30:00+00:00,208.14999389648438,208.91000366210938,207.8446044921875,208.85000610351562,8540682,208.04591889953613,208.25406889343262
2024-06-25 13:30:00+00:00,209.79989624023438,211.3800048828125,208.61000061035156,209.0800018310547,14332677,209.69499629211427,209.90479618835448
2024-06-25 14:30:00+00:00,209.7100067138672,210.25999450683594,209.20010375976562,209.8000030517578,6546201,209.60515171051026,209.81486171722412
2024-06-25 15:30:00+00:00,210.03140258789062,210.48500061035156,209.7100067138672,209.72000122070312,3540240,209.9263868865967,210.13641828918455
2024-06-25 16:30:00+00:00,210.11500549316406,210.19000244140625,209.3800048828125,210.02999877929688,3379196,210.0099479904175,210.22006299591064
2024-06-25 17:30:00+00:00,210.66000366210938,210.67010498046875,209.94000244140625,210.11500549316406,3356142,210.55467366027833,210.76533366394042
2024-06-25 18:30:00+00:00,210.14010620117188,210.66900634765625,209.88999938964844,210.65890502929688,3656016,210.0350361480713,210.24517625427245
2024-06-25 19:30:00+00:00,209.0760040283203,210.13999938964844,208.82000732421875,210.13999938964844,5902321,208.97146602630616,209.18054203033446
2024-06-26 13:30:00+00:00,212.36000061035156,213.0,210.63999938964844,211.44000244140625,15333791,212.2538206100464,212.46618061065672
2024-06-26 14:30:00+00:00,213.2100067138672,213.74000549316406,212.343994140625,212.3699951171875,8758442,213.10340171051027,213.3166117172241
2024-06-26 15:30:00+00:00,214.34500122070312,214.77999877929688,213.02999877929688,213.2100067138672,6975792,214.23782872009278,214.45217372131347
2024-06-26 16:30:00+00:00,213.55999755859375,214.3699951171875,213.22999572753906,214.34500122070312,4272468,213.45321755981448,213.66677755737302
2024-06-26 17:30:00+00:00,214.35000610351562,214.86000061035156,213.49000549316406,213.55169677734375,5926758,214.2428311004639,214.45718110656736
2024-06-26 18:30:00+00:00,213.26199340820312,214.57000732421875,212.8300018310547,214.34500122070312,5748909,213.15536241149903,213.36862440490722
2024-06-26 19:30:00+00:00,213.1199951171875,213.5,212.72000122070312,213.28990173339844,5827438,213.01343511962892,213.22655511474608
2024-06-27 13:30:00+00:00,213.80999755859375,215.739501953125,213.38999938964844,214.6300048828125,14261692,213.70309255981448,213.91690255737302
2024-06-27 14:30:00+00:00,212.9705047607422,213.9600067138672,212.35000610351562,213.80999755859375,6786057,212.86401950836182,213.07699001312255
2024-06-27 15:30:00+00:00,213.85499572753906,213.86000061035156,212.57000732421875,212.97000122070312,4414449,213.7480682296753,213.9619232254028
2024-06-27 16:30:00+00:00,214.0,214.19000244140625,213.55999755859375,213.8513946533203,3649798,213.893,214.107
2024-06-27 17:30:00+00:00,213.4199981689453,214.07000732421875,213.0500030517578,213.99400329589844,3166588,213.31328816986084,213.52670816802978
2024-06-27 18:30:00+00:00,213.8289031982422,214.02000427246094,213.27000427246094,213.4199981689453,3516414,213.7219887466431,213.93581764984128
2024-06-27 19:30:00+00:00,214.11000061035156,214.1199951171875,213.14500427246094,213.8300018310547,5152491,214.0029456100464,214.21705561065673
2024-06-28 13:30:00+00:00,214.63999938964844,216.07000732421875,213.57029724121094,215.80499267578125,13755548,214.5326793899536,214.74731938934326
2024-06-28 14:30:00+00:00,214.33999633789062,215.3000030517578,213.77000427246094,214.63499450683594,6226559,214.2328263397217,214.44716633605955
2024-06-28 15:30:00+00:00,213.83999633789062,214.7100067138672,213.52000427246094,214.3300018310547,5602697,213.7330763397217,213.94691633605956
2024-06-28 16:30:00+00:00,213.83009338378906,214.52999877929688,213.27000427246094,213.8350067138672,4952402,213.72317833709718,213.93700843048094
2024-06-28 17:30:00+00:00,213.2100067138672,214.0800018310547,213.1300048828125,213.85000610351562,3774396,213.10340171051027,213.3166117172241
2024-06-28 18:30:00+00:00,213.05499267578125,213.48500061035156,212.6999969482422,213.2100067138672,4936041,212.94846517944336,213.16152017211914
2024-06-28 19:30:00+00:00,210.61000061035156,213.60989379882812,210.3000030517578,213.0500030517578,13592315,210.5046956100464,210.7153056106567
2024-07-01 13:30:00+00:00,215.22999572753906,215.58999633789062,211.9199981689453,212.1300048828125,14827486,215.1223807296753,215.3376107254028
2024-07-01 14:30:00+00:00,215.0133056640625,215.55999755859375,214.08999633789062,215.22000122070312,7684917,214.90579901123047,215.12081231689453
2024-07-01 15:30:00+00:00,216.5050048828125,216.5800018310547,214.6999969482422,215.00999450683594,6860373,216.3967523803711,216.6132573852539
2024-07-01 16:30:00+00:00,217.25430297851562,217.50999450683594,216.47000122070312,216.50999450683594,8436608,217.14567582702637,217.36293013000488
2024-07-01 17:30:00+00:00,215.93499755859375,217.25,215.9199981689453,217.25,4141471,215.82703005981446,216.04296505737304
2024-07-01 18:30:00+00:00,215.53500366210938,216.24000549316406,215.13999938964844,215.9199981689453,5270483,215.42723616027834,215.6427711639404
2024-07-01 19:30:00+00:00,216.72999572753906,217.0,215.4600067138672,215.53500366210938,5500033,216.6216307296753,216.83836072540282
2024-07-02 13:30:00+00:00,218.70989990234375,218.89999389648438,215.10000610351562,216.14999389648438,14475116,218.6005449523926,218.8192548522949
2024-07-02 14:30:00+00:00,219.51019287109375,220.3300018310547,218.5637969970703,218.7100067138672,11555006,219.40043777465823,219.61994796752927
2024-07-02 15:30:00+00:00,219.1649932861328,220.11000061035156,218.75999450683594,219.52999877929688,5151809,219.05541078948977,219.27457578277586
2024-07-02 16:30:00+00:00,219.39999389648438,219.5,218.83079528808594,219.14999389648438,3236672,219.29029389953615,219.5096938934326
2024-07-02 17:30:00+00:00,220.02999877929688,220.07000732421875,219.27000427246094,219.4001007080078,3762941,219.91998377990723,220.14001377868652
2024-07-02 18:30:00+00:00,219.6199951171875,220.3300018310547,219.50999450683594,220.02999877929688,4789218,219.51018511962891,219.72980511474609
2024-07-02 19:30:00+00:00,220.3699951171875,220.3800048828125,219.5,219.61000061035156,5279602,220.25981011962892,220.48018011474608
2024-07-03 13:30:00+00:00,219.3800048828125,221.39999389648438,219.02999877929688,220.42999267578125,14372255,219.2703148803711,219.4896948852539
2024-07-03 14:30:00+00:00,220.11500549316406,220.72999572753906,219.10009765625,219.37989807128906,6600486,220.0049479904175,220.22506299591063
2024-07-03 15:30:00+00:00,221.3000030517578,221.3000030517578,219.77000427246094,220.11500549316406,5274586,221.18935305023194,221.41065305328368
2024-07-05 13:30:00+00:00,225.17080688476562,225.44000244140625,221.64999389648438,221.64999389648438,17905237,225.05822148132324,225.283392288208
2024-07-05 14:30:00+00:00,224.72000122070312,225.19000244140625,223.8300018310547,225.1699981689453,6883671,224.60764122009277,224.83236122131348
2024-07-05 15:30:00+00:00,225.22000122070312,225.41909790039062,224.67999267578125,224.72000122070312,5004157,225.10739122009278,225.33261122131347
2024-07-05 16:30:00+00:00,225.35000610351562,225.3699951171875,224.72999572753906,225.22999572753906,3808323,225.23733110046388,225.46268110656737
2024-07-05 17:30:00+00:00,225.25,225.63999938964844,224.97999572753906,225.35499572753906,4601702,225.13737500000002,225.36262499999998
2024-07-05 18:30:00+00:00,225.4199981689453,225.52499389648438,225.00999450683594,225.25999450683594,4332445,225.30728816986084,225.53270816802979
2024-07-05 19:30:00+00:00,226.30999755859375,226.4499969482422,225.36000061035156,225.41990661621094,7165954,226.19684255981446,226.42315255737304
2024-07-08 13:30:00+00:00,225.1999969482422,227.35000610351562,223.25,227.08999633789062,16387202,225.08739694976808,225.3125969467163
2024-07-08 14:30:00+00:00,226.50999450683594,226.80999755859375,224.783203125,225.19979858398438,8150247,226.39673950958255,226.62324950408933
2024-07-08 15:30:00+00:00,226.52000427246094,227.0,225.7899932861328,226.52999877929688,5305936,226.4067442703247,226.63326427459717
2024-07-08 16:30:00+00:00,226.5998992919922,226.89999389648438,226.0500030517578,226.50999450683594,4946609,226.4865993423462,226.71319924163816
2024-07-08 17:30:00+00:00,227.3300018310547,227.44000244140625,226.38999938964844,226.5800018310547,4890440,227.21633683013917,227.4436668319702
2024-07-08 18:30:00+00:00,226.8249969482422,227.36000061035156,226.4600067138672,227.3300018310547,4484923,226.71158444976808,226.9384094467163
2024-07-08 19:30:00+00:00,227.8000030517578,227.83999633789062,226.76010131835938,226.80999755859375,6040675,227.68610305023194,227.9139030532837
2024-07-09 13:30:00+00:00,228.52999877929688,229.39500427246094,226.37210083007812,228.18499755859375,13450286,228.41573377990724,228.6442637786865
2024-07-09 14:30:00+00:00,227.9149932861328,228.65499877929688,227.3000030517578,228.5229034423828,8133838,227.80103578948976,228.02895078277587
2024-07-09 15:30:00+00:00,228.17999267578125,228.2480010986328,227.60000610351562,227.91009521484375,4278456,228.06590267944338,228.29408267211912
2024-07-09 16:30:00+00:00,228.00999450683594,228.72540283203125,228.00999450683594,228.1699981689453,4244252,227.89598950958253,228.12399950408934
2024-07-09 17:30:00+00:00,228.44000244140625,228.53500366210938,227.85000610351562,228.0,3230951,228.32578244018555,228.55422244262695
2024-07-09 18:30:00+00:00,228.36000061035156,228.5198974609375,228.16000366210938,228.4499969482422,3274100,228.2458206100464,228.47418061065673
2024-07-09 19:30:00+00:00,228.6999969482422,228.77999877929688,228.1842041015625,228.35000610351562,4806474,228.5856469497681,228.81434694671628
2024-07-10 13:30:00+00:00,231.10000610351562,231.7220001220703,229.25,229.44000244140625,14711583,230.9844561004639,231.21555610656736
2024-07-10 14:30:00+00:00,230.9949951171875,231.15499877929688,230.10499572753906,231.11000061035156,6360484,230.87949761962892,231.11049261474608
2024-07-10 15:30:00+00:00,232.19500732421875,232.74000549316406,230.9550018310547,231.0,9467527,232.07890982055665,232.31110482788085
2024-07-10 16:30:00+00:00,231.55999755859375,232.4199981689453,230.7100067138672,232.1999969482422,7182941,231.44421755981446,231.67577755737304
2024-07-10 17:30:00+00:00,232.10000610351562,232.14999389648438,231.52000427246094,231.57000732421875,4334817,231.98395610046387,232.21605610656738
2024-07-10 18:30:00+00:00,231.75999450683594,232.19000244140625,231.6300048828125,232.10000610351562,4261881,231.64411450958252,231.87587450408935
2024-07-10 19:30:00+00:00,232.91000366210938,233.0800018310547,231.7050018310547,231.75999450683594,7115598,232.79354866027833,233.02645866394042
2024-07-11 13:30:00+00:00,228.89999389648438,232.38999938964844,228.52999877929688,231.31170654296875,16644797,228.78554389953615,229.0144438934326
2024-07-11 14:30:00+00:00,226.6199951171875,229.63999938964844,226.27000427246094,228.8699951171875,10923612,226.5066851196289,226.7333051147461
2024-07-11 15:30:00+00:00,227.7657928466797,227.83999633789062,225.77000427246094,226.6199951171875,7102718,227.65190995025637,227.879675743103
2024-07-11 16:30:00+00:00,227.97999572753906,228.72000122070312,227.27000427246094,227.75999450683594,5833847,227.8660057296753,228.09398572540283
2024-07-11 17:30:00+00:00,227.26499938964844,227.97500610351562,226.58999633789062,227.97000122070312,3327985,227.15136688995364,227.37863188934324
2024-07-11 18:30:00+00:00,227.7100067138672,228.5500030517578,227.2100067138672,227.25999450683594,4129270,227.59615171051027,227.8238617172241
2024-07-11 19:30:00+00:00,227.5500030517578,228.6999969482422,227.5500030517578,227.72000122070312,6050973,227.43622805023193,227.6637780532837
2024-07-12 13:30:00+00:00,230.8800048828125,231.5,228.67999267578125,229.0,14080146,230.7645648803711,230.9954448852539
2024-07-12 14:30:00+00:00,231.89990234375,232.3979949951172,230.6199951171875,230.8800048828125,7527748,231.78395239257813,232.01585229492187
2024-07-12 15:30:00+00:00,230.7100067138672,231.99000549316406,230.50999450683594,231.89999389648438,5014273,230.59465171051028,230.8253617172241
2024-07-12 16:30:00+00:00,231.90249633789062,231.91000366210938,230.57000732421875,230.7100067138672,4220317,231.7865450897217,232.01844758605955
2024-07-12 17:30:00+00:00,232.27000427246094,232.63999938964844,231.83999633789062,231.89999389648438,4525973,232.15386927032472,232.38613927459716
2024-07-12 18:30:00+00:00,231.85989379882812,232.36000061035156,231.55999755859375,232.26499938964844,3484723,231.74396385192873,231.97582374572752
2024-07-12 19:30:00+00:00,230.57000732421875,231.8699951171875,229.91000366210938,231.86000061035156,5822133,230.45472232055664,230.68529232788086
2024-07-15 13:30:00+00:00,234.79010009765625,237.22999572753906,233.33999633789062,236.53199768066406,20535733,234.67270504760742,234.90749514770508
2024-07-15 14:30:00+00:00,235.67999267578125,236.3101043701172,234.47999572753906,234.82000732421875,6741084,235.5621526794434,235.7978326721191
2024-07-15 15:30:00+00:00,235.30799865722656,235.94979858398438,234.5,235.57000732421875,6661308,235.19034465789795,235.42565265655517
2024-07-15 16:30:00+00:00,234.69000244140625,235.8800048828125,234.6199951171875,235.32000732421875,3851727,234.57265744018557,234.80734744262693
2024-07-15 17:30:00+00:00,234.2050018310547,234.8000030517578,233.9040069580078,234.6595001220703,3774759,234.08789933013918,234.3221043319702
2024-07-15 18:30:00+00:00,234.5800018310547,235.07000732421875,233.97000122070312,234.2100067138672,4097236,234.46271183013917,234.6972918319702
2024-07-15 19:30:00+00:00,234.4199981689453,234.7899932861328,233.08999633789062,234.5800018310547,5847732,234.30278816986086,234.53720816802976
2024-07-16 13:30:00+00:00,233.8300018310547,236.27000427246094,233.00999450683594,235.2050018310547,11433979,233.71308683013916,233.9469168319702
2024-07-16 14:30:00+00:00,234.16000366210938,234.91000366210938,233.6750030517578,233.8300018310547,5219269,234.04292366027832,234.27708366394043
2024-07-16 15:30:00+00:00,232.94790649414062,234.35000610351562,232.6199951171875,234.16000366210938,5683620,232.83143254089356,233.0643804473877
2024-07-16 16:30:00+00:00,233.5449981689453,233.7971954345703,232.3300018310547,232.9250030517578,4383942,233.42822566986086,233.66177066802976
2024-07-16 17:30:00+00:00,234.38999938964844,234.5500030517578,233.4149932861328,233.5399932861328,3187466,234.27280438995362,234.50719438934325
2024-07-16 18:30:00+00:00,234.55990600585938,234.86500549316406,234.3000030517578,234.39950561523438,3209757,234.44262605285647,234.67718595886228
2024-07-16 19:30:00+00:00,234.80999755859375,234.97999572753906,234.28500366210938,234.5500030517578,2857260,234.69259255981447,234.92740255737303
2024-07-17 13:30:00+00:00,227.82000732421875,231.45989990234375,226.63999938964844,230.1300048828125,17630432,227.70609732055667,227.93391732788083
2024-07-17 14:30:00+00:00,228.6199951171875,228.8300018310547,227.4499969482422,227.8000030517578,5951133,228.5056851196289,228.7343051147461
2024-07-17 15:30:00+00:00,228.4949951171875,229.00999450683594,228.09500122070312,228.6300048828125,4229799,228.38074761962892,228.60924261474608
2024-07-17 16:30:00+00:00,228.6999969482422,229.00999450683594,228.14999389648438,228.48500061035156,3870619,228.5856469497681,228.81434694671628
2024-07-17 17:30:00+00:00,229.51910400390625,229.77999877929688,228.25999450683594,228.67999267578125,4477036,229.4043444519043,229.6338635559082
2024-07-17 18:30:00+00:00,229.13999938964844,229.8000030517578,228.9600067138672,229.51800537109375,4776274,229.02542938995362,229.25456938934326
2024-07-17 19:30:00+00:00,228.88499450683594,229.82000732421875,228.57000732421875,229.13999938964844,6250577,228.77055200958253,228.99943700408934
2024-07-18 13:30:00+00:00,227.88999938964844,230.44000244140625,226.58999633789062,230.34500122070312,12105218,227.77605438995363,228.00394438934325
2024-07-18 14:30:00+00:00,222.99000549316406,228.00999450683594,222.7899932861328,227.8699951171875,12436258,222.87851049041748,223.10150049591064
2024-07-18 15:30:00+00:00,223.35000610351562,224.02999877929688,222.4499969482422,222.97999572753906,7965624,223.23833110046388,223.46168110656737
2024-07-18 16:30:00+00:00,224.55999755859375,225.06500244140625,222.47000122070312,223.35000610351562,6798222,224.44771755981446,224.67227755737304
2024-07-18 17:30:00+00:00,224.60009765625,225.1999969482422,224.4149932861328,224.5500030517578,5011871,224.4877976074219,224.7123977050781
2024-07-18 18:30:00+00:00,224.1300048828125,225.00999450683594,223.45089721679688,224.5800018310547,4639961,224.0179398803711,224.2420698852539
2024-07-18 19:30:00+00:00,224.19000244140625,225.14999389648438,223.8249969482422,224.1199951171875,5051993,224.07790744018556,224.30209744262694
2024-07-19 13:30:00+00:00,225.0142059326172,226.8000030517578,224.4199981689453,224.8520050048828,14532936,224.90169882965088,225.1267130355835
2024-07-19 14:30:00+00:00,223.9600067138672,225.86000061035156,223.8708038330078,225.05999755859375,5048006,223.84802671051025,224.07198671722412
2024-07-19 15:30:00+00:00,223.94500732421875,225.0500030517578,223.55999755859375,223.9600067138672,5582598,223.83303482055666,224.05697982788084
2024-07-19 16:30:00+00:00,224.4600067138672,224.57989501953125,223.27499389648438,223.94000244140625,3519449,224.34777671051026,224.57223671722411
2024-07-19 17:30:00+00:00,224.44000244140625,224.94500732421875,223.86000061035156,224.42999267578125,3290229,224.32778244018556,224.55222244262694
2024-07-19 18:30:00+00:00,225.00999450683594,225.1199951171875,223.88999938964844,224.4600067138672,3663851,224.89748950958253,225.12249950408935
2024-07-19 19:30:00+00:00,224.3800048828125,225.0699005126953,224.00999450683594,225.0,5391560,224.2678148803711,224.4921948852539
2024-07-22 13:30:00+00:00,226.8000030517578,227.77999877929688,225.5800018310547,227.27000427246094,10034749,226.68660305023195,226.91340305328367
2024-07-22 14:30:00+00:00,223.82989501953125,227.12510681152344,223.72000122070312,226.80499267578125,6311242,223.7179800720215,223.941809967041
2024-07-22 15:30:00+00:00,223.8350067138672,224.13999938964844,223.08999633789062,223.77999877929688,5069673,223.72308921051027,223.9469242172241
2024-07-22 16:30:00+00:00,224.38999938964844,224.58999633789062,223.6999969482422,223.8300018310547,3586983,224.27780438995362,224.50219438934326
2024-07-22 17:30:00+00:00,225.0500030517578,225.42010498046875,224.3300018310547,224.3699951171875,3036671,224.93747805023196,225.16252805328367
2024-07-22 18:30:00+00:00,224.67999267578125,225.6300048828125,224.6300048828125,225.05999755859375,4186965,224.56765267944337,224.79233267211913
2024-07-22 19:30:00+00:00,223.92999267578125,225.0399932861328,223.77999877929688,224.67999267578125,4547672,223.81802767944336,224.04195767211914
2024-07-23 13:30:00+00:00,224.625,225.13999938964844,222.67999267578125,224.39999389648438,7388967,224.5126875,224.7373125
2024-07-23 14:30:00+00:00,226.60890197753906,226.72999572753906,224.10060119628906,224.63999938964844,6042663,226.4955975265503,226.7222064285278
2024-07-23 15:30:00+00:00,225.639892578125,226.92999267578125,225.1999969482422,226.61500549316406,4384033,225.52707263183595,225.75271252441405
2024-07-23 16:30:00+00:00,224.72000122070312,225.6999053955078,224.61500549316406,225.6300048828125,3440068,224.60764122009277,224.83236122131348
2024-07-23 17:30:00+00:00,224.5399932861328,225.0399932861328,224.3800048828125,224.7100067138672,2742571,224.42772328948976,224.65226328277586
2024-07-23 18:30:00+00:00,225.07470703125,225.10000610351562,224.3280029296875,224.57240295410156,2717902,224.96216967773438,225.18724438476562
2024-07-23 19:30:00+00:00,225.00999450683594,225.27999877929688,224.32000732421875,225.05999755859375,3762733,224.89748950958253,225.12249950408935
2024-07-24 13:30:00+00:00,220.88999938964844,224.8000030517578,220.3000030517578,224.0,11171284,220.77955438995363,221.00044438934324
2024-07-24 14:30:00+00:00,218.6750030517578,221.02999877929688,218.2899932861328,220.89999389648438,9222223,218.56566555023196,218.78434055328367
2024-07-24 15:30:00+00:00,217.90499877929688,218.83999633789062,217.1300048828125,218.6699981689453,6271860,217.79604627990724,218.0139512786865
2024-07-24 16:30:00+00:00,218.0258026123047,218.5500030517578,217.72000122070312,217.90989685058594,4492564,217.91678971099856,218.13481551361082
2024-07-24 17:30:00+00:00,218.16000366210938,218.86000061035156,217.83999633789062,218.02000427246094,3875716,218.05092366027833,218.26908366394042
2024-07-24 18:30:00+00:00,217.88999938964844,218.42999267578125,217.7563018798828,218.16000366210938,4462246,217.78105438995362,217.99894438934325
2024-07-24 19:30:00+00:00,218.57000732421875,218.77999877929688,217.6999969482422,217.8800048828125,7678488,218.46072232055664,218.67929232788086
2024-07-25 13:30:00+00:00,215.80999755859375,219.84500122070312,214.6199951171875,219.48989868164062,14511135,215.70209255981447,215.91790255737303
2024-07-25 14:30:00+00:00,218.67999267578125,219.39999389648438,215.44009399414062,215.82000732421875,7290939,218.57065267944338,218.78933267211912
2024-07-25 15:30:00+00:00,220.19200134277344,220.52000427246094,218.11000061035156,218.6840057373047,5424720,220.08190534210206,220.3020973434448
2024-07-25 16:30:00+00:00,219.4199981689453,220.85000610351562,219.27000427246094,220.1999969482422,4035246,219.31028816986085,219.52970816802977
2024-07-25 17:30:00+00:00,219.8800048828125,220.47999572753906,219.3572998046875,219.42999267578125,3151089,219.7700648803711,219.9899448852539
2024-07-25 18:30:00+00:00,220.125,220.4199981689453,218.61700439453125,219.86000061035156,3922802,220.0149375,220.2350625
2024-07-25 19:30:00+00:00,217.49000549316406,220.27000427246094,217.3300018310547,220.10000610351562,5667186,217.3812604904175,217.59875049591062
2024-07-26 13:30:00+00:00,217.39999389648438,219.14990234375,216.00999450683594,218.85000610351562,10822541,217.29129389953616,217.5086938934326
2024-07-26 14:30:00+00:00,217.9553985595703,218.1540069580078,216.45590209960938,217.39500427246094,4349192,217.84642086029055,218.06437625885007
2024-07-26 15:30:00+00:00,218.69119262695312,219.02000427246094,217.50999450683594,217.9550018310547,4508080,218.58184703063966,218.80053822326659
2024-07-26 16:30:00+00:00,219.30450439453125,219.49000549316406,218.7100067138672,218.7100067138672,3011413,219.19485214233399,219.41415664672851
2024-07-26 17:30:00+00:00,218.14999389648438,219.326904296875,217.67999267578125,219.30499267578125,3519375,218.04091889953614,218.2590688934326
2024-07-26 18:30:00+00:00,218.60499572753906,218.75,217.56100463867188,218.16000366210938,3261740,218.4956932296753,218.7142982254028
2024-07-26 19:30:00+00:00,218.1199951171875,218.6199951171875,217.1300048828125,218.6199951171875,4479378,218.01093511962893,218.22905511474607
2024-07-29 13:30:00+00:00,217.72999572753906,219.3000030517578,215.75999450683594,216.67999267578125,9684510,217.62113072967531,217.8388607254028
2024-07-29 14:30:00+00:00,217.13999938964844,218.69000244140625,216.50999450683594,217.75,5007715,217.03142938995362,217.24856938934326
2024-07-29 15:30:00+00:00,218.5449981689453,218.9600067138672,216.60049438476562,217.11000061035156,3349338,218.43572566986086,218.65427066802977
2024-07-29 16:30:00+00:00,218.6999969482422,219.27999877929688,218.375,218.5500030517578,2769535,218.5906469497681,218.8093469467163
2024-07-29 17:30:00+00:00,218.35000610351562,219.08689880371094,218.0500030517578,218.6999969482422,2855524,218.24083110046388,218.45918110656737
2024-07-29 18:30:00+00:00,218.58999633789062,218.75,217.97000122070312,218.33999633789062,3092834,218.4807013397217,218.69929133605956
2024-07-29 19:30:00+00:00,218.2100067138672,219.1199951171875,218.0,218.58999633789062,3984140,218.10090171051027,218.3191117172241
2024-07-30 13:30:00+00:00,219.07000732421875,220.3249969482422,218.55999755859375,219.0399932861328,8172417,218.96047232055665,219.17954232788085
2024-07-30 14:30:00+00:00,217.2899932861328,219.33580017089844,217.1699981689453,219.07000732421875,5639492,217.18134828948976,217.39863828277586
2024-07-30 15:30:00+00:00,216.97999572753906,217.5399932861328,216.3300018310547,217.27999877929688,3537121,216.8715057296753,217.08848572540282
2024-07-30 16:30:00+00:00,217.25,217.35000610351562,216.1199951171875,216.9600067138672,3365740,217.141375,217.358625
2024-07-30 17:30:00+00:00,218.28500366210938,218.74000549316406,216.9600067138672,217.24000549316406,3146102,218.17586116027834,218.3941461639404
2024-07-30 18:30:00+00:00,218.6300048828125,218.7100067138672,217.97000122070312,218.27999877929688,3328246,218.5206898803711,218.7393198852539
2024-07-30 19:30:00+00:00,218.7899932861328,219.9199981689453,218.4499969482422,218.63999938964844,5666938,218.68059828948975,218.89938828277587
2024-07-31 13:30:00+00:00,222.8300018310547,223.44000244140625,220.63999938964844,221.52999877929688,10706115,222.71858683013917,222.9414168319702
2024-07-31 14:30:00+00:00,223.15499877929688,223.82000732421875,222.3000030517578,222.83999633789062,5147851,223.04342127990725,223.2665762786865
2024-07-31 15:30:00+00:00,222.3699951171875,223.3699951171875,222.1699981689453,223.15499877929688,3107571,222.25881011962892,222.48118011474608
2024-07-31 16:30:00+00:00,222.60000610351562,223.00999450683594,222.08009338378906,222.38360595703125,3484238,222.48870610046387,222.71130610656738
2024-07-31 17:30:00+00:00,222.92999267578125,223.00999450683594,221.30999755859375,222.59500122070312,3509520,222.81852767944338,223.04145767211912
2024-07-31 18:30:00+00:00,221.610107421875,223.3699951171875,221.28500366210938,222.94000244140625,4951278,221.49930236816408,221.72091247558592
2024-07-31 19:30:00+00:00,221.99000549316406,223.00929260253906,221.3699951171875,221.63999938964844,5618520,221.8790104904175,222.10100049591063
2024-08-01 13:30:00+00:00,221.27999877929688,224.45050048828125,221.25999450683594,224.3699951171875,10512069,221.16935877990724,221.3906387786865
2024-08-01 14:30:00+00:00,220.5399932861328,221.72999572753906,220.1199951171875,221.27969360351562,6309661,220.42972328948977,220.65026328277585
2024-08-01 15:30:00+00:00,219.32000732421875,220.85000610351562,219.02000427246094,220.55999755859375,4477931,219.21034732055665,219.42966732788085
2024-08-01 16:30:00+00:00,218.14999389648438,219.5,217.6300048828125,219.33999633789062,4455108,218.04091889953614,218.2590688934326
2024-08-01 17:30:00+00:00,217.7899932861328,218.8000030517578,217.1907958984375,218.16000366210938,6390068,217.68109828948977,217.89888828277586
2024-08-01 18:30:00+00:00,218.05499267578125,218.15989685058594,217.02000427246094,217.7949981689453,6030523,217.94596517944336,218.16402017211914
2024-08-01 19:30:00+00:00,218.27999877929688,219.0,217.13499450683594,218.0500030517578,7438049,218.17085877990723,218.38913877868652
2024-08-02 13:30:00+00:00,222.65499877929688,224.4149932861328,217.7100067138672,220.28939819335938,29536982,222.54367127990724,222.7663262786865
2024-08-02 14:30:00+00:00,222.8300018310547,224.37989807128906,221.75999450683594,222.6300048828125,14319380,222.71858683013917,222.9414168319702
2024-08-02 15:30:00+00:00,224.6199951171875,224.72000122070312,221.4199981689453,222.86000061035156,9098444,224.50768511962892,224.73230511474608
2024-08-02 16:30:00+00:00,224.63999938964844,225.60000610351562,223.4499969482422,224.61500549316406,7487153,224.52767938995362,224.75231938934326
2024-08-02 17:30:00+00:00,223.43499755859375,225.0050048828125,221.91000366210938,224.6300048828125,7549443,223.32328005981446,223.54671505737304
2024-08-02 18:30:00+00:00,222.6199951171875,224.10000610351562,222.11000061035156,223.4199981689453,6527167,222.50868511962892,222.73130511474608
2024-08-02 19:30:00+00:00,219.8000030517578,222.98829650878906,219.05999755859375,222.6300048828125,11042774,219.69010305023195,219.90990305328367
2024-08-05 13:30:00+00:00,207.97869873046875,211.11000061035156,198.22999572753906,199.0,43357359,207.87470938110351,208.08268807983399
2024-08-05 14:30:00+00:00,211.1699981689453,213.47000122070312,207.82000732421875,207.94070434570312,13404154,211.06441316986084,211.27558316802978
2024-08-05 15:30:00+00:00,212.61500549316406,213.0,209.5050048828125,211.1999969482422,8715135,212.5086979904175,212.72131299591064
2024-08-05 16:30:00+00:00,210.80999755859375,212.64999389648438,209.72000122070312,212.6199951171875,6246693,210.70459255981447,210.91540255737303
2024-08-05 17:30:00+00:00,210.61000061035156,211.88999938964844,209.3699951171875,210.7899932861328,5113963,210.5046956100464,210.7153056106567
2024-08-05 18:30:00+00:00,206.42999267578125,210.9499969482422,203.9199981689453,210.56300354003906,16677734,206.32677767944338,206.53320767211912
2024-08-05 19:30:00+00:00,209.19000244140625,209.35000610351562,206.01170349121094,206.42999267578125,11251750,209.08540744018555,209.29459744262695
2024-08-06 13:30:00+00:00,204.89010620117188,206.25,201.07000732421875,205.38999938964844,23694537,204.7876611480713,204.99255125427246
2024-08-06 14:30:00+00:00,206.11000061035156,207.739501953125,204.3699951171875,204.97999572753906,7809373,206.0069456100464,206.21305561065674
2024-08-06 15:30:00+00:00,208.63099670410156,208.99000549316406,206.05999755859375,206.1204071044922,5843682,208.52668120574953,208.7353122024536
2024-08-06 16:30:00+00:00,208.99000549316406,209.97999572753906,208.36000061035156,208.6699981689453,4607591,208.8855104904175,209.09450049591064
2024-08-06 17:30:00+00:00,209.44639587402344,209.4799041748047,207.85000610351562,209.00999450683594,4690988,209.34167267608643,209.55111907196044
2024-08-06 18:30:00+00:00,208.5050048828125,209.9499969482422,207.39999389648438,209.4499969482422,5270629,208.4007523803711,208.6092573852539
2024-08-06 19:30:00+00:00,207.125,208.58999633789062,206.39999389648438,208.5050048828125,6503258,207.02143750000002,207.22856249999998
2024-08-07 13:30:00+00:00,211.6999969482422,212.89999389648438,206.41000366210938,206.88999938964844,15714668,211.5941469497681,211.8058469467163
2024-08-07 14:30:00+00:00,213.16000366210938,213.58999633789062,211.47000122070312,211.69000244140625,6367518,213.05342366027833,213.26658366394042
2024-08-07 15:30:00+00:00,212.5850067138672,213.63999938964844,211.17999267578125,213.12399291992188,5060827,212.47871421051028,212.6912992172241
2024-08-07 16:30:00+00:00,211.0399932861328,212.97000122070312,210.35000610351562,212.59970092773438,5212227,210.93447328948974,211.14551328277588
2024-08-07 17:30:00+00:00,211.05999755859375,211.49000549316406,210.02000427246094,211.0399932861328,5095212,210.95446755981447,211.16552755737303
2024-08-07 18:30:00+00:00,210.5200958251953,211.02000427246094,208.47999572753906,211.02000427246094,6015049,210.41483577728272,210.6253558731079
2024-08-07 19:30:00+00:00,209.86000061035156,210.99000549316406,209.41000366210938,210.5500030517578,5358011,209.7550706100464,209.96493061065672
2024-08-08 13:30:00+00:00,212.55999755859375,213.2100067138672,208.8300018310547,213.09500122070312,10203691,212.45371755981446,212.66627755737304
2024-08-08 14:30:00+00:00,212.2100067138672,212.99000549316406,211.0800018310547,212.5800018310547,4980328,212.10390171051026,212.31611171722412
2024-08-08 15:30:00+00:00,213.25,213.4600067138672,211.7100067138672,212.2100067138672,4471605,213.14337500000002,213.35662499999998
2024-08-08 16:30:00+00:00,213.89759826660156,213.99000549316406,212.5,213.26499938964844,3897513,213.79064946746828,214.00454706573484
2024-08-08 17:30:00+00:00,212.97999572753906,214.1999969482422,212.70750427246094,213.89999389648438,3971724,212.87350572967532,213.0864857254028
2024-08-08 18:30:00+00:00,212.13009643554688,213.42999267578125,212.1199951171875,212.9958953857422,3833831,212.0240313873291,212.23616148376465
2024-08-08 19:30:00+00:00,213.33999633789062,213.52000427246094,211.8800048828125,212.13999938964844,4665159,213.23332633972169,213.44666633605956
2024-08-09 13:30:00+00:00,214.6999969482422,214.7895050048828,211.97999572753906,212.0800018310547,7767530,214.59264694976807,214.8073469467163
2024-08-09 14:30:00+00:00,215.13499450683594,215.73500061035156,213.6699981689453,214.7100067138672,4852988,215.02742700958254,215.24256200408934
2024-08-09 15:30:00+00:00,214.5301055908203,215.7100067138672,214.41000366210938,215.1199951171875,3993538,214.4228405380249,214.63737064361572
2024-08-09 16:30:00+00:00,216.53500366210938,216.5399932861328,214.51010131835938,214.52999877929688,3806159,216.42673616027832,216.64327116394043
2024-08-09 17:30:00+00:00,215.27999877929688,216.77999877929688,214.9199981689453,216.5399932861328,3531367,215.17235877990723,215.38763877868652
2024-08-09 18:30:00+00:00,216.28500366210938,216.3800048828125,214.89999389648438,215.27499389648438,4226291,216.17686116027832,216.39314616394043
2024-08-09 19:30:00+00:00,216.3000030517578,216.61500549316406,215.33999633789062,216.25999450683594,5238718,216.19185305023194,216.40815305328368
2024-08-12 13:30:00+00:00,218.4499969482422,218.71499633789062,215.60000610351562,216.0,8545889,218.34077194976808,218.5592219467163
2024-08-12 14:30:00+00:00,217.80999755859375,219.50990295410156,217.14999389648438,218.44000244140625,5732544,217.70109255981447,217.91890255737303
2024-08-12 15:30:00+00:00,217.97999572753906,218.7574005126953,217.35000610351562,217.7947998046875,4072901,217.87100572967532,218.0889857254028
2024-08-12 16:30:00+00:00,217.24769592285156,218.33999633789062,217.02999877929688,217.97000122070312,3376508,217.13907207489015,217.35631977081297
2024-08-12 17:30:00+00:00,216.7449951171875,217.4550018310547,216.47999572753906,217.25,2928826,216.63662261962892,216.85336761474608
2024-08-12 18:30:00+00:00,217.02999877929688,217.42999267578125,216.59500122070312,216.6999969482422,2657864,216.92148377990725,217.1385137786865
2024-08-12 19:30:00+00:00,217.5500030517578,217.6300048828125,216.58999633789062,217.0399932861328,3179687,217.44122805023196,217.65877805328367
2024-08-13 13:30:00+00:00,221.0,221.7100067138672,219.00999450683594,219.10499572753906,11857628,220.8895,221.1105
2024-08-13 14:30:00+00:00,221.05499267578125,221.5,220.26060485839844,220.9949951171875,4325256,220.94446517944337,221.16552017211913
2024-08-13 15:30:00+00:00,221.11050415039062,221.59869384765625,220.88999938964844,221.0500030517578,3691243,220.99994889831544,221.2210594024658
2024-08-13 16:30:00+00:00,221.69000244140625,221.8000030517578,220.9600067138672,221.08999633789062,2825480,221.57915744018555,221.80084744262695
2024-08-13 17:30:00+00:00,221.21800231933594,221.88999938964844,220.56500244140625,221.69000244140625,3040248,221.1073933181763,221.32861132049558
2024-08-13 18:30:00+00:00,220.66000366210938,221.48489379882812,220.5399932861328,221.24609375,2559260,220.54967366027833,220.77033366394042
2024-08-13 19:30:00+00:00,221.27000427246094,221.27999877929688,220.4199981689453,220.6699981689453,3842702,221.15936927032473,221.38063927459714
2024-08-14 13:30:00+00:00,221.1103973388672,222.02000427246094,219.6999969482422,220.56500244140625,10322006,220.99984214019776,221.22095253753662
2024-08-14 14:30:00+00:00,222.55870056152344,222.55999755859375,220.4550018310547,221.11000061035156,4517827,222.4474212112427,222.66997991180418
2024-08-14 15:30:00+00:00,221.30499267578125,223.02999877929688,221.01499938964844,222.5500030517578,4029799,221.19434017944337,221.41564517211913
2024-08-14 16:30:00+00:00,221.1750030517578,221.4600067138672,220.3800048828125,221.32000732421875,3645945,221.06441555023196,221.28559055328367
2024-08-14 17:30:00+00:00,221.5399932861328,221.7689971923828,220.91000366210938,221.16000366210938,3099853,221.42922328948976,221.65076328277587
2024-08-14 18:30:00+00:00,221.16000366210938,221.61000061035156,220.80999755859375,221.52999877929688,2990194,221.04942366027834,221.2705836639404
2024-08-14 19:30:00+00:00,221.6199951171875,222.35000610351562,221.15310668945312,221.16000366210938,4112373,221.5091851196289,221.7308051147461
2024-08-15 13:30:00+00:00,224.7899932861328,224.99000549316406,222.75999450683594,224.5500030517578,9897134,224.67759828948977,224.90238828277586
2024-08-15 14:30:00+00:00,224.0050048828125,225.33999633789062,223.89999389648438,224.77999877929688,5316678,223.89300238037112,224.11700738525388
2024-08-15 15:30:00+00:00,224.9949951171875,225.01499938964844,223.85000610351562,224.00999450683594,3233561,224.8824976196289,225.1074926147461
2024-08-15 16:30:00+00:00,224.5449981689453,225.02000427246094,224.2449951171875,225.0,3507566,224.43272566986084,224.65727066802978
2024-08-15 17:30:00+00:00,225.07000732421875,225.14999389648438,224.50999450683594,224.55999755859375,2520626,224.95747232055666,225.18254232788084
2024-08-15 18:30:00+00:00,225.05999755859375,225.3300018310547,224.91380310058594,225.05999755859375,3818557,224.94746755981447,225.17252755737303
2024-08-15 19:30:00+00:00,224.7100067138672,225.08999633789062,223.84500122070312,225.05499267578125,5065291,224.59765171051026,224.8223617172241
2024-08-16 13:30:00+00:00,224.38999938964844,225.02000427246094,223.6501007080078,223.9199981689453,11905855,224.27780438995362,224.50219438934326
2024-08-16 14:30:00+00:00,224.91000366210938,225.02000427246094,223.96609497070312,224.3800048828125,4388806,224.79754866027832,225.02245866394043
2024-08-16 15:30:00+00:00,226.33999633789062,226.4456024169922,224.91000366210938,224.91000366210938,5068731,226.2268263397217,226.45316633605955
2024-08-16 16:30:00+00:00,226.5500030517578,226.8271026611328,226.30999755859375,226.35000610351562,4500362,226.43672805023195,226.66327805328368
2024-08-16 17:30:00+00:00,225.99000549316406,226.6699981689453,225.6300048828125,226.5500030517578,3023962,225.8770104904175,226.10300049591063
2024-08-16 18:30:00+00:00,225.9600067138672,226.2100067138672,225.7635955810547,225.98500061035156,2364036,225.84702671051028,226.0729867172241
2024-08-16 19:30:00+00:00,226.10000610351562,226.13999938964844,225.5399932861328,225.9604949951172,3252354,225.98695610046389,226.21305610656736
2024-08-19 13:30:00+00:00,224.16000366210938,225.69500732421875,223.0399932861328,225.69500732421875,9670189,224.04792366027834,224.2720836639404
2024-08-19 14:30:00+00:00,224.43020629882812,224.72999572753906,223.49000549316406,224.16000366210938,4193053,224.31799119567873,224.54242140197752
2024-08-19 15:30:00+00:00,224.4250030517578,224.64999389648438,223.75,224.42759704589844,3379602,224.31279055023194,224.5372155532837
2024-08-19 16:30:00+00:00,224.02499389648438,224.46499633789062,223.75,224.41000366210938,2649753,223.91298139953614,224.1370063934326
2024-08-19 17:30:00+00:00,224.63999938964844,224.66000366210938,223.8000030517578,224.02999877929688,3556772,224.52767938995362,224.75231938934326
2024-08-19 18:30:00+00:00,224.92999267578125,224.9499969482422,224.5800018310547,224.64500427246094,2814556,224.81752767944337,225.04245767211913
2024-08-19 19:30:00+00:00,225.89999389648438,225.97000122070312,224.88999938964844,224.9250030517578,4867293,225.78704389953614,226.0129438934326
2024-08-20 13:30:00+00:00,226.66000366210938,227.1699981689453,225.4499969482422,225.77000427246094,7693400,226.54667366027834,226.7733336639404
2024-08-20 14:30:00+00:00,226.2100067138672,226.69000244140625,225.7100067138672,226.67999267578125,3611714,226.09690171051025,226.32311171722412
2024-08-20 15:30:00+00:00,226.89999389648438,227.09500122070312,226.08999633789062,226.2050018310547,2572227,226.78654389953616,227.0134438934326
2024-08-20 16:30:00+00:00,226.7100067138672,227.08999633789062,226.11000061035156,226.89500427246094,2086631,226.59665171051026,226.82336171722412
2024-08-20 17:30:00+00:00,227.01499938964844,227.11000061035156,226.35000610351562,226.6999969482422,1991274,226.90149188995363,227.12850688934324
2024-08-20 18:30:00+00:00,226.48500061035156,227.05999755859375,226.19000244140625,227.02999877929688,2299219,226.3717581100464,226.59824311065674
2024-08-20 19:30:00+00:00,226.49000549316406,226.92999267578125,226.38999938964844,226.47999572753906,2581538,226.3767604904175,226.60325049591063
2024-08-21 13:30:00+00:00,227.22500610351562,227.6699981689453,225.91000366210938,226.49000549316406,8159799,227.11139360046388,227.33861860656737
2024-08-21 14:30:00+00:00,226.49000549316406,227.97999572753906,225.8800048828125,227.22999572753906,4755603,226.3767604904175,226.60325049591063
2024-08-21 15:30:00+00:00,226.24000549316406,226.58999633789062,225.63499450683594,226.49989318847656,2772090,226.1268854904175,226.35312549591063
2024-08-21 16:30:00+00:00,226.00010681152344,226.50399780273438,225.92010498046875,226.25,2061134,225.88710675811768,226.1131068649292
2024-08-21 17:30:00+00:00,226.4499969482422,226.4499969482422,225.8300018310547,226.00999450683594,2566714,226.3367719497681,226.56322194671628
2024-08-21 18:30:00+00:00,225.77000427246094,226.5800018310547,225.3302001953125,226.4499969482422,2984227,225.65711927032473,225.88288927459715
2024-08-21 19:30:00+00:00,226.39999389648438,226.55999755859375,225.1909942626953,225.77999877929688,3834165,226.28679389953615,226.5131938934326
2024-08-22 13:30:00+00:00,226.77000427246094,228.33999633789062,226.5500030517578,227.60000610351562,8837839,226.6566192703247,226.88338927459716
2024-08-22 14:30:00+00:00,226.17999267578125,227.2100067138672,226.13999938964844,226.75999450683594,3513476,226.06690267944336,226.29308267211914
2024-08-22 15:30:00+00:00,226.42999267578125,226.44000244140625,224.92010498046875,226.13999938964844,3401206,226.31677767944336,226.54320767211914
2024-08-22 16:30:00+00:00,225.64500427246094,226.61000061035156,225.0847930908203,226.43499755859375,2873698,225.5321817703247,225.75782677459716
2024-08-22 17:30:00+00:00,224.85989379882812,225.82000732421875,223.89999389648438,225.6300048828125,3951613,224.74746385192873,224.97232374572752
2024-08-22 18:30:00+00:00,224.32000732421875,224.94000244140625,224.14999389648438,224.86000061035156,2652812,224.20784732055665,224.43216732788085
2024-08-22 19:30:00+00:00,224.52999877929688,224.9199981689453,224.02999877929688,224.33999633789062,4874043,224.41773377990725,224.6422637786865
2024-08-23 13:30:00+00:00,227.97500610351562,228.22000122070312,225.52000427246094,225.65890502929688,8606738,227.8610186004639,228.08899360656736
2024-08-23 14:30:00+00:00,225.9499969482422,228.10000610351562,225.19009399414062,227.99000549316406,5457419,225.8370219497681,226.0629719467163
2024-08-23 15:30:00+00:00,225.11500549316406,226.7100067138672,224.8800048828125,225.968505859375,3192087,225.0024479904175,225.22756299591063
2024-08-23 16:30:00+00:00,225.96499633789062,225.99000549316406,224.33999633789062,225.11000061035156,2664126,225.85201383972168,226.07797883605957
2024-08-23 17:30:00+00:00,226.45269775390625,226.5500030517578,225.9499969482422,225.97000122070312,2323736,226.33947140502931,226.56592410278319
2024-08-23 18:30:00+00:00,227.05999755859375,227.10000610351562,226.22000122070312,226.4550018310547,2752049,226.94646755981447,227.17352755737303
2024-08-23 19:30:00+00:00,226.7736053466797,227.16690063476562,226.22999572753906,227.06500244140625,3536618,226.66021854400637,226.886992149353
2024-08-26 13:30:00+00:00,224.9499969482422,227.2100067138672,224.47720336914062,227.2100067138672,6251104,224.83752194976807,225.0624719467163
2024-08-26 14:30:00+00:00,225.07000732421875,225.19000244140625,223.8905029296875,224.9199981689453,3930509,224.95747232055666,225.18254232788084
2024-08-26 15:30:00+00:00,225.8105010986328,225.82000732421875,224.63999938964844,225.05999755859375,3335827,225.6975958480835,225.92340634918213
2024-08-26 16:30:00+00:00,226.1199951171875,226.39999389648438,225.75,225.81100463867188,2092165,226.0069351196289,226.2330551147461
2024-08-26 17:30:00+00:00,225.8699951171875,226.4250030517578,225.4429931640625,226.1300048828125,2251610,225.75706011962893,225.98293011474607
2024-08-26 18:30:00+00:00,226.4300994873047,226.6699981689453,225.76010131835938,225.86000061035156,2444527,226.31688443756104,226.54331453704833
2024-08-26 19:30:00+00:00,227.25999450683594,227.27999877929688,226.2899932861328,226.42999267578125,3543413,227.14636450958253,227.37362450408935
2024-08-27 13:30:00+00:00,227.97000122070312,228.22000122070312,224.88999938964844,226.21009826660156,8575296,227.85601622009278,228.08398622131347
2024-08-27 14:30:00+00:00,228.6300048828125,228.8459930419922,227.6501007080078,227.9600067138672,4591987,228.5156898803711,228.7443198852539
2024-08-27 15:30:00+00:00,227.94000244140625,228.66000366210938,227.8699951171875,228.57000732421875,2877065,227.82603244018557,228.05397244262693
2024-08-27 16:30:00+00:00,228.49000549316406,228.52999877929688,227.5500030517578,227.92999267578125,2150303,228.3757604904175,228.60425049591063
2024-08-27 17:30:00+00:00,228.4832000732422,228.66400146484375,228.07000732421875,228.5,1944293,228.36895847320557,228.5974416732788
2024-08-27 18:30:00+00:00,228.14999389648438,228.5489959716797,228.08999633789062,228.47999572753906,1885195,228.03591889953614,228.2640688934326
2024-08-27 19:30:00+00:00,228.13999938964844,228.27000427246094,227.75,228.14999389648438,3396614,228.02592938995363,228.25406938934324
2024-08-28 13:30:00+00:00,229.63999938964844,229.66000366210938,227.87100219726562,228.0500030517578,8121114,229.52517938995362,229.75481938934325
2024-08-28 14:30:00+00:00,226.80999755859375,229.85000610351562,226.3300018310547,229.6300048828125,5991731,226.69659255981446,226.92340255737304
2024-08-28 15:30:00+00:00,227.02999877929688,227.27000427246094,226.25999450683594,226.8000030517578,5540740,226.91648377990725,227.1435137786865
2024-08-28 16:30:00+00:00,227.47000122070312,227.75999450683594,227.00999450683594,227.02000427246094,2481723,227.35626622009278,227.58373622131347
2024-08-28 17:30:00+00:00,226.0800018310547,227.60000610351562,225.6800994873047,227.47000122070312,2007338,225.96696183013918,226.1930418319702
2024-08-28 18:30:00+00:00,227.4600067138672,227.63999938964844,225.9600067138672,226.0800018310547,3017614,227.34627671051027,227.5737367172241
2024-08-28 19:30:00+00:00,226.49000549316406,227.5399932861328,226.33999633789062,227.4499969482422,3607065,226.3767604904175,226.60325049591063
2024-08-29 13:30:00+00:00,231.4199981689453,231.94000244140625,228.8800048828125,230.27999877929688,15038494,231.30428816986085,231.53570816802977
2024-08-29 14:30:00+00:00,232.4499969482422,232.9199981689453,231.4199981689453,231.42999267578125,7514577,232.33377194976808,232.5662219467163
2024-08-29 15:30:00+00:00,232.4499969482422,232.7091064453125,231.49000549316406,232.44760131835938,5159347,232.33377194976808,232.5662219467163
2024-08-29 16:30:00+00:00,232.1300048828125,232.7100067138672,231.8699951171875,232.4499969482422,3294078,232.0139398803711,232.2460698852539
2024-08-29 17:30:00+00:00,230.83599853515625,232.5,230.5500030517578,232.13999938964844,4397159,230.72058053588867,230.95141653442383
2024-08-29 18:30:00+00:00,230.13999938964844,230.97000122070312,229.62010192871094,230.8300018310547,5247050,230.02492938995363,230.25506938934325
2024-08-29 19:30:00+00:00,229.80999755859375,230.77000427246094,229.3300018310547,230.1699981689453,4555191,229.69509255981447,229.92490255737303
2024-08-30 13:30:00+00:00,229.19500732421875,230.39999389648438,228.54010009765625,230.0,8962269,229.08040982055667,229.30960482788083
2024-08-30 14:30:00+00:00,228.2449951171875,230.00999450683594,227.72999572753906,229.1999969482422,4933862,228.13087261962892,228.35911761474608
2024-08-30 15:30:00+00:00,228.02999877929688,228.875,227.5500030517578,228.22000122070312,3257176,227.91598377990724,228.1440137786865
2024-08-30 16:30:00+00:00,228.14999389648438,228.6999969482422,227.47999572753906,228.02020263671875,2683350,228.03591889953614,228.2640688934326
2024-08-30 17:30:00+00:00,227.99000549316406,228.31500244140625,227.66000366210938,228.13499450683594,2414533,227.87601049041749,228.10400049591064
2024-08-30 18:30:00+00:00,229.0399932861328,229.0500030517578,227.9499969482422,228.0,3332557,228.92547328948976,229.15451328277587
2024-08-30 19:30:00+00:00,228.86000061035156,229.85000610351562,228.3800048828125,229.0399932861328,6922500,228.7455706100464,228.97443061065673
2024-09-03 13:30:00+00:00,225.30999755859375,229.0,224.72999572753906,228.23849487304688,10969784,225.19734255981447,225.42265255737303
2024-09-03 14:30:00+00:00,223.85499572753906,225.30499267578125,223.50999450683594,225.30499267578125,5984800,223.74306822967532,223.9669232254028
2024-09-03 15:30:00+00:00,223.88999938964844,224.42999267578125,223.27000427246094,223.86000061035156,3719653,223.77805438995364,224.00194438934324
2024-09-03 16:30:00+00:00,223.8314971923828,224.14999389648438,223.4499969482422,223.8800048828125,2520844,223.71958144378664,223.943412940979
2024-09-03 17:30:00+00:00,222.1300048828125,223.9199981689453,221.83999633789062,223.8251953125,4242288,222.0189398803711,222.2410698852539
2024-09-03 18:30:00+00:00,222.4499969482422,222.72999572753906,221.77000427246094,222.1199951171875,4336460,222.33877194976807,222.5612219467163
2024-09-03 19:30:00+00:00,222.75,222.77999877929688,221.1699981689453,222.44000244140625,6650499,222.63862500000002,222.86137499999998
2024-09-04 13:30:00+00:00,218.63499450683594,221.7550048828125,217.47999572753906,221.4499969482422,13419708,218.52567700958252,218.74431200408935
2024-09-04 14:30:00+00:00,218.6800994873047,220.25,218.5399932861328,218.6300048828125,6164994,218.57075943756104,218.78943953704834
2024-09-04 15:30:00+00:00,219.92999267578125,219.96499633789062,218.02000427246094,218.69500732421875,3511069,219.82002767944337,220.03995767211913
2024-09-04 16:30:00+00:00,220.1199951171875,220.7843017578125,219.5399932861328,219.9199981689453,3078968,220.00993511962892,220.23005511474608
2024-09-04 17:30:00+00:00,220.91000366210938,221.11000061035156,220.07000732421875,220.10459899902344,3084195,220.79954866027833,221.02045866394042
2024-09-04 18:30:00+00:00,220.5500030517578,221.13999938964844,220.1699981689453,220.89999389648438,3235652,220.43972805023193,220.6602780532837
2024-09-04 19:30:00+00:00,220.7899932861328,221.4300994873047,220.4199981689453,220.5500030517578,4798702,220.67959828948975,220.90038828277588
2024-09-05 13:30:00+00:00,225.05999755859375,225.47999572753906,221.52000427246094,221.52000427246094,10704328,224.94746755981447,225.17252755737303
2024-09-05 14:30:00+00:00,222.47999572753906,225.38999938964844,222.3800048828125,225.0800018310547,4610709,222.3687557296753,222.5912357254028
2024-09-05 15:30:00+00:00,222.79519653320312,222.81959533691406,221.88999938964844,222.4600067138672,3171908,222.68379893493653,222.90659413146972
2024-09-05 16:30:00+00:00,222.38999938964844,223.14999389648438,222.33999633789062,222.7899932861328,2425313,222.27880438995362,222.50119438934325
2024-09-05 17:30:00+00:00,223.33059692382812,223.75,222.37420654296875,222.397705078125,2790012,223.21893162536622,223.44226222229003
2024-09-05 18:30:00+00:00,222.8300018310547,223.89999389648438,222.11000061035156,223.33999633789062,2545064,222.71858683013917,222.9414168319702
2024-09-05 19:30:00+00:00,222.39999389648438,223.3699951171875,221.8101043701172,222.82000732421875,3426613,222.28879389953613,222.51119389343262
2024-09-06 13:30:00+00:00,222.69000244140625,225.19659423828125,222.3800048828125,223.89999389648438,10837039,222.57865744018557,222.80134744262693
2024-09-06 14:30:00+00:00,221.25,223.02000427246094,220.8300018310547,222.6699981689453,6152793,221.139375,221.360625
2024-09-06 15:30:00+00:00,220.68569946289062,222.0677947998047,220.66200256347656,221.25,3892594,220.5753566131592,220.79604231262206
2024-09-06 16:30:00+00:00,220.97999572753906,221.63999938964844,220.4600067138672,220.6999969482422,3419148,220.8695057296753,221.09048572540283
2024-09-06 17:30:00+00:00,220.18780517578125,221.08999633789062,219.77000427246094,220.9499969482422,3000383,220.07771127319336,220.29789907836914
2024-09-06 18:30:00+00:00,221.05999755859375,221.47000122070312,219.82000732421875,220.19000244140625,3924346,220.94946755981448,221.17052755737302
2024-09-06 19:30:00+00:00,220.91000366210938,221.5500030517578,220.13999938964844,221.0625,4597875,220.79954866027833,221.02045866394042
2024-09-09 13:30:00+00:00,218.875,221.27000427246094,217.82000732421875,220.89999389648438,13584735,218.76556250000002,218.98443749999998
2024-09-09 14:30:00+00:00,218.9600067138672,219.00999450683594,217.0500030517578,218.8800048828125,6687156,218.85052671051025,219.06948671722412
2024-09-09 15:30:00+00:00,220.2039031982422,220.5,218.92999267578125,218.97999572753906,4368450,220.09380124664307,220.3140051498413
2024-09-09 16:30:00+00:00,220.83999633789062,220.92999267578125,219.80999755859375,220.2126007080078,4747989,220.7295763397217,220.95041633605956
2024-09-09 17:30:00+00:00,217.1699981689453,220.85000610351562,217.0800018310547,220.83799743652344,11488645,217.06141316986086,217.27858316802977
2024-09-09 18:30:00+00:00,219.25999450683594,219.2725067138672,216.72000122070312,217.13999938964844,9269515,219.15036450958254,219.36962450408933
2024-09-09 19:30:00+00:00,220.99000549316406,221.0364990234375,219.27000427246094,219.27000427246094,8206929,220.8795104904175,221.10050049591064
2024-09-10 13:30:00+00:00,219.77999877929688,220.02000427246094,216.72999572753906,218.88499450683594,14107205,219.67010877990725,219.8898887786865
2024-09-10 14:30:00+00:00,219.9499969482422,220.22000122070312,218.22000122070312,219.76499938964844,6070511,219.84002194976807,220.0599719467163
2024-09-10 15:30:00+00:00,218.5399932861328,220.41000366210938,218.0404052734375,219.9499969482422,4556201,218.43072328948975,218.64926328277588
2024-09-10 16:30:00+00:00,220.27000427246094,220.64999389648438,218.49000549316406,218.5301055908203,3685902,220.15986927032472,220.38013927459716
2024-09-10 17:30:00+00:00,220.80999755859375,221.47999572753906,220.19590759277344,220.27000427246094,3978034,220.69959255981448,220.92040255737302
2024-09-10 18:30:00+00:00,220.75,221.0449981689453,220.2100067138672,220.8300018310547,5332395,220.63962500000002,220.86037499999998
2024-09-10 19:30:00+00:00,220.1699981689453,221.11000061035156,219.67999267578125,220.7449951171875,4674197,220.05991316986086,220.28008316802976
2024-09-11 13:30:00+00:00,219.25,223.08999633789062,219.14999389648438,221.4250030517578,9711642,219.140375,219.359625
2024-09-11 14:30:00+00:00,218.89999389648438,219.33999633789062,217.88999938964844,219.24000549316406,4829296,218.79054389953615,219.0094438934326
2024-09-11 15:30:00+00:00,220.835205078125,220.9499969482422,218.6699981689453,218.89999389648438,3877449,220.72478747558594,220.94562268066406
2024-09-11 16:30:00+00:00,221.32000732421875,221.85000610351562,220.50999450683594,220.86000061035156,2788950,221.20934732055665,221.43066732788085
2024-09-11 17:30:00+00:00,221.6199951171875,221.6999969482422,220.83999633789062,221.25999450683594,3552924,221.5091851196289,221.7308051147461
2024-09-11 18:30:00+00:00,221.97000122070312,221.97000122070312,221.11000061035156,221.64999389648438,4285668,221.8590162200928,222.08098622131345
2024-09-11 19:30:00+00:00,222.86000061035156,223.0,221.67999267578125,221.9550018310547,5531388,222.7485706100464,222.97143061065674
2024-09-12 13:30:00+00:00,222.07000732421875,222.5800018310547,219.82000732421875,221.67999267578125,8196037,221.95897232055665,222.18104232788085
2024-09-12 14:30:00+00:00,221.89999389648438,223.0675048828125,221.08999633789062,222.07119750976562,4368515,221.78904389953615,222.0109438934326
2024-09-12 15:30:00+00:00,221.92999267578125,222.5399932861328,221.6199951171875,221.89999389648438,2289208,221.81902767944337,222.04095767211913
2024-09-12 16:30:00+00:00,222.6199951171875,223.0500030517578,221.7100067138672,221.9499969482422,2450018,222.50868511962892,222.73130511474608
2024-09-12 17:30:00+00:00,223.14010620117188,223.22999572753906,222.5800018310547,222.60000610351562,2928926,223.0285361480713,223.25167625427244
2024-09-12 18:30:00+00:00,222.94000244140625,223.5399932861328,222.16000366210938,223.13999938964844,3839512,222.82853244018557,223.05147244262693
2024-09-12 19:30:00+00:00,222.8699951171875,223.3489990234375,222.44000244140625,222.92999267578125,5236457,222.75856011962892,222.98143011474608
2024-09-13 13:30:00+00:00,222.3699951171875,223.85000610351562,222.19000244140625,223.59500122070312,9588879,222.25881011962892,222.48118011474608
2024-09-13 14:30:00+00:00,223.5449981689453,223.75,221.91000366210938,222.35000610351562,4492924,223.43322566986086,223.65677066802976
2024-09-13 15:30:00+00:00,223.3101043701172,223.99000549316406,223.05499267578125,223.5449981689453,2825345,223.19844931793213,223.42175942230224
2024-09-13 16:30:00+00:00,223.58380126953125,224.02999877929688,223.22000122070312,223.32000732421875,2326834,223.4720093688965,223.695593170166
2024-09-13 17:30:00+00:00,223.0,224.02000427246094,222.85000610351562,223.5800018310547,2945593,222.88850000000002,223.11149999999998
2024-09-13 18:30:00+00:00,222.53399658203125,223.0500030517578,222.33120727539062,222.9949951171875,3150741,222.42272958374025,222.64526358032225
2024-09-13 19:30:00+00:00,222.4600067138672,222.84300231933594,222.30999755859375,222.5399932861328,4426267,222.34877671051026,222.5712367172241
2024-09-16 13:30:00+00:00,216.66000366210938,217.1999969482422,213.9199981689453,216.5500030517578,21390264,216.55167366027834,216.7683336639404
2024-09-16 14:30:00+00:00,216.55650329589844,216.9149932861328,214.83999633789062,216.64010620117188,8162076,216.4482250442505,216.66478154754637
2024-09-16 15:30:00+00:00,215.39999389648438,216.5800018310547,214.91000366210938,216.5500030517578,4852521,215.29229389953613,215.50769389343262
2024-09-16 16:30:00+00:00,215.96499633789062,215.97999572753906,214.92010498046875,215.38999938964844,3748142,215.8570138397217,216.07297883605955
2024-09-16 17:30:00+00:00,216.42999267578125,216.52000427246094,215.75,215.9600067138672,3606890,216.32177767944336,216.53820767211914
2024-09-16 18:30:00+00:00,216.22500610351562,216.466796875,215.9199981689453,216.4250030517578,4144167,216.11689360046387,216.33311860656738
2024-09-16 19:30:00+00:00,216.3000030517578,216.6999969482422,216.17999267578125,216.3000030517578,5232224,216.19185305023194,216.40815305328368
2024-09-17 13:30:00+00:00,216.4199981689453,216.58990478515625,214.5,215.75,11537502,216.31178816986085,216.52820816802978
2024-09-17 14:30:00+00:00,216.2050018310547,216.89999389648438,215.8426055908203,216.39999389648438,5086619,216.09689933013917,216.3131043319702
2024-09-17 15:30:00+00:00,215.75999450683594,216.83999633789062,215.50999450683594,216.2100067138672,4563369,215.65211450958253,215.86787450408934
2024-09-17 16:30:00+00:00,216.1699981689453,216.22999572753906,215.22999572753906,215.77000427246094,4929353,216.06191316986084,216.27808316802978
2024-09-17 17:30:00+00:00,216.14999389648438,216.38999938964844,215.05999755859375,216.16000366210938,3204596,216.04191889953614,216.2580688934326
2024-09-17 18:30:00+00:00,216.61000061035156,216.6199951171875,215.3000030517578,216.13999938964844,3928149,216.5016956100464,216.71830561065673
2024-09-17 19:30:00+00:00,216.85000610351562,216.85000610351562,216.1699981689453,216.60000610351562,4733527,216.7415811004639,216.95843110656736
2024-09-18 13:30:00+00:00,220.73500061035156,220.73500061035156,217.5399932861328,217.58999633789062,11719770,220.6246331100464,220.84536811065672
2024-09-18 14:30:00+00:00,220.6300048828125,221.61000061035156,220.25100708007812,220.7301025390625,8156545,220.51968988037112,220.74031988525388
2024-09-18 15:30:00+00:00,220.80999755859375,220.86990356445312,219.52000427246094,220.63999938964844,4730443,220.69959255981448,220.92040255737302
2024-09-18 16:30:00+00:00,221.21009826660156,221.35000610351562,220.25999450683594,220.8000030517578,4663209,221.09949321746828,221.32070331573485
2024-09-18 17:30:00+00:00,221.4073028564453,222.6999969482422,219.92999267578125,221.22000122070312,7417109,221.2965992050171,221.51800650787354
2024-09-18 18:30:00+00:00,221.5,221.85000610351562,218.92999267578125,221.4958953857422,7309128,221.38925,221.61075
2024-09-18 19:30:00+00:00,220.69000244140625,221.80999755859375,219.8800048828125,221.5399932861328,6247706,220.57965744018557,220.80034744262693
2024-09-19 13:30:00+00:00,229.4949951171875,229.60000610351562,224.63999938964844,224.94000244140625,18240508,229.38024761962893,229.60974261474607
2024-09-19 14:30:00+00:00,228.49000549316406,229.82000732421875,227.66000366210938,229.60499572753906,8846328,228.3757604904175,228.60425049591063
2024-09-19 15:30:00+00:00,228.9949951171875,229.17999267578125,228.0,228.48460388183594,5729594,228.88049761962893,229.10949261474607
2024-09-19 16:30:00+00:00,229.17010498046875,229.3300018310547,228.72079467773438,228.99000549316406,4098355,229.05551992797854,229.28469003295896
2024-09-19 17:30:00+00:00,228.8699951171875,229.45570373535156,228.39999389648438,229.20689392089844,4410441,228.7555601196289,228.9844301147461
2024-09-19 18:30:00+00:00,229.46719360351562,229.49000549316406,228.76010131835938,228.8699951171875,4815301,229.35246000671387,229.58192720031738
2024-09-19 19:30:00+00:00,228.82000732421875,229.58999633789062,228.2899932861328,229.4600067138672,7376731,228.70559732055665,228.93441732788085
2024-09-20 13:30:00+00:00,230.0345001220703,231.16000366210938,229.22000122070312,229.97000122070312,28984531,229.9194828720093,230.14951737213133
2024-09-20 14:30:00+00:00,229.77000427246094,230.5800018310547,229.1999969482422,230.02999877929688,12497143,229.65511927032472,229.88488927459716
2024-09-20 15:30:00+00:00,231.72999572753906,231.74000549316406,229.74000549316406,229.75999450683594,7914719,231.6141307296753,231.84586072540282
2024-09-20 16:30:00+00:00,230.75,231.9199981689453,230.61000061035156,231.72000122070312,6485883,230.634625,230.865375
2024-09-20 17:30:00+00:00,229.77720642089844,231.25999450683594,229.60000610351562,230.74000549316406,7870480,229.662317817688,229.89209502410887
2024-09-20 18:30:00+00:00,231.97500610351562,232.0,229.5,229.77000427246094,10546962,231.85901860046388,232.09099360656737
2024-09-20 19:30:00+00:00,228.52999877929688,233.08999633789062,227.6199951171875,231.97500610351562,25542112,228.41573377990724,228.6442637786865
2024-09-23 13:30:00+00:00,228.00999450683594,228.02310180664062,225.86000061035156,227.33999633789062,13371890,227.89598950958253,228.12399950408934
2024-09-23 14:30:00+00:00,228.6533966064453,229.4499969482422,227.6300048828125,228.00999450683594,6527851,228.5390699081421,228.76772330474853
2024-09-23 15:30:00+00:00,226.94000244140625,228.89999389648438,226.92999267578125,228.66000366210938,3575768,226.82653244018556,227.05347244262694
2024-09-23 16:30:00+00:00,226.74000549316406,227.41000366210938,226.62010192871094,226.94000244140625,3228628,226.6266354904175,226.85337549591063
2024-09-23 17:30:00+00:00,226.67999267578125,227.17999267578125,226.50999450683594,226.74899291992188,2921492,226.56665267944337,226.79333267211913
2024-09-23 18:30:00+00:00,226.2899932861328,226.75999450683594,226.0,226.69000244140625,3625613,226.17684828948975,226.40313828277587
2024-09-23 19:30:00+00:00,226.4499969482422,226.6999969482422,225.80999755859375,226.27999877929688,4381769,226.3367719497681,226.56322194671628
2024-09-24 13:30:00+00:00,226.07000732421875,229.35000610351562,226.0500030517578,229.17999267578125,7586055,225.95697232055664,226.18304232788086
2024-09-24 14:30:00+00:00,227.01210021972656,227.47999572753906,225.74000549316406,226.07000732421875,4155816,226.8985941696167,227.12560626983642
2024-09-24 15:30:00+00:00,227.5500030517578,227.73939514160156,226.6999969482422,227.02000427246094,2884573,227.43622805023193,227.6637780532837
2024-09-24 16:30:00+00:00,227.24000549316406,227.75999450683594,226.80999755859375,227.5399932861328,2149179,227.1263854904175,227.35362549591062
2024-09-24 17:30:00+00:00,226.8791046142578,227.47999572753906,226.80999755859375,227.24220275878906,1936488,226.7656650619507,226.99254416656493
2024-09-24 18:30:00+00:00,227.0260009765625,227.08999633789062,226.5399932861328,226.8699951171875,1999556,226.91248797607423,227.13951397705077
2024-09-24 19:30:00+00:00,227.36000061035156,227.5,226.3699951171875,227.0399932861328,4656959,227.2463206100464,227.47368061065671
2024-09-25 13:30:00+00:00,226.38499450683594,227.2899932861328,224.61000061035156,224.92999267578125,8474136,226.27180200958253,226.49818700408935
2024-09-25 14:30:00+00:00,225.4499969482422,226.79989624023438,225.3000030517578,226.3699951171875,4105730,225.33727194976808,225.5627219467163
2024-09-25 15:30:00+00:00,225.87010192871094,225.98989868164062,225.32000732421875,225.39999389648438,2773314,225.75716687774658,225.9830369796753
2024-09-25 16:30:00+00:00,225.36000061035156,226.02000427246094,225.27000427246094,225.86000061035156,2776012,225.2473206100464,225.47268061065674
2024-09-25 17:30:00+00:00,224.89999389648438,225.4499969482422,224.02999877929688,225.35000610351562,4550963,224.78754389953613,225.01244389343262
2024-09-25 18:30:00+00:00,225.25990295410156,225.32000732421875,224.72999572753906,224.88999938964844,2750104,225.14727300262453,225.3725329055786
2024-09-25 19:30:00+00:00,226.30999755859375,226.44000244140625,225.19000244140625,225.25,4052788,226.19684255981446,226.42315255737304
2024-09-26 13:30:00+00:00,226.89999389648438,227.6199951171875,225.41000366210938,227.3000030517578,8068088,226.78654389953616,227.0134438934326
2024-09-26 14:30:00+00:00,227.3896942138672,228.5,226.52999877929688,226.91000366210938,5650345,227.27599936676026,227.50338906097411
2024-09-26 15:30:00+00:00,227.30999755859375,227.82000732421875,226.67999267578125,227.38650512695312,2992378,227.19634255981447,227.42365255737303
2024-09-26 16:30:00+00:00,227.15499877929688,227.39999389648438,226.6699981689453,227.31500244140625,1819367,227.04142127990724,227.2685762786865
2024-09-26 17:30:00+00:00,227.7050018310547,227.7100067138672,226.9709930419922,227.15499877929688,2270366,227.59114933013916,227.81885433197021
2024-09-26 18:30:00+00:00,227.5749969482422,227.86500549316406,227.46200561523438,227.7100067138672,2387943,227.4612094497681,227.68878444671628
2024-09-26 19:30:00+00:00,227.6199951171875,227.7899932861328,226.99000549316406,227.5800018310547,3934449,227.50618511962892,227.73380511474608
2024-09-27 13:30:00+00:00,228.95089721679688,229.52000427246094,227.99000549316406,228.42999267578125,7047356,228.8364217681885,229.06537266540525
2024-09-27 14:30:00+00:00,228.1300048828125,229.07000732421875,227.83999633789062,228.93960571289062,4099029,228.0159398803711,228.2440698852539
2024-09-27 15:30:00+00:00,228.14999389648438,228.25,227.3000030517578,228.1199951171875,3339358,228.03591889953614,228.2640688934326
2024-09-27 16:30:00+00:00,227.9949951171875,228.6199951171875,227.9199981689453,228.13999938964844,1914209,227.8809976196289,228.1089926147461
2024-09-27 17:30:00+00:00,227.89500427246094,228.52000427246094,227.80999755859375,227.99000549316406,2008696,227.7810567703247,228.00895177459716
2024-09-27 18:30:00+00:00,227.80999755859375,228.19000244140625,227.52999877929688,227.89999389648438,2165156,227.69609255981447,227.92390255737303
2024-09-27 19:30:00+00:00,227.82000732421875,228.0,227.5500030517578,227.82000732421875,3703154,227.70609732055667,227.93391732788083
2024-09-30 13:30:00+00:00,230.97999572753906,232.34120178222656,229.65499877929688,230.15499877929688,11787517,230.8645057296753,231.09548572540282
2024-09-30 14:30:00+00:00,231.89999389648438,232.04989624023438,230.75,230.97000122070312,4589294,231.78404389953616,232.0159438934326
2024-09-30 15:30:00+00:00,232.1199951171875,232.53829956054688,231.8300018310547,232.02000427246094,3947937,232.00393511962892,232.23605511474608
2024-09-30 16:30:00+00:00,231.64500427246094,232.1999969482422,231.30999755859375,232.1199951171875,2500766,231.52918177032473,231.76082677459715
2024-09-30 17:30:00+00:00,231.00999450683594,232.0,230.5500030517578,231.64999389648438,3105354,230.89448950958254,231.12549950408933
2024-09-30 18:30:00+00:00,231.22000122070312,231.91000366210938,230.77639770507812,231.0,3385830,231.1043912200928,231.33561122131346
2024-09-30 19:30:00+00:00,233.0,233.0,231.11000061035156,231.2050018310547,9077998,232.88350000000003,233.11649999999997
2024-10-01 13:30:00+00:00,224.9600067138672,229.6199951171875,224.66000366210938,229.5500030517578,18785859,224.84752671051027,225.0724867172241
2024-10-01 14:30:00+00:00,225.47500610351562,225.5,224.52000427246094,224.97999572753906,7238550,225.3622686004639,225.58774360656736
2024-10-01 15:30:00+00:00,225.31300354003906,225.94000244140625,225.0500030517578,225.47000122070312,5236262,225.20034703826906,225.42566004180907
2024-10-01 16:30:00+00:00,223.92999267578125,225.39500427246094,223.74000549316406,225.3000030517578,4629057,223.81802767944336,224.04195767211914
2024-10-01 17:30:00+00:00,225.4600067138672,225.63999938964844,223.83999633789062,223.92999267578125,4115947,225.34727671051027,225.5727367172241
2024-10-01 18:30:00+00:00,226.1501007080078,226.1884002685547,225.24600219726562,225.44000244140625,4202375,226.03702565765383,226.2631757583618
2024-10-01 19:30:00+00:00,226.25999450683594,226.33999633789062,225.87570190429688,226.14999389648438,5044106,226.14686450958254,226.37312450408933
2024-10-02 13:30:00+00:00,225.4199981689453,226.11000061035156,223.02999877929688,225.6999969482422,9385176,225.30728816986084,225.53270816802979
2024-10-02 14:30:00+00:00,226.2050018310547,226.60000610351562,225.27000427246094,225.39999389648438,4586645,226.09189933013917,226.3181043319702
2024-10-02 15:30:00+00:00,226.95199584960938,227.0500030517578,226.1649932861328,226.22000122070312,3954712,226.8385198516846,227.06547184753416
2024-10-02 16:30:00+00:00,226.95989990234375,227.03939819335938,226.58999633789062,226.9499969482422,2173028,226.84641995239258,227.07337985229492
2024-10-02 17:30:00+00:00,226.82000732421875,227.17999267578125,226.35000610351562,226.94000244140625,2418335,226.70659732055665,226.93341732788085
2024-10-02 18:30:00+00:00,227.24000549316406,227.3300018310547,226.64999389648438,226.8000030517578,2105356,227.1263854904175,227.35362549591062
2024-10-02 19:30:00+00:00,226.80999755859375,227.3699951171875,226.69009399414062,227.22500610351562,2793983,226.69659255981446,226.92340255737304
2024-10-03 13:30:00+00:00,224.8350067138672,226.8000030517578,224.72000122070312,225.24000549316406,6220681,224.72258921051028,224.9474242172241
2024-10-03 14:30:00+00:00,224.87420654296875,225.52999877929688,224.26499938964844,224.80999755859375,4150076,224.76176943969728,224.98664364624022
2024-10-03 15:30:00+00:00,225.07119750976562,225.3699951171875,224.8300018310547,224.88839721679688,3280055,224.95866191101075,225.1837331085205
2024-10-03 16:30:00+00:00,223.8350067138672,225.09629821777344,223.3238983154297,225.08999633789062,3492200,223.72308921051027,223.9469242172241
2024-10-03 17:30:00+00:00,223.84010314941406,224.40989685058594,223.70010375976562,223.83999633789062,1911305,223.72818309783938,223.95202320098875
2024-10-03 18:30:00+00:00,223.6999969482422,224.0399932861328,223.50010681152344,223.8350067138672,2380663,223.5881469497681,223.8118469467163
2024-10-03 19:30:00+00:00,225.6699981689453,225.83999633789062,223.66000366210938,223.7100067138672,5709739,225.55716316986084,225.78283316802978
2024-10-04 13:30:00+00:00,224.510498046875,228.0,224.3800048828125,227.88999938964844,8338473,224.39824279785157,224.62275329589843
2024-10-04 14:30:00+00:00,224.55999755859375,225.5399932861328,224.13999938964844,224.49000549316406,4171900,224.44771755981446,224.67227755737304
2024-10-04 15:30:00+00:00,224.9499969482422,225.57000732421875,224.3249969482422,224.52999877929688,3129678,224.83752194976807,225.0624719467163
2024-10-04 16:30:00+00:00,225.10009765625,225.47999572753906,224.8675994873047,224.9571075439453,1978865,224.98754760742187,225.21264770507813
2024-10-04 17:30:00+00:00,225.08999633789062,225.35000610351562,224.5500030517578,225.1199951171875,2430951,224.97745133972168,225.20254133605957
2024-10-04 18:30:00+00:00,226.09010314941406,226.19000244140625,225.0399932861328,225.08999633789062,3128943,225.97705809783938,226.20314820098875
2024-10-04 19:30:00+00:00,226.77999877929688,226.97999572753906,225.92999267578125,226.09500122070312,4791908,226.66660877990725,226.8933887786865
2024-10-07 13:30:00+00:00,225.32000732421875,225.5399932861328,224.05499267578125,224.4600067138672,7846943,225.20734732055666,225.43266732788084
2024-10-07 14:30:00+00:00,225.0601043701172,225.69000244140625,224.47999572753906,225.31500244140625,3155397,224.94757431793215,225.17263442230222
2024-10-07 15:30:00+00:00,224.25999450683594,225.27999877929688,224.07000732421875,225.0800018310547,2733871,224.14786450958252,224.37212450408936
2024-10-07 16:30:00+00:00,223.80999755859375,224.57000732421875,223.80999755859375,224.25,2471325,223.69809255981446,223.92190255737304
2024-10-07 17:30:00+00:00,223.74989318847656,224.05999755859375,223.39999389648438,223.7801055908203,2377594,223.63801824188235,223.86176813507078
2024-10-07 18:30:00+00:00,222.56500244140625,223.72999572753906,222.22999572753906,223.72999572753906,4495723,222.45371994018555,222.67628494262695
2024-10-07 19:30:00+00:00,221.72000122070312,222.6300048828125,221.3350067138672,222.56399536132812,4695507,221.6091412200928,221.83086122131346
2024-10-08 13:30:00+00:00,224.89999389648438,225.8800048828125,223.25,224.30999755859375,8969276,224.78754389953613,225.01244389343262
2024-10-08 14:30:00+00:00,225.3300018310547,225.9600067138672,224.66000366210938,224.89759826660156,3802538,225.21733683013917,225.4426668319702
2024-10-08 15:30:00+00:00,224.82000732421875,225.60000610351562,224.74000549316406,225.33929443359375,2178501,224.70759732055666,224.93241732788084
2024-10-08 16:30:00+00:00,224.74000549316406,225.0,224.22239685058594,224.8300018310547,1971901,224.6276354904175,224.85237549591062
2024-10-08 17:30:00+00:00,224.92970275878906,225.11500549316406,224.66000366210938,224.74000549316406,1560837,224.8172379074097,225.04216761016843
2024-10-08 18:30:00+00:00,225.27000427246094,225.58999633789062,224.77999877929688,224.9199981689453,2592549,225.15736927032472,225.38263927459715
2024-10-08 19:30:00+00:00,225.77999877929688,225.97500610351562,225.23500061035156,225.27000427246094,3794652,225.66710877990724,225.8928887786865
2024-10-09 13:30:00+00:00,227.10000610351562,227.1699981689453,224.8300018310547,225.5,6790643,226.98645610046387,227.21355610656738
2024-10-09 14:30:00+00:00,228.19000244140625,228.2899932861328,226.97000122070312,227.10000610351562,4601032,228.07590744018555,228.30409744262695
2024-10-09 15:30:00+00:00,228.7100067138672,228.7100067138672,228.08200073242188,228.2100067138672,3064533,228.59565171051025,228.82436171722412
2024-10-09 16:30:00+00:00,228.86000061035156,229.03990173339844,228.52000427246094,228.72000122070312,2317434,228.7455706100464,228.97443061065673
2024-10-09 17:30:00+00:00,229.6300048828125,229.6699981689453,228.02999877929688,228.83999633789062,2705052,229.5151898803711,229.7448198852539
2024-10-09 18:30:00+00:00,229.07420349121094,229.62989807128906,228.8000030517578,229.6199951171875,3361168,228.95966638946535,229.18874059295652
2024-10-09 19:30:00+00:00,229.50999450683594,229.75,229.05999755859375,229.07000732421875,3238655,229.39523950958252,229.62474950408935
2024-10-10 13:30:00+00:00,228.2554931640625,228.82980346679688,227.1699981689453,227.77999877929688,6391325,228.14136541748047,228.36962091064453
2024-10-10 14:30:00+00:00,228.2899932861328,228.39599609375,227.6300048828125,228.2364044189453,3150593,228.17584828948975,228.40413828277588
2024-10-10 15:30:00+00:00,228.7100067138672,229.22999572753906,228.13999938964844,228.2899932861328,2234297,228.59565171051025,228.82436171722412
2024-10-10 16:30:00+00:00,228.5,228.73910522460938,228.12030029296875,228.72500610351562,1857916,228.38575,228.61425
2024-10-10 17:30:00+00:00,228.32000732421875,228.8000030517578,228.0399932861328,228.49000549316406,1786905,228.20584732055664,228.43416732788086
2024-10-10 18:30:00+00:00,228.85499572753906,228.94500732421875,228.07000732421875,228.32000732421875,1924289,228.74056822967532,228.9694232254028
2024-10-10 19:30:00+00:00,229.02999877929688,229.5,228.80499267578125,228.85499572753906,3089900,228.91548377990725,229.1445137786865
2024-10-11 13:30:00+00:00,228.75999450683594,228.89999389648438,227.33999633789062,228.2949981689453,6270537,228.64561450958254,228.87437450408933
2024-10-11 14:30:00+00:00,227.97500610351562,229.19000244140625,227.7899932861328,228.74000549316406,3392321,227.8610186004639,228.08899360656736
2024-10-11 15:30:00+00:00,227.83009338378906,228.11000061035156,227.66000366210938,227.9700927734375,3047535,227.71617833709718,227.94400843048095
2024-10-11 16:30:00+00:00,227.83999633789062,227.98500061035156,227.41000366210938,227.8300018310547,2091191,227.7260763397217,227.95391633605956
2024-10-11 17:30:00+00:00,228.19500732421875,228.4499969482422,227.5800018310547,227.8249969482422,2354655,228.08090982055666,228.30910482788084
2024-10-11 18:30:00+00:00,228.69000244140625,228.97000122070312,228.05999755859375,228.19500732421875,2828890,228.57565744018555,228.80434744262695
2024-10-11 19:30:00+00:00,227.52000427246094,228.75999450683594,227.5,228.68870544433594,3955806,227.40624427032472,227.63376427459716
2024-10-14 13:30:00+00:00,230.68499755859375,231.30999755859375,228.60000610351562,228.6999969482422,8542412,230.56965505981447,230.80034005737303
2024-10-14 14:30:00+00:00,229.69000244140625,230.8800048828125,229.14999389648438,230.68499755859375,3661063,229.57515744018556,229.80484744262694
2024-10-14 15:30:00+00:00,230.24949645996094,230.52920532226562,229.42999267578125,229.67999267578125,2488171,230.13437171173098,230.3646212081909
2024-10-14 16:30:00+00:00,230.42999267578125,230.6063995361328,230.1999969482422,230.25999450683594,1601087,230.31477767944338,230.54520767211912
2024-10-14 17:30:00+00:00,230.4600067138672,230.55029296875,230.05999755859375,230.41000366210938,2240039,230.34477671051027,230.5752367172241
2024-10-14 18:30:00+00:00,231.22259521484375,231.44679260253906,230.4499969482422,230.48350524902344,3574497,231.10698391723633,231.33820651245117
2024-10-14 19:30:00+00:00,231.3000030517578,231.72779846191406,231.0399932861328,231.22000122070312,4541236,231.18435305023195,231.41565305328368
2024-10-15 13:30:00+00:00,235.82000732421875,237.49000549316406,232.3699951171875,233.58999633789062,21113589,235.70209732055665,235.93791732788085
2024-10-15 14:30:00+00:00,235.431396484375,236.1300048828125,234.67010498046875,235.82000732421875,8085291,235.31368078613284,235.54911218261716
2024-10-15 15:30:00+00:00,234.75999450683594,236.2899932861328,234.5500030517578,235.42999267578125,5436418,234.64261450958253,234.87737450408935
2024-10-15 16:30:00+00:00,234.02000427246094,235.1999969482422,233.85000610351562,234.75,3242105,233.9029942703247,234.13701427459716
2024-10-15 17:30:00+00:00,233.94000244140625,234.47000122070312,233.5,233.96400451660156,3554666,233.82303244018556,234.05697244262694
2024-10-15 18:30:00+00:00,233.24000549316406,234.0800018310547,233.0449981689453,233.94000244140625,3377696,233.1233854904175,233.35662549591063
2024-10-15 19:30:00+00:00,233.8000030517578,234.0699005126953,232.80999755859375,233.25,5720018,233.68310305023195,233.91690305328368
2024-10-16 13:30:00+00:00,230.72970581054688,232.1199951171875,229.85000610351562,231.6199951171875,10626875,230.61434095764162,230.84507066345213
2024-10-16 14:30:00+00:00,230.5850067138672,231.13999938964844,230.0500030517578,230.7100067138672,3846997,230.46971421051026,230.7002992172241
2024-10-16 15:30:00+00:00,230.33999633789062,230.95989990234375,230.06100463867188,230.5800018310547,3420832,230.2248263397217,230.45516633605956
2024-10-16 16:30:00+00:00,230.90989685058594,231.2899932861328,230.32000732421875,230.34500122070312,2259958,230.79444190216066,231.02535179901122
2024-10-16 17:30:00+00:00,231.11000061035156,231.36000061035156,230.5800018310547,230.90989685058594,2251178,230.9944456100464,231.22555561065673
2024-10-16 18:30:00+00:00,231.61500549316406,231.6199951171875,230.97999572753906,231.10000610351562,2354257,231.49919799041749,231.73081299591064
2024-10-16 19:30:00+00:00,231.75,231.92999267578125,231.22000122070312,231.6199951171875,3021398,231.634125,231.865875
2024-10-17 13:30:00+00:00,232.4001007080078,233.85000610351562,230.52999877929688,233.44000244140625,7759044,232.28390065765382,232.5163007583618
2024-10-17 14:30:00+00:00,232.25999450683594,232.48989868164062,231.1999969482422,232.42999267578125,2876717,232.14386450958253,232.37612450408935
2024-10-17 15:30:00+00:00,232.25,232.8040008544922,232.0500030517578,232.25999450683594,2263962,232.13387500000002,232.36612499999998
2024-10-17 16:30:00+00:00,232.3874053955078,232.52999877929688,232.02999877929688,232.24000549316406,2159812,232.27121169281008,232.50359909820554
2024-10-17 17:30:00+00:00,231.5865020751953,232.5800018310547,231.27499389648438,232.39999389648438,2722249,231.47070882415773,231.7022953262329
2024-10-17 18:30:00+00:00,231.7550048828125,232.11000061035156,231.3699951171875,231.5800018310547,2566480,231.6391273803711,231.8708823852539
2024-10-17 19:30:00+00:00,232.25999450683594,232.3300018310547,231.63999938964844,231.7550048828125,3485679,232.14386450958253,232.37612450408935
2024-10-18 13:30:00+00:00,234.77000427246094,236.0500030517578,234.02000427246094,235.8800048828125,17238560,234.65261927032472,234.88738927459715
2024-10-18 14:30:00+00:00,235.0399932861328,235.14999389648438,234.27499389648438,234.75999450683594,4579796,234.92247328948977,235.15751328277585
2024-10-18 15:30:00+00:00,234.99000549316406,235.33999633789062,234.75,235.0399932861328,4353306,234.87251049041748,235.10750049591064
2024-10-18 16:30:00+00:00,235.24000549316406,235.85000610351562,234.94000244140625,234.99000549316406,2973498,235.12238549041749,235.35762549591064
2024-10-18 17:30:00+00:00,235.52999877929688,235.75,235.04159545898438,235.24000549316406,2317890,235.41223377990724,235.6477637786865
2024-10-18 18:30:00+00:00,235.3000030517578,235.63999938964844,235.02999877929688,235.52499389648438,2651508,235.18235305023194,235.4176530532837
2024-10-18 19:30:00+00:00,234.97999572753906,235.3000030517578,234.8000030517578,235.2899932861328,3233611,234.86250572967532,235.0974857254028
2024-10-21 13:30:00+00:00,235.6699981689453,235.99000549316406,234.4499969482422,234.4499969482422,7360513,235.55216316986085,235.78783316802978
2024-10-21 14:30:00+00:00,235.4199981689453,236.10000610351562,235.1199951171875,235.6699981689453,5509527,235.30228816986084,235.53770816802978
2024-10-21 15:30:00+00:00,236.27999877929688,236.60499572753906,235.28500366210938,235.39999389648438,3915718,236.16185877990725,236.3981387786865
2024-10-21 16:30:00+00:00,236.37010192871094,236.61500549316406,236.11399841308594,236.3000030517578,2531558,236.2519168777466,236.48828697967528
2024-10-21 17:30:00+00:00,236.22500610351562,236.85000610351562,236.1999969482422,236.3800048828125,2198486,236.10689360046388,236.34311860656737
2024-10-21 18:30:00+00:00,236.13499450683594,236.27000427246094,235.88999938964844,236.22999572753906,2196498,236.01692700958253,236.25306200408934
2024-10-21 19:30:00+00:00,236.5800018310547,236.5800018310547,235.82749938964844,236.13499450683594,3275560,236.46171183013917,236.6982918319702
2024-10-22 13:30:00+00:00,233.91000366210938,234.1529998779297,232.61000061035156,233.8300018310547,10307807,233.79304866027834,234.0269586639404
2024-10-22 14:30:00+00:00,234.39950561523438,234.4499969482422,233.47000122070312,233.90499877929688,3560805,234.28230586242677,234.51670536804198
2024-10-22 15:30:00+00:00,234.1699981689453,234.90989685058594,234.1300048828125,234.40069580078125,2234313,234.05291316986086,234.28708316802977
2024-10-22 16:30:00+00:00,234.85000610351562,235.0399932861328,234.14999389648438,234.19000244140625,3239691,234.73258110046388,234.96743110656737
2024-10-22 17:30:00+00:00,235.31320190429688,236.0050048828125,234.84500122070312,234.85000610351562,3270200,235.19554530334474,235.430858505249
2024-10-22 18:30:00+00:00,235.6999969482422,235.74000549316406,235.17999267578125,235.3300018310547,1919543,235.5821469497681,235.8178469467163
2024-10-22 19:30:00+00:00,235.86000061035156,236.19000244140625,235.6999969482422,235.6999969482422,3335830,235.7420706100464,235.97793061065673
2024-10-23 13:30:00+00:00,234.72000122070312,235.1439971923828,233.80999755859375,234.32000732421875,6240289,234.60264122009278,234.83736122131347
2024-10-23 14:30:00+00:00,233.5,235.11990356445312,233.3249969482422,234.72000122070312,3486087,233.38325,233.61675
2024-10-23 15:30:00+00:00,229.69000244140625,233.7362060546875,229.63999938964844,233.49000549316406,12888223,229.57515744018556,229.80484744262694
2024-10-23 16:30:00+00:00,230.05499267578125,230.25,228.92999267578125,229.6699981689453,6554954,229.93996517944336,230.17002017211914
2024-10-23 17:30:00+00:00,228.6199951171875,230.07000732421875,227.75999450683594,230.02000427246094,4848232,228.5056851196289,228.7343051147461
2024-10-23 18:30:00+00:00,229.6750030517578,229.80990600585938,228.50999450683594,228.60000610351562,3897807,229.56016555023194,229.78984055328368
2024-10-23 19:30:00+00:00,230.75,230.86000061035156,229.61000061035156,229.6999969482422,4272929,230.634625,230.865375
2024-10-24 13:30:00+00:00,229.80999755859375,230.39999389648438,228.41000366210938,229.91700744628906,7720502,229.69509255981447,229.92490255737303
2024-10-24 14:30:00+00:00,229.82000732421875,230.3800048828125,229.22999572753906,229.85000610351562,3120118,229.70509732055666,229.93491732788084
2024-10-24 15:30:00+00:00,229.51939392089844,230.0399932861328,228.6699981689453,229.82000732421875,3095463,229.404634223938,229.63415361785889
2024-10-24 16:30:00+00:00,230.27000427246094,230.82000732421875,229.52000427246094,229.52000427246094,2497557,230.15486927032472,230.38513927459715
2024-10-24 17:30:00+00:00,230.4600067138672,230.5399932861328,230.0399932861328,230.27999877929688,1809617,230.34477671051027,230.5752367172241
2024-10-24 18:30:00+00:00,230.52999877929688,230.80999755859375,230.1199951171875,230.42999267578125,1900378,230.41473377990724,230.6452637786865
2024-10-24 19:30:00+00:00,230.57000732421875,230.8000030517578,230.22000122070312,230.5399932861328,2953907,230.45472232055664,230.68529232788086
2024-10-25 13:30:00+00:00,232.1300048828125,232.42990112304688,229.57000732421875,229.74000549316406,8235944,232.0139398803711,232.2460698852539
2024-10-25 14:30:00+00:00,232.22999572753906,233.1999969482422,232.1199951171875,232.1199951171875,4138746,232.11388072967532,232.3461107254028
2024-10-25 15:30:00+00:00,232.7100067138672,232.73199462890625,231.75999450683594,232.22999572753906,3211126,232.59365171051027,232.8263617172241
2024-10-25 16:30:00+00:00,231.8574981689453,232.94000244140625,231.52999877929688,232.73500061035156,2367087,231.74156941986087,231.97342691802976
2024-10-25 17:30:00+00:00,231.83999633789062,231.97149658203125,231.07000732421875,231.8300018310547,2818009,231.7240763397217,231.95591633605954
2024-10-25 18:30:00+00:00,231.6199951171875,232.1999969482422,231.3699951171875,231.84689331054688,2642893,231.50418511962891,231.73580511474609
2024-10-25 19:30:00+00:00,231.39999389648438,231.8000030517578,231.11000061035156,231.64999389648438,3572932,231.28429389953615,231.5156938934326
2024-10-28 13:30:00+00:00,233.6345977783203,234.5500030517578,232.65499877929688,233.31500244140625,7460256,233.51778047943117,233.75141507720946
2024-10-28 14:30:00+00:00,233.5500030517578,234.3300018310547,233.22000122070312,233.6199951171875,3740019,233.43322805023195,233.66677805328368
2024-10-28 15:30:00+00:00,234.3101043701172,234.31500244140625,233.14999389648438,233.5500030517578,2911796,234.19294931793215,234.42725942230223
2024-10-28 16:30:00+00:00,234.42999267578125,234.72999572753906,233.93260192871094,234.30999755859375,2874054,234.31277767944337,234.54720767211913
2024-10-28 17:30:00+00:00,233.9149932861328,234.64500427246094,233.91000366210938,234.4250030517578,1760124,233.79803578948975,234.03195078277588
2024-10-28 18:30:00+00:00,233.97000122070312,234.11000061035156,233.57000732421875,233.91000366210938,2014045,233.8530162200928,234.08698622131345
2024-10-28 19:30:00+00:00,233.49000549316406,233.98129272460938,233.11000061035156,233.9600067138672,4008212,233.3732604904175,233.60675049591063
2024-10-29 13:30:00+00:00,233.05999755859375,234.05499267578125,232.32000732421875,233.19500732421875,6668061,232.94346755981448,233.17652755737302
2024-10-29 14:30:00+00:00,233.27000427246094,233.69000244140625,233.0399932861328,233.0500030517578,3007074,233.15336927032473,233.38663927459714
2024-10-29 15:30:00+00:00,233.10000610351562,233.58999633789062,233.0200958251953,233.25999450683594,2252024,232.98345610046388,233.21655610656737
2024-10-29 16:30:00+00:00,233.88999938964844,234.2100067138672,233.02000427246094,233.10499572753906,2623926,233.77305438995361,234.00694438934326
2024-10-29 17:30:00+00:00,233.97000122070312,234.13999938964844,233.75999450683594,233.9199981689453,1696611,233.8530162200928,234.08698622131345
2024-10-29 18:30:00+00:00,234.1999969482422,234.2198944091797,233.8800048828125,233.98500061035156,3638890,234.08289694976807,234.3170969467163
2024-10-29 19:30:00+00:00,233.75,234.32000732421875,233.5399932861328,234.2050018310547,3460514,233.633125,233.866875
2024-10-30 13:30:00+00:00,231.86000061035156,233.2299041748047,231.69000244140625,232.6199951171875,8472341,231.7440706100464,231.97593061065672
2024-10-30 14:30:00+00:00,231.55499267578125,231.9499969482422,230.5050048828125,231.8668975830078,5454960,231.43921517944338,231.67077017211912
2024-10-30 15:30:00+00:00,231.1999053955078,231.6649932861328,231.05999755859375,231.55999755859375,3239280,231.08430544281006,231.31550534820556
2024-10-30 16:30:00+00:00,230.24110412597656,231.38999938964844,230.22999572753906,231.1999969482422,2657234,230.1259835739136,230.35622467803952
2024-10-30 17:30:00+00:00,230.64999389648438,231.0,229.8704071044922,230.2449951171875,3567357,230.53466889953614,230.7653188934326
2024-10-30 18:30:00+00:00,230.72999572753906,230.94000244140625,230.1699981689453,230.62010192871094,2963500,230.6146307296753,230.84536072540283
2024-10-30 19:30:00+00:00,230.13999938964844,230.83999633789062,229.55999755859375,230.72999572753906,6851304,230.02492938995363,230.25506938934325
2024-10-31 13:30:00+00:00,228.44500732421875,229.8300018310547,227.80999755859375,229.22999572753906,9145169,228.33078482055666,228.55922982788084
2024-10-31 14:30:00+00:00,227.31500244140625,228.72999572753906,226.8800048828125,228.4499969482422,5587159,227.20134494018555,227.42865994262695
2024-10-31 15:30:00+00:00,227.25,227.48500061035156,226.41000366210938,227.30999755859375,3752999,227.13637500000002,227.36362499999998
2024-10-31 16:30:00+00:00,227.860107421875,228.1768035888672,227.2001953125,227.27999877929688,3450859,227.74617736816407,227.97403747558593
2024-10-31 17:30:00+00:00,227.08999633789062,227.96629333496094,226.8249969482422,227.86000061035156,3797245,226.9764513397217,227.20354133605954
2024-10-31 18:30:00+00:00,227.3300018310547,227.77999877929688,226.69500732421875,227.09500122070312,5061193,227.21633683013917,227.4436668319702
2024-10-31 19:30:00+00:00,225.38999938964844,227.77999877929688,225.38999938964844,227.3300018310547,7068003,225.27730438995363,225.50269438934325
2024-11-01 13:30:00+00:00,224.07000732421875,225.33999633789062,220.27999877929688,221.42999267578125,20933780,223.95797232055665,224.18204232788085
2024-11-01 14:30:00+00:00,223.2104949951172,224.21400451660156,221.60000610351562,224.08999633789062,10239831,223.09888974761964,223.32210024261474
2024-11-01 15:30:00+00:00,222.0749969482422,223.25,221.77000427246094,223.22000122070312,6338407,221.96395944976808,222.1860344467163
2024-11-01 16:30:00+00:00,223.33999633789062,223.39990234375,222.0500030517578,222.19000244140625,3888496,223.2283263397217,223.45166633605956
2024-11-01 17:30:00+00:00,222.2449951171875,223.36000061035156,222.07000732421875,223.34019470214844,3414057,222.13387261962893,222.35611761474607
2024-11-01 18:30:00+00:00,222.3300018310547,223.0998992919922,222.13999938964844,222.24000549316406,4035303,222.21883683013917,222.4411668319702
2024-11-01 19:30:00+00:00,222.85000610351562,223.25,222.27000427246094,222.33999633789062,5287191,222.73858110046388,222.96143110656737
2024-11-04 14:30:00+00:00,221.73150634765625,222.5399932861328,219.7100067138672,221.01199340820312,9635855,221.62064059448244,221.84237210083006
2024-11-04 15:30:00+00:00,221.4801025390625,222.26499938964844,221.13009643554688,221.75,4458145,221.36936248779298,221.59084259033202
2024-11-04 16:30:00+00:00,221.11509704589844,221.57000732421875,220.41000366210938,221.48080444335938,4999217,221.0045394973755,221.22565459442137
2024-11-04 17:30:00+00:00,222.02049255371094,222.6199951171875,221.0200958251953,221.11500549316406,2890130,221.9094823074341,222.13150279998777
2024-11-04 18:30:00+00:00,222.25999450683594,222.6190948486328,221.96009826660156,222.02000427246094,2412789,222.14886450958252,222.37112450408935
2024-11-04 19:30:00+00:00,222.47999572753906,222.7899932861328,222.1999969482422,222.25,2504276,222.3687557296753,222.5912357254028
2024-11-04 20:30:00+00:00,222.1199951171875,222.55999755859375,221.52000427246094,222.5,4039677,222.00893511962892,222.23105511474608
2024-11-05 14:30:00+00:00,223.31910705566406,223.94500732421875,221.7949981689453,221.7949981689453,6371475,223.20744750213623,223.4307666091919
2024-11-05 15:30:00+00:00,222.6699981689453,223.47999572753906,221.93499755859375,223.32000732421875,4046507,222.55866316986086,222.78133316802976
2024-11-05 16:30:00+00:00,223.3800048828125,223.75,222.67999267578125,222.67999267578125,2163887,223.2683148803711,223.4916948852539
2024-11-05 17:30:00+00:00,222.6199951171875,223.77999877929688,222.6199951171875,223.39999389648438,2147843,222.50868511962892,222.73130511474608
2024-11-05 18:30:00+00:00,223.33009338378906,223.4499969482422,222.40020751953125,222.6300048828125,2141597,223.21842833709718,223.44175843048095
2024-11-05 19:30:00+00:00,223.25,223.4470977783203,222.80999755859375,223.33999633789062,1939508,223.13837500000002,223.36162499999998
2024-11-05 20:30:00+00:00,223.4499969482422,223.52999877929688,222.7100067138672,223.25,3341639,223.33827194976809,223.5617219467163
2024-11-06 14:30:00+00:00,225.65130615234375,225.88999938964844,221.22500610351562,221.23550415039062,15626726,225.5384804992676,225.7641318054199
2024-11-06 15:30:00+00:00,224.8000030517578,226.06500244140625,223.69500732421875,225.66000366210938,5934080,224.68760305023196,224.91240305328367
2024-11-06 16:30:00+00:00,224.25999450683594,225.17999267578125,223.96499633789062,224.80239868164062,4364147,224.14786450958252,224.37212450408936
2024-11-06 17:30:00+00:00,224.1876983642578,224.60000610351562,223.99000549316406,224.27000427246094,3127772,224.0756045150757,224.29979221343993
2024-11-06 18:30:00+00:00,223.85000610351562,224.3300018310547,223.7449951171875,224.18499755859375,3301101,223.7380811004639,223.96193110656736
2024-11-06 19:30:00+00:00,223.62550354003906,224.22500610351562,223.25999450683594,223.86000061035156,4460263,223.51369078826906,223.73731629180907
2024-11-06 20:30:00+00:00,222.6999969482422,223.8800048828125,222.5,223.66000366210938,5070195,222.58864694976808,222.8113469467163
2024-11-07 14:30:00+00:00,225.7335968017578,226.5500030517578,224.57000732421875,224.625,10347470,225.62073000335695,225.84646360015867
2024-11-07 15:30:00+00:00,226.30499267578125,226.4199981689453,225.35000610351562,225.75,3199921,226.19184017944337,226.41814517211913
2024-11-07 16:30:00+00:00,227.21499633789062,227.4199981689453,226.1699981689453,226.3000030517578,3447650,227.1013888397217,227.32860383605956
2024-11-07 17:30:00+00:00,227.10330200195312,227.49000549316406,226.77000427246094,227.2100067138672,2598523,226.98975035095216,227.2168536529541
2024-11-07 18:30:00+00:00,227.10000610351562,227.3800048828125,226.7449951171875,227.10000610351562,2170877,226.98645610046387,227.21355610656738
2024-11-07 19:30:00+00:00,227.52999877929688,227.75999450683594,226.85499572753906,227.11000061035156,3884098,227.41623377990723,227.64376377868652
2024-11-07 20:30:00+00:00,227.69000244140625,227.8699951171875,226.75,227.53500366210938,5268867,227.57615744018557,227.80384744262693
2024-11-08 14:30:00+00:00,227.4947052001953,228.66000366210938,227.13999938964844,227.13999938964844,7142789,227.38095784759523,227.6084525527954
2024-11-08 15:30:00+00:00,226.68809509277344,227.55999755859375,226.4084014892578,227.47999572753906,3790404,226.57475104522706,226.80143914031981
2024-11-08 16:30:00+00:00,226.8800048828125,227.5800018310547,226.68499755859375,226.68499755859375,2696407,226.7665648803711,226.9934448852539
2024-11-08 17:30:00+00:00,226.9949951171875,227.4564971923828,226.7899932861328,226.8699951171875,2566711,226.88149761962893,227.10849261474607
2024-11-08 18:30:00+00:00,227.53990173339844,227.61000061035156,226.97000122070312,227.0,4000748,227.42613178253174,227.65367168426513
2024-11-08 19:30:00+00:00,227.47999572753906,227.72000122070312,227.25999450683594,227.52999877929688,2313467,227.36625572967532,227.5937357254028
2024-11-08 20:30:00+00:00,227.16000366210938,227.48500061035156,226.72000122070312,227.4499969482422,6567817,227.04642366027832,227.27358366394043
2024-11-11 14:30:00+00:00,222.80499267578125,225.6999969482422,222.77000427246094,225.05499267578125,11229917,222.69359017944336,222.91639517211914
2024-11-11 15:30:00+00:00,222.77000427246094,223.72000122070312,222.6699981689453,222.80999755859375,5008612,222.65861927032472,222.88138927459715
2024-11-11 16:30:00+00:00,222.19500732421875,223.1387939453125,222.00999450683594,222.77999877929688,4557733,222.08390982055664,222.30610482788086
2024-11-11 17:30:00+00:00,222.4600067138672,222.4600067138672,221.5,222.19000244140625,3705260,222.34877671051026,222.5712367172241
2024-11-11 18:30:00+00:00,223.05999755859375,223.10000610351562,222.36000061035156,222.4499053955078,2795549,222.94846755981447,223.17152755737303
2024-11-11 19:30:00+00:00,223.63499450683594,223.74000549316406,222.97000122070312,223.05999755859375,2570966,223.52317700958253,223.74681200408935
2024-11-11 20:30:00+00:00,224.25,224.35000610351562,223.4600067138672,223.63999938964844,3922850,224.137875,224.362125
2024-11-12 14:30:00+00:00,224.1699981689453,225.0399932861328,223.5749969482422,224.6300048828125,6615053,224.05791316986085,224.28208316802977
2024-11-12 15:30:00+00:00,225.0,225.58999633789062,224.17999267578125,224.2050018310547,4679777,224.88750000000002,225.11249999999998
2024-11-12 16:30:00+00:00,223.9199981689453,225.50999450683594,223.88499450683594,224.99989318847656,4075218,223.80803816986085,224.03195816802977
2024-11-12 17:30:00+00:00,224.47000122070312,224.47000122070312,223.35499572753906,223.9199981689453,2814384,224.3577662200928,224.58223622131345
2024-11-12 18:30:00+00:00,224.61990356445312,224.75990295410156,224.13999938964844,224.4499969482422,2559013,224.50759361267092,224.73221351623533
2024-11-12 19:30:00+00:00,224.60000610351562,224.82000732421875,224.44039916992188,224.6300048828125,2217197,224.48770610046387,224.71230610656738
2024-11-12 20:30:00+00:00,224.24000549316406,224.8000030517578,223.94039916992188,224.58999633789062,5475872,224.1278854904175,224.35212549591063
2024-11-13 14:30:00+00:00,223.2100067138672,225.20989990234375,222.75999450683594,223.9499969482422,10063606,223.09840171051027,223.3216117172241
2024-11-13 15:30:00+00:00,224.39500427246094,224.47000122070312,223.22500610351562,223.24000549316406,3879118,224.28280677032473,224.50720177459715
2024-11-13 16:30:00+00:00,225.02000427246094,225.5500030517578,223.77000427246094,224.46490478515625,3325662,224.90749427032472,225.13251427459716
2024-11-13 17:30:00+00:00,226.36380004882812,226.64999389648438,224.94000244140625,225.02499389648438,3682752,226.2506181488037,226.47698194885254
2024-11-13 18:30:00+00:00,225.91990661621094,226.42999267578125,225.75289916992188,226.36000061035156,3034597,225.80694666290285,226.03286656951903
2024-11-13 19:30:00+00:00,225.3701934814453,225.99130249023438,225.1186065673828,225.91000366210938,2989568,225.2575083847046,225.48287857818602
2024-11-13 20:30:00+00:00,225.07000732421875,225.9199981689453,224.47000122070312,225.3800048828125,5085654,224.95747232055666,225.18254232788084
2024-11-14 14:30:00+00:00,226.57000732421875,226.60000610351562,225.0500030517578,225.69000244140625,8366080,226.45672232055665,226.68329232788085
2024-11-14 15:30:00+00:00,226.4199981689453,227.05999755859375,226.33999633789062,226.56500244140625,4306234,226.30678816986085,226.53320816802977
2024-11-14 16:30:00+00:00,227.0,227.0800018310547,226.5,226.5800018310547,2369653,226.8865,227.1135
2024-11-14 17:30:00+00:00,228.47279357910156,228.63999938964844,226.77000427246094,227.00999450683594,4327298,228.358557182312,228.5870299758911
2024-11-14 18:30:00+00:00,228.52749633789062,228.8699951171875,227.8300018310547,228.4700927734375,3310597,228.4132325897217,228.64176008605955
2024-11-14 19:30:00+00:00,227.03500366210938,228.7100067138672,226.99000549316406,228.50999450683594,5226141,226.92148616027833,227.14852116394042
2024-11-14 20:30:00+00:00,228.19000244140625,228.3800048828125,227.03500366210938,227.03500366210938,4276782,228.07590744018555,228.30409744262695
2024-11-15 14:30:00+00:00,224.6300048828125,226.9199981689453,224.44000244140625,225.9199981689453,12149935,224.5176898803711,224.7423198852539
2024-11-15 15:30:00+00:00,225.23500061035156,225.24000549316406,224.47999572753906,224.6300048828125,3739705,225.1223831100464,225.34761811065673
2024-11-15 16:30:00+00:00,224.87240600585938,225.47999572753906,224.6699981689453,225.2310028076172,3065408,224.75996980285646,224.9848422088623
2024-11-15 17:30:00+00:00,224.73500061035156,224.9499969482422,224.27000427246094,224.8699951171875,4906231,224.6226331100464,224.84736811065673
2024-11-15 18:30:00+00:00,224.39990234375,224.9600067138672,224.3300018310547,224.6999969482422,2438130,224.28770239257813,224.51210229492187
2024-11-15 19:30:00+00:00,224.80999755859375,225.30999755859375,224.3000030517578,224.39999389648438,3159811,224.69759255981447,224.92240255737303
2024-11-15 20:30:00+00:00,224.9199981689453,225.24000549316406,224.5699005126953,224.80999755859375,4237936,224.80753816986086,225.03245816802976
2024-11-18 14:30:00+00:00,228.10000610351562,228.22000122070312,225.17999267578125,225.1999969482422,8356829,227.98595610046388,228.21405610656737
2024-11-18 15:30:00+00:00,229.05999755859375,229.2100067138672,228.10000610351562,228.10000610351562,4333949,228.94546755981446,229.17452755737304
2024-11-18 16:30:00+00:00,228.75,229.16000366210938,228.36000061035156,229.06509399414062,2932115,228.635625,228.864375
2024-11-18 17:30:00+00:00,228.96719360351562,229.74000549316406,228.63499450683594,228.7449951171875,3233690,228.8527100067139,229.08167720031736
2024-11-18 18:30:00+00:00,228.81500244140625,229.4980010986328,228.67999267578125,228.9600067138672,2504537,228.70059494018557,228.92940994262693
2024-11-18 19:30:00+00:00,228.05999755859375,229.08030700683594,228.03370666503906,228.82000732421875,3403227,227.94596755981448,228.17402755737302
2024-11-18 20:30:00+00:00,227.99000549316406,228.24000549316406,227.32000732421875,228.0500030517578,3614507,227.87601049041749,228.10400049591064
2024-11-19 14:30:00+00:00,228.85000610351562,228.86500549316406,227.1199951171875,227.77000427246094,6182588,228.7355811004639,228.96443110656736
2024-11-19 15:30:00+00:00,229.30999755859375,229.5399932861328,228.67999267578125,228.83999633789062,2959806,229.19534255981446,229.42465255737304
2024-11-19 16:30:00+00:00,229.85499572753906,229.86000061035156,229.19000244140625,229.3350067138672,3852606,229.7400682296753,229.96992322540282
2024-11-19 17:30:00+00:00,229.55499267578125,230.16000366210938,229.25,229.85499572753906,3531971,229.44021517944338,229.66977017211912
2024-11-19 18:30:00+00:00,229.38999938964844,229.99000549316406,229.35499572753906,229.5500030517578,2135676,229.27530438995362,229.50469438934326
2024-11-19 19:30:00+00:00,228.44000244140625,229.49000549316406,228.35000610351562,229.38999938964844,2882576,228.32578244018555,228.55422244262695
2024-11-19 20:30:00+00:00,228.33999633789062,228.72000122070312,227.72000122070312,228.42999267578125,3951414,228.2258263397217,228.45416633605956
2024-11-20 14:30:00+00:00,226.51499938964844,229.92999267578125,226.4199981689453,228.10499572753906,7607256,226.40174188995363,226.62825688934325
2024-11-20 15:30:00+00:00,226.17999267578125,227.2050018310547,226.10000610351562,226.52499389648438,3003827,226.06690267944336,226.29308267211914
2024-11-20 16:30:00+00:00,226.85009765625,227.6999969482422,225.88999938964844,226.19000244140625,2793314,226.7366726074219,226.9635227050781
2024-11-20 17:30:00+00:00,226.81329345703125,227.3699951171875,226.3800048828125,226.85000610351562,2118040,226.69988681030276,226.92670010375974
2024-11-20 18:30:00+00:00,226.80999755859375,227.00999450683594,226.39500427246094,226.7899932861328,1602064,226.69659255981446,226.92340255737304
2024-11-20 19:30:00+00:00,227.9748992919922,228.0,226.6999969482422,226.80999755859375,2315522,227.8609118423462,228.08888674163816
2024-11-20 20:30:00+00:00,229.0,229.0,227.97000122070312,227.97000122070312,4127268,228.8855,229.1145
2024-11-21 14:30:00+00:00,225.9499969482422,229.9199981689453,225.71029663085938,228.7899932861328,9619943,225.8370219497681,226.0629719467163
2024-11-21 15:30:00+00:00,228.77000427246094,228.9199981689453,225.8300018310547,225.94000244140625,4765620,228.6556192703247,228.88438927459717
2024-11-21 16:30:00+00:00,229.2899932861328,229.4698944091797,228.49000549316406,228.75,3469645,229.17534828948976,229.40463828277586
2024-11-21 17:30:00+00:00,229.83999633789062,230.14999389648438,229.27000427246094,229.30999755859375,3200750,229.72507633972168,229.95491633605957
2024-11-21 18:30:00+00:00,229.36000061035156,229.93370056152344,229.22000122070312,229.85000610351562,2913322,229.2453206100464,229.47468061065672
2024-11-21 19:30:00+00:00,229.27000427246094,229.5800018310547,228.99000549316406,229.3800048828125,2610348,229.1553692703247,229.38463927459716
2024-11-21 20:30:00+00:00,228.50999450683594,229.2899932861328,228.27000427246094,229.27000427246094,4482648,228.39573950958254,228.62424950408933
2024-11-22 14:30:00+00:00,229.27999877929688,230.1300048828125,228.05999755859375,228.05999755859375,6571537,229.16535877990725,229.3946387786865
2024-11-22 15:30:00+00:00,229.47999572753906,229.92999267578125,228.8300018310547,229.27999877929688,4454609,229.3652557296753,229.5947357254028
2024-11-22 16:30:00+00:00,229.98500061035156,230.1199951171875,228.97000122070312,229.48989868164062,3272578,229.8700081100464,230.09999311065673
2024-11-22 17:30:00+00:00,230.17999267578125,230.7198944091797,229.6750030517578,229.98500061035156,3201749,230.06490267944338,230.29508267211912
2024-11-22 18:30:00+00:00,229.44000244140625,230.38999938964844,229.3300018310547,230.1649932861328,2939345,229.32528244018556,229.55472244262694
2024-11-22 19:30:00+00:00,229.375,229.63999938964844,228.92999267578125,229.44500732421875,2765287,229.26031250000003,229.48968749999997
2024-11-22 20:30:00+00:00,229.75999450683594,230.14999389648438,229.30999755859375,229.3699951171875,4345539,229.64511450958253,229.87487450408935
2024-11-25 14:30:00+00:00,232.0,233.18499755859375,231.4199981689453,231.4600067138672,9845726,231.88400000000001,232.11599999999999
2024-11-25 15:30:00+00:00,231.7100067138672,232.80099487304688,231.70030212402344,231.97999572753906,3799907,231.59415171051026,231.82586171722411
2024-11-25 16:30:00+00:00,230.20680236816406,231.85000610351562,229.9600067138672,231.7050018310547,3682262,230.09169896698,230.32190576934812
2024-11-25 17:30:00+00:00,230.4149932861328,230.5800018310547,229.74000549316406,230.1999969482422,2947971,230.29978578948976,230.53020078277586
2024-11-25 18:30:00+00:00,230.68499755859375,230.74000549316406,230.1999969482422,230.4250030517578,2057791,230.56965505981447,230.80034005737303
2024-11-25 19:30:00+00:00,230.52000427246094,230.85000610351562,230.09500122070312,230.6649932861328,2752031,230.40474427032473,230.63526427459715
2024-11-25 20:30:00+00:00,232.8800048828125,233.1699981689453,229.84500122070312,230.5012969970703,11344808,232.76356488037112,232.99644488525388
2024-11-26 14:30:00+00:00,234.36000061035156,235.43499755859375,233.47500610351562,233.47500610351562,12979632,234.2428206100464,234.47718061065672
2024-11-26 15:30:00+00:00,235.0399932861328,235.57000732421875,234.2100067138672,234.36000061035156,4972245,234.92247328948977,235.15751328277585
2024-11-26 16:30:00+00:00,234.47999572753906,235.10470581054688,234.27000427246094,235.0399932861328,2980746,234.3627557296753,234.5972357254028
2024-11-26 17:30:00+00:00,234.50999450683594,235.17999267578125,234.35000610351562,234.47999572753906,3515885,234.39273950958253,234.62724950408935
2024-11-26 18:30:00+00:00,234.92999267578125,235.10000610351562,234.44500732421875,234.50999450683594,2752588,234.81252767944338,235.04745767211912
2024-11-26 19:30:00+00:00,234.80999755859375,235.25,234.72999572753906,234.9250030517578,3000602,234.69259255981447,234.92740255737303
2024-11-26 20:30:00+00:00,235.0800018310547,235.27999877929688,234.5800018310547,234.80999755859375,5458831,234.96246183013918,235.1975418319702
2024-11-27 14:30:00+00:00,235.16000366210938,235.67999267578125,233.8101043701172,234.46499633789062,7058124,235.04242366027833,235.27758366394042
2024-11-27 15:30:00+00:00,234.6699981689453,235.69000244140625,234.15460205078125,235.16000366210938,3805611,234.55266316986086,234.78733316802976
2024-11-27 16:30:00+00:00,234.57000732421875,234.88999938964844,233.97999572753906,234.62010192871094,2845831,234.45272232055666,234.68729232788084
2024-11-27 17:30:00+00:00,234.7801055908203,235.0,234.40939331054688,234.55999755859375,2325512,234.6627155380249,234.8974956436157
2024-11-27 18:30:00+00:00,234.97999572753906,235.13710021972656,234.7100067138672,234.77999877929688,1683157,234.86250572967532,235.0974857254028
2024-11-27 19:30:00+00:00,234.84500122070312,235.25,234.73500061035156,234.97999572753906,2045715,234.7275787200928,234.96242372131346
2024-11-27 20:30:00+00:00,234.99000549316406,235.08999633789062,234.5850067138672,234.83999633789062,2919382,234.87251049041748,235.10750049591064
2024-11-29 14:30:00+00:00,235.34500122070312,235.88999938964844,233.97000122070312,234.83999633789062,5532507,235.2273287200928,235.46267372131345
2024-11-29 15:30:00+00:00,236.39999389648438,236.5998992919922,235.33999633789062,235.35000610351562,3997632,236.28179389953615,236.5181938934326
2024-11-29 16:30:00+00:00,236.3699951171875,237.14999389648438,236.2899932861328,236.3800048828125,3843062,236.2518101196289,236.4881801147461
2024-12-02 14:30:00+00:00,240.27000427246094,240.27999877929688,237.16000366210938,237.27000427246094,11143242,240.14986927032473,240.39013927459715
2024-12-02 15:30:00+00:00,239.8300018310547,240.7899932861328,239.44000244140625,240.27000427246094,5965321,239.71008683013918,239.9499168319702
2024-12-02 16:30:00+00:00,239.8300018310547,240.1999969482422,239.36000061035156,239.8271942138672,2850375,239.71008683013918,239.9499168319702
2024-12-02 17:30:00+00:00,239.44000244140625,240.0,239.24000549316406,239.83999633789062,3599025,239.32028244018557,239.55972244262693
2024-12-02 18:30:00+00:00,239.3300018310547,239.50999450683594,239.02999877929688,239.4199981689453,2372094,239.21033683013917,239.4496668319702
2024-12-02 19:30:00+00:00,239.7899932861328,239.83999633789062,239.25010681152344,239.3300018310547,2497573,239.67009828948977,239.90988828277585
2024-12-02 20:30:00+00:00,239.60000610351562,239.94000244140625,239.0500030517578,239.7899932861328,3858894,239.48020610046387,239.71980610656738
2024-12-03 14:30:00+00:00,240.47000122070312,241.36990356445312,238.90029907226562,239.9199981689453,8548308,240.3497662200928,240.59023622131346
2024-12-03 15:30:00+00:00,241.3300018310547,241.33999633789062,240.4499969482422,240.47500610351562,3962336,241.20933683013916,241.4506668319702
2024-12-03 16:30:00+00:00,241.26499938964844,241.63499450683594,240.98199462890625,241.3300018310547,3152692,241.14436688995363,241.38563188934324
2024-12-03 17:30:00+00:00,241.4199981689453,241.6999053955078,241.14500427246094,241.26499938964844,2157544,241.29928816986086,241.54070816802977
2024-12-03 18:30:00+00:00,242.14999389648438,242.1699981689453,241.34500122070312,241.4199981689453,3311661,242.02891889953614,242.2710688934326
2024-12-03 19:30:00+00:00,242.05320739746094,242.4600067138672,241.85000610351562,242.15499877929688,3274479,241.93218079376223,242.17423400115965
2024-12-03 20:30:00+00:00,242.6300048828125,242.7550048828125,242.05999755859375,242.05999755859375,3704333,242.5086898803711,242.7513198852539
2024-12-04 14:30:00+00:00,243.4499969482422,244.10499572753906,242.50999450683594,242.8800048828125,8409865,243.32827194976807,243.5717219467163
2024-12-04 15:30:00+00:00,242.90499877929688,243.80999755859375,242.85000610351562,243.44000244140625,3476264,242.78354627990723,243.02645127868652
2024-12-04 16:30:00+00:00,242.03990173339844,242.90989685058594,241.25,242.90499877929688,7183414,241.91888178253174,242.16092168426513
2024-12-04 17:30:00+00:00,242.25869750976562,242.50999450683594,241.63999938964844,242.0399932861328,2189900,242.13756816101076,242.3798268585205
2024-12-04 18:30:00+00:00,243.07000732421875,243.17640686035156,241.92999267578125,242.24000549316406,3055452,242.94847232055665,243.19154232788085
2024-12-04 19:30:00+00:00,242.98500061035156,243.125,242.77999877929688,243.05999755859375,2751650,242.8635081100464,243.10649311065671
2024-12-04 20:30:00+00:00,243.02000427246094,243.5399932861328,242.8260955810547,242.98500061035156,3738537,242.89849427032473,243.14151427459714
2024-12-05 14:30:00+00:00,242.92999267578125,244.5399932861328,242.71279907226562,244.0500030517578,8289397,242.8085276794434,243.0514576721191
2024-12-05 15:30:00+00:00,242.5500030517578,243.0800018310547,242.24000549316406,242.92999267578125,3597584,242.42872805023194,242.6712780532837
2024-12-05 16:30:00+00:00,243.36000061035156,243.40989685058594,242.30999755859375,242.5449981689453,4262442,243.2383206100464,243.48168061065672
2024-12-05 17:30:00+00:00,242.88499450683594,243.3699951171875,242.61000061035156,243.35830688476562,2973235,242.76355200958253,243.00643700408935
2024-12-05 18:30:00+00:00,243.27999877929688,243.69000244140625,242.83999633789062,242.88999938964844,2513592,243.15835877990725,243.4016387786865
2024-12-05 19:30:00+00:00,242.9058074951172,243.36000061035156,242.7449951171875,243.28500366210938,3069471,242.78435459136963,243.02726039886474
2024-12-05 20:30:00+00:00,243.0800018310547,243.0800018310547,242.1300048828125,242.90499877929688,4497338,242.95846183013919,243.2015418319702
2024-12-06 14:30:00+00:00,243.44000244140625,244.6300048828125,242.0800018310547,242.8699951171875,7897447,243.31828244018556,243.56172244262694
2024-12-06 15:30:00+00:00,243.58200073242188,244.10000610351562,243.27499389648438,243.4499969482422,3073497,243.4602097320557,243.70379173278806
2024-12-06 16:30:00+00:00,243.60000610351562,243.83999633789062,243.2100067138672,243.5800018310547,2643208,243.4782061004639,243.72180610656736
2024-12-06 17:30:00+00:00,243.26409912109375,243.61500549316406,242.94000244140625,243.58999633789062,2315920,243.14246707153322,243.38573117065428
2024-12-06 18:30:00+00:00,243.16270446777344,243.63999938964844,243.0399932861328,243.25999450683594,2434412,243.04112311553956,243.2842858200073
2024-12-06 19:30:00+00:00,243.0500030517578,243.39999389648438,242.87010192871094,243.16000366210938,3531491,242.92847805023194,243.17152805328368
2024-12-06 20:30:00+00:00,242.86000061035156,243.14999389648438,242.1999969482422,243.0500030517578,4585506,242.7385706100464,242.98143061065673
2024-12-09 14:30:00+00:00,244.50999450683594,244.72000122070312,242.39999389648438,242.39999389648438,6763286,244.38773950958253,244.63224950408934
2024-12-09 15:30:00+00:00,246.47000122070312,247.23880004882812,244.4199981689453,244.47999572753906,7885176,246.34676622009277,246.59323622131348
2024-12-09 16:30:00+00:00,246.79029846191406,247.24000549316406,246.30999755859375,246.48500061035156,3738978,246.66690331268313,246.913693611145
2024-12-09 17:30:00+00:00,246.9053955078125,247.01510620117188,245.7100067138672,246.8249969482422,3215218,246.7819428100586,247.0288482055664
2024-12-09 18:30:00+00:00,246.09500122070312,246.88999938964844,246.05999755859375,246.88999938964844,2110393,245.97195372009278,246.21804872131347
2024-12-09 19:30:00+00:00,246.75999450683594,246.77999877929688,245.89999389648438,246.09500122070312,2636199,246.63661450958253,246.88337450408935
2024-12-09 20:30:00+00:00,246.80999755859375,247.08999633789062,246.11000061035156,246.77999877929688,5245539,246.68659255981447,246.93340255737303
2024-12-10 14:30:00+00:00,246.72999572753906,247.78709411621094,245.80999755859375,246.9499969482422,7969297,246.60663072967532,246.8533607254028
2024-12-10 15:30:00+00:00,245.6699981689453,246.9199981689453,245.3419952392578,246.73500061035156,3845062,245.54716316986085,245.79283316802977
2024-12-10 16:30:00+00:00,247.07000732421875,247.17999267578125,245.61000061035156,245.6699981689453,2669027,246.94647232055667,247.19354232788083
2024-12-10 17:30:00+00:00,247.40660095214844,247.4783935546875,246.72000122070312,247.05999755859375,2160359,247.28289765167239,247.5303042526245
2024-12-10 18:30:00+00:00,247.42999267578125,247.8000030517578,247.35000610351562,247.40499877929688,2326302,247.30627767944338,247.55370767211912
2024-12-10 19:30:00+00:00,247.72000122070312,248.2100067138672,247.41000366210938,247.42999267578125,4138454,247.5961412200928,247.84386122131346
2024-12-10 20:30:00+00:00,247.8000030517578,248.07000732421875,247.3699951171875,247.72500610351562,3607802,247.67610305023194,247.92390305328368
2024-12-11 14:30:00+00:00,249.42999267578125,249.99000549316406,247.64999389648438,247.94500732421875,8367368,249.30527767944338,249.55470767211912
2024-12-11 15:30:00+00:00,250.44000244140625,250.8000030517578,249.39500427246094,249.42999267578125,6584107,250.31478244018555,250.56522244262695
2024-12-11 16:30:00+00:00,249.681396484375,250.4199981689453,249.33999633789062,250.4199981689453,2792683,249.55655578613283,249.80623718261717
2024-12-11 17:30:00+00:00,249.10000610351562,249.77999877929688,248.97000122070312,249.67999267578125,2034409,248.97545610046387,249.22455610656738
2024-12-11 18:30:00+00:00,248.27999877929688,249.1649932861328,248.0863037109375,249.08999633789062,2859618,248.15585877990725,248.4041387786865
2024-12-11 19:30:00+00:00,247.14999389648438,248.44000244140625,247.0500030517578,248.2801055908203,3703277,247.02641889953614,247.2735688934326
2024-12-11 20:30:00+00:00,246.42999267578125,247.16000366210938,246.26010131835938,247.13999938964844,5247010,246.30677767944337,246.55320767211913
2024-12-12 14:30:00+00:00,247.99000549316406,248.1199951171875,245.67999267578125,246.94500732421875,7733107,247.8660104904175,248.11400049591063
2024-12-12 15:30:00+00:00,248.4709930419922,248.59959411621094,247.66000366210938,247.99000549316406,4798038,248.3467575454712,248.59522853851317
2024-12-12 16:30:00+00:00,248.09280395507812,248.54989624023438,247.99000549316406,248.47999572753906,2067122,247.9687575531006,248.21685035705565
2024-12-12 17:30:00+00:00,248.52999877929688,248.74000549316406,247.63999938964844,248.08999633789062,2027236,248.40573377990725,248.6542637786865
2024-12-12 18:30:00+00:00,248.02000427246094,248.74000549316406,248.0,248.52000427246094,1974147,247.8959942703247,248.14401427459717
2024-12-12 19:30:00+00:00,247.75,248.2100067138672,247.4499969482422,248.01499938964844,1927714,247.626125,247.873875
2024-12-12 20:30:00+00:00,247.9499969482422,248.1999969482422,247.74000549316406,247.75999450683594,2674221,247.8260219497681,248.07397194671628
2024-12-13 14:30:00+00:00,247.5500030517578,249.2902069091797,247.35000610351562,247.8800048828125,6597729,247.42622805023194,247.67377805328368
2024-12-13 15:30:00+00:00,246.625,247.9499969482422,246.5,247.5800018310547,3698292,246.5016875,246.7483125
2024-12-13 16:30:00+00:00,246.4600067138672,247.02999877929688,246.24000549316406,246.6199951171875,2717185,246.33677671051026,246.5832367172241
2024-12-13 17:30:00+00:00,247.19000244140625,247.25999450683594,246.33999633789062,246.47000122070312,2429085,247.06640744018557,247.31359744262693
2024-12-13 18:30:00+00:00,247.91000366210938,248.01499938964844,247.16009521484375,247.1750030517578,2136050,247.78604866027834,248.0339586639404
2024-12-13 19:30:00+00:00,248.02000427246094,248.10000610351562,247.63999938964844,247.90499877929688,2472418,247.8959942703247,248.14401427459717
2024-12-13 20:30:00+00:00,248.1300048828125,248.2987060546875,247.88999938964844,248.02000427246094,2520361,248.0059398803711,248.2540698852539
2024-12-16 14:30:00+00:00,249.05999755859375,250.0,247.64999389648438,248.0,7886880,248.93546755981447,249.18452755737303
2024-12-16 15:30:00+00:00,249.6699981689453,249.9600067138672,248.82000732421875,249.02999877929688,3291322,249.54516316986084,249.79483316802978
2024-12-16 16:30:00+00:00,250.05999755859375,250.3000030517578,249.53500366210938,249.7100067138672,3966563,249.93496755981445,250.18502755737305
2024-12-16 17:30:00+00:00,251.11000061035156,251.37890625,250.05259704589844,250.05999755859375,3741887,250.9844456100464,251.23555561065672
2024-12-16 18:30:00+00:00,250.8000946044922,251.2471923828125,250.5800018310547,251.08999633789062,2929661,250.67469455718995,250.92549465179442
2024-12-16 19:30:00+00:00,250.69500732421875,251.0001983642578,250.2100067138672,250.80999755859375,3296914,250.56965982055667,250.82035482788083
2024-12-16 20:30:00+00:00,251.0399932861328,251.10000610351562,249.9499969482422,250.6999969482422,3755928,250.91447328948976,251.16551328277586
2024-12-17 14:30:00+00:00,252.27000427246094,252.97999572753906,249.7899932861328,250.13499450683594,8272806,252.14386927032473,252.39613927459715
2024-12-17 15:30:00+00:00,252.5500030517578,253.35000610351562,251.77000427246094,252.2550048828125,4415074,252.42372805023194,252.67627805328368
2024-12-17 16:30:00+00:00,253.22500610351562,253.3000030517578,252.47999572753906,252.52999877929688,3694338,253.09839360046388,253.35161860656737
2024-12-17 17:30:00+00:00,253.1300048828125,253.2899932861328,252.69009399414062,253.25,2789948,253.0034398803711,253.2565698852539
2024-12-17 18:30:00+00:00,253.1999969482422,253.63499450683594,252.92999267578125,253.13999938964844,3028678,253.07339694976807,253.3265969467163
2024-12-17 19:30:00+00:00,252.8800048828125,253.38999938964844,252.75,253.1999969482422,3197831,252.7535648803711,253.0064448852539
2024-12-17 20:30:00+00:00,253.47999572753906,253.80999755859375,252.64999389648438,252.8800048828125,6517824,253.3532557296753,253.6067357254028
2024-12-18 14:30:00+00:00,253.07000732421875,253.39999389648438,251.3300018310547,252.22000122070312,7178746,252.94347232055665,253.19654232788085
2024-12-18 15:30:00+00:00,253.32000732421875,253.79989624023438,252.85000610351562,253.07000732421875,4534838,253.19334732055665,253.44666732788085
2024-12-18 16:30:00+00:00,253.63499450683594,254.0399932861328,253.1750030517578,253.32359313964844,3385526,253.50817700958254,253.76181200408934
2024-12-18 17:30:00+00:00,253.71009826660156,254.00999450683594,253.47000122070312,253.6300048828125,2498618,253.58324321746827,253.83695331573486
2024-12-18 18:30:00+00:00,252.4499969482422,254.27999877929688,251.5399932861328,253.6999969482422,4517172,252.3237719497681,252.5762219467163
2024-12-18 19:30:00+00:00,249.89999389648438,252.97999572753906,249.5,252.44900512695312,8004435,249.77504389953614,250.0249438934326
2024-12-18 20:30:00+00:00,247.86000061035156,250.39920043945312,247.75,249.9199981689453,8666490,247.7360706100464,247.98393061065673
2024-12-19 14:30:00+00:00,249.88999938964844,251.02000427246094,247.09500122070312,247.4600067138672,13163580,249.76505438995363,250.01494438934324
2024-12-19 15:30:00+00:00,251.0399932861328,251.38760375976562,249.3699951171875,249.88999938964844,6029993,250.91447328948976,251.16551328277586
2024-12-19 16:30:00+00:00,250.5800018310547,251.85000610351562,250.53500366210938,251.0399932861328,4327867,250.45471183013916,250.70529183197021
2024-12-19 17:30:00+00:00,250.8300018310547,250.94000244140625,249.72000122070312,250.58999633789062,3212228,250.70458683013916,250.9554168319702
2024-12-19 18:30:00+00:00,250.52000427246094,251.4499969482422,250.2902069091797,250.81500244140625,2255973,250.3947442703247,250.64526427459717
2024-12-19 19:30:00+00:00,250.3249969482422,250.52000427246094,249.52999877929688,250.50999450683594,2871418,250.19983444976808,250.4501594467163
2024-12-19 20:30:00+00:00,249.85000610351562,250.5500030517578,249.4093017578125,250.3300018310547,4256393,249.72508110046388,249.97493110656737
2024-12-20 14:30:00+00:00,249.59500122070312,249.6240997314453,246.3000030517578,248.1199951171875,21606592,249.4702037200928,249.71979872131345
2024-12-20 15:30:00+00:00,251.99000549316406,252.0,249.39999389648438,249.58999633789062,5534153,251.86401049041748,252.11600049591064
2024-12-20 16:30:00+00:00,253.73500061035156,253.92999267578125,251.88999938964844,251.97999572753906,6609817,253.6081331100464,253.86186811065673
2024-12-20 17:30:00+00:00,252.8699951171875,253.77000427246094,252.77200317382812,253.73500061035156,3597562,252.7435601196289,252.9964301147461
2024-12-20 18:30:00+00:00,253.62030029296875,253.64999389648438,252.67999267578125,252.91000366210938,3481696,253.49349014282228,253.74711044311522
2024-12-20 19:30:00+00:00,253.49000549316406,254.19000244140625,253.3000030517578,253.6300048828125,5096339,253.3632604904175,253.61675049591062
2024-12-20 20:30:00+00:00,254.58999633789062,255.0,252.7899932861328,253.5,8461430,254.4627013397217,254.71729133605956
2024-12-23 14:30:00+00:00,254.07000732421875,255.4199981689453,253.4499969482422,255.33999633789062,8639208,253.94297232055666,254.19704232788084
2024-12-23 15:30:00+00:00,254.8300018310547,255.07000732421875,253.4600067138672,254.0500030517578,3133440,254.70258683013918,254.9574168319702
2024-12-23 16:30:00+00:00,254.42999267578125,255.22999572753906,254.3699951171875,254.83909606933594,2397338,254.30277767944338,254.55720767211912
2024-12-23 17:30:00+00:00,253.9199981689453,254.7550048828125,253.72000122070312,254.42999267578125,3619882,253.79303816986086,254.04695816802976
2024-12-23 18:30:00+00:00,254.2949981689453,254.4600067138672,253.8699951171875,253.9199981689453,2441370,254.16785066986085,254.42214566802977
2024-12-23 19:30:00+00:00,254.33999633789062,254.39999389648438,253.67999267578125,254.3000030517578,2612184,254.2128263397217,254.46716633605956
2024-12-23 20:30:00+00:00,255.30999755859375,255.64999389648438,254.33999633789062,254.33999633789062,4322344,255.18234255981446,255.43765255737304
2024-12-24 14:30:00+00:00,257.1050109863281,257.45001220703125,255.75999450683594,255.86000061035156,6593845,256.976458480835,257.23356349182126
2024-12-24 15:30:00+00:00,257.2929992675781,258.0,257.1000061035156,257.114990234375,3930054,257.16435276794437,257.4216457672119
2024-12-24 16:30:00+00:00,257.3599853515625,257.5400085449219,256.8700866699219,257.2699890136719,2866762,257.23130535888674,257.48866534423826
2024-12-26 14:30:00+00:00,258.3612060546875,260.0899963378906,257.6300048828125,258.9790954589844,8036580,258.23202545166015,258.49038665771485
2024-12-26 15:30:00+00:00,258.8800048828125,259.19000244140625,258.1300048828125,258.364990234375,2886529,258.7505648803711,259.0094448852539
2024-12-26 16:30:00+00:00,258.9849853515625,259.3399963378906,258.82000732421875,258.8900146484375,1989211,258.85549285888675,259.11447784423825
2024-12-26 17:30:00+00:00,258.81890869140625,259.32501220703125,258.57000732421875,258.9880065917969,1857025,258.68949923706055,258.94831814575195
2024-12-26 18:30:00+00:00,258.6000061035156,258.94891357421875,258.4100036621094,258.80999755859375,1532082,258.4707061004639,258.7293061065674
2024-12-26 19:30:00+00:00,259.1099853515625,259.4700012207031,258.5899963378906,258.6099853515625,2293812,258.98043035888674,259.23954034423826
2024-12-26 20:30:00+00:00,259.1000061035156,259.510009765625,259.010009765625,259.1199951171875,2691314,258.9704561004639,259.2295561065674
2024-12-27 14:30:00+00:00,254.99000549316406,258.70001220703125,254.91000366210938,257.8999938964844,7279122,254.8625104904175,255.11750049591063
2024-12-27 15:30:00+00:00,254.72999572753906,255.39999389648438,254.0399932861328,254.9600067138672,5252455,254.6026307296753,254.85736072540283
2024-12-27 16:30:00+00:00,253.67999267578125,254.8000030517578,253.05999755859375,254.74000549316406,4795494,253.55315267944337,253.80683267211913
2024-12-27 17:30:00+00:00,254.9499969482422,254.9799041748047,253.64779663085938,253.6699981689453,3338291,254.8225219497681,255.0774719467163
2024-12-27 18:30:00+00:00,255.01499938964844,255.50999450683594,254.86000061035156,254.94000244140625,2423344,254.88749188995362,255.14250688934325
2024-12-27 19:30:00+00:00,255.1699981689453,255.55990600585938,254.9600067138672,255.02999877929688,2513045,255.04241316986085,255.29758316802977
2024-12-27 20:30:00+00:00,255.72000122070312,255.82000732421875,254.97000122070312,255.1699981689453,5269742,255.5921412200928,255.84786122131345
2024-12-30 14:30:00+00:00,250.9199981689453,252.8699951171875,250.75,252.72000122070312,7918270,250.79453816986086,251.04545816802977
2024-12-30 15:30:00+00:00,251.89999389648438,252.28500366210938,250.91600036621094,250.91600036621094,3565575,251.77404389953614,252.0259438934326
2024-12-30 16:30:00+00:00,253.0500030517578,253.10000610351562,251.80999755859375,251.88999938964844,2716217,252.92347805023195,253.17652805328368
2024-12-30 17:30:00+00:00,252.82000732421875,253.47000122070312,252.5,253.05999755859375,2154164,252.69359732055665,252.94641732788085
2024-12-30 18:30:00+00:00,252.9364013671875,253.2899932861328,252.58999633789062,252.80499267578125,2351450,252.80993316650392,253.06286956787108
2024-12-30 19:30:00+00:00,252.72000122070312,253.49989318847656,252.69000244140625,252.92999267578125,2668679,252.5936412200928,252.84636122131346
2024-12-30 20:30:00+00:00,252.1199951171875,253.0399932861328,252.0399932861328,252.72999572753906,3863755,251.99393511962893,252.24605511474607
2024-12-31 14:30:00+00:00,251.6876983642578,253.27999877929688,251.32000732421875,252.66000366210938,5118031,251.5618545150757,251.81354221343992
2024-12-31 15:30:00+00:00,251.17999267578125,252.139892578125,251.02499389648438,251.69000244140625,2379768,251.05440267944337,251.30558267211913
2024-12-31 16:30:00+00:00,250.71629333496094,251.5500030517578,250.64999389648438,251.17999267578125,1975317,250.59093518829346,250.84165148162842
2024-12-31 17:30:00+00:00,249.69000244140625,250.75999450683594,249.44000244140625,250.6999969482422,3894785,249.56515744018557,249.81484744262693
2024-12-31 18:30:00+00:00,249.77000427246094,250.26800537109375,249.52999877929688,249.69000244140625,2272071,249.64511927032473,249.89488927459715
2024-12-31 19:30:00+00:00,250.7700958251953,250.8800048828125,249.69000244140625,249.76499938964844,3376639,250.64471077728274,250.89548087310789
2024-12-31 20:30:00+00:00,250.3800048828125,251.0800018310547,249.5,250.77000427246094,7162976,250.2548148803711,250.5051948852539
2025-01-02 14:30:00+00:00,245.73989868164062,249.10000610351562,244.8000030517578,248.92999267578125,13501229,245.61702873229981,245.86276863098144
2025-01-02 15:30:00+00:00,244.89500427246094,245.8800048828125,244.16009521484375,245.6300048828125,6830782,244.7725567703247,245.01745177459716
2025-01-02 16:30:00+00:00,243.42860412597656,245.25,243.32000732421875,244.90989685058594,4384552,243.3068898239136,243.55031842803953
2025-01-02 17:30:00+00:00,242.6862030029297,243.41000366210938,242.30999755859375,243.41000366210938,6464462,242.56485990142824,242.80754610443114
2025-01-02 18:30:00+00:00,242.4884033203125,242.83999633789062,241.82009887695312,242.6699981689453,5547977,242.36715911865235,242.60964752197265
2025-01-02 19:30:00+00:00,243.23109436035156,243.44000244140625,241.87130737304688,242.47999572753906,5106418,243.1094788131714,243.35270990753173
2025-01-02 20:30:00+00:00,243.82000732421875,243.9499969482422,243.01019287109375,243.25,6023491,243.69809732055666,243.94191732788084
2025-01-03 14:30:00+00:00,242.4597930908203,244.17999267578125,241.88999938964844,242.8802032470703,9135529,242.3385631942749,242.5810229873657
2025-01-03 15:30:00+00:00,243.49000549316406,243.67559814453125,242.13999938964844,242.4499969482422,4968036,243.3682604904175,243.61175049591063
2025-01-03 16:30:00+00:00,242.7707061767578,244.04859924316406,242.6699981689453,243.47999572753906,3673389,242.64932082366946,242.89209152984617
2025-01-03 17:30:00+00:00,243.00999450683594,243.16000366210938,242.27999877929688,242.77999877929688,3313371,242.88848950958254,243.13149950408933
2025-01-03 18:30:00+00:00,242.6699981689453,243.05999755859375,242.57000732421875,243.0,3130427,242.54866316986084,242.79133316802978
2025-01-03 19:30:00+00:00,242.85000610351562,243.44239807128906,242.63999938964844,242.66000366210938,3007142,242.72858110046388,242.97143110656737
2025-01-03 20:30:00+00:00,243.3000030517578,243.60000610351562,242.61000061035156,242.83999633789062,4381782,243.17835305023195,243.42165305328368
2025-01-06 14:30:00+00:00,245.5500030517578,246.1826934814453,243.83999633789062,244.3300018310547,10577599,245.42722805023195,245.67277805328368
2025-01-06 15:30:00+00:00,246.74000549316406,247.3300018310547,245.3300018310547,245.5399932861328,5006800,246.6166354904175,246.86337549591062
2025-01-06 16:30:00+00:00,245.77000427246094,246.76100158691406,245.7012939453125,246.7550048828125,3354093,245.6471192703247,245.89288927459717
2025-01-06 17:30:00+00:00,245.02999877929688,245.8699951171875,244.47999572753906,245.75999450683594,3070077,244.90748377990724,245.1525137786865
2025-01-06 18:30:00+00:00,244.97999572753906,245.17999267578125,244.60000610351562,245.02999877929688,2065770,244.8575057296753,245.10248572540283
2025-01-06 19:30:00+00:00,244.89500427246094,245.1300048828125,244.4250030517578,244.97999572753906,2306175,244.7725567703247,245.01745177459716
2025-01-06 20:30:00+00:00,245.0,245.33999633789062,244.4199981689453,244.91000366210938,3773029,244.87750000000003,245.12249999999997
2025-01-07 14:30:00+00:00,245.38890075683594,245.5500030517578,242.8300018310547,242.97999572753906,8173530,245.26620630645752,245.51159520721436
2025-01-07 15:30:00+00:00,243.77000427246094,245.32000732421875,243.7100067138672,245.13999938964844,4154915,243.6481192703247,243.89188927459716
2025-01-07 16:30:00+00:00,242.38999938964844,245.0,242.13819885253906,243.74000549316406,4446679,242.26880438995363,242.51119438934325
2025-01-07 17:30:00+00:00,243.15550231933594,243.4084014892578,241.36000061035156,242.39999389648438,3448950,243.03392456817627,243.2770800704956
2025-01-07 18:30:00+00:00,242.45799255371094,243.17999267578125,242.07009887695312,243.14999389648438,2577768,242.3367635574341,242.57922154998778
2025-01-07 19:30:00+00:00,242.00999450683594,242.49000549316406,241.75,242.4499969482422,2681979,241.88898950958253,242.13099950408935
2025-01-07 20:30:00+00:00,242.19000244140625,242.40499877929688,241.53900146484375,242.02000427246094,4772501,242.06890744018557,242.31109744262693
2025-01-08 14:30:00+00:00,242.40989685058594,242.86549377441406,240.0500030517578,241.97000122070312,7170550,242.28869190216065,242.53110179901122
2025-01-08 15:30:00+00:00,242.7100067138672,243.71229553222656,242.0850067138672,242.38999938964844,4154228,242.58865171051028,242.8313617172241
2025-01-08 16:30:00+00:00,241.3699951171875,243.5800018310547,241.24000549316406,242.72610473632812,3009958,241.24931011962892,241.49068011474608
2025-01-08 17:30:00+00:00,242.35000610351562,242.50869750976562,241.1999969482422,241.36000061035156,2612848,242.22883110046388,242.47118110656737
2025-01-08 18:30:00+00:00,242.7949981689453,242.97999572753906,241.04400634765625,242.35000610351562,2761227,242.67360066986086,242.91639566802976
2025-01-08 19:30:00+00:00,242.38400268554688,242.72000122070312,241.6999969482422,242.6999969482422,2452219,242.2628106842041,242.50519468688964
2025-01-08 20:30:00+00:00,242.72000122070312,242.98699951171875,241.8000030517578,242.3800048828125,3573432,242.5986412200928,242.84136122131346
2025-01-10 14:30:00+00:00,237.4250030517578,240.14999389648438,235.8000030517578,239.96499633789062,13137403,237.30629055023195,237.54371555328368
2025-01-10 15:30:00+00:00,233.77000427246094,237.43499755859375,233.5,237.4241943359375,8427975,233.6531192703247,233.88688927459717
2025-01-10 16:30:00+00:00,235.57000732421875,235.89999389648438,233.0,233.77000427246094,7179671,235.45222232055664,235.68779232788086
2025-01-10 17:30:00+00:00,237.11500549316406,237.33970642089844,235.06500244140625,235.5399932861328,3958571,236.9964479904175,237.23356299591063
2025-01-10 18:30:00+00:00,236.8300018310547,237.5850067138672,236.41000366210938,237.1199951171875,3175363,236.71158683013917,236.9484168319702
2025-01-10 19:30:00+00:00,235.9949951171875,236.8800048828125,235.75,236.83999633789062,3580665,235.87699761962892,236.11299261474608
2025-01-10 20:30:00+00:00,236.92999267578125,237.2899932861328,235.77000427246094,235.9949951171875,5097626,236.81152767944337,237.04845767211913
2025-01-13 14:30:00+00:00,230.3800048828125,233.58999633789062,229.72000122070312,233.5,13314474,230.26481488037112,230.49519488525388
2025-01-13 15:30:00+00:00,230.72500610351562,231.8000030517578,230.22000122070312,230.3800048828125,5357189,230.60964360046387,230.84036860656738
2025-01-13 16:30:00+00:00,232.32000732421875,232.52999877929688,230.39999389648438,230.7324981689453,4160495,232.20384732055666,232.43616732788084
2025-01-13 17:30:00+00:00,233.3800048828125,233.43499755859375,231.97999572753906,232.2899932861328,2920622,233.2633148803711,233.4966948852539
2025-01-13 18:30:00+00:00,233.55999755859375,233.97000122070312,233.25,233.3800048828125,2678525,233.44321755981446,233.67677755737304
2025-01-13 19:30:00+00:00,233.6844024658203,234.1999969482422,233.3699951171875,233.5500030517578,3290938,233.56756026458743,233.8012446670532
2025-01-13 20:30:00+00:00,234.39999389648438,234.6699981689453,233.65499877929688,233.69000244140625,4579852,234.28279389953616,234.5171938934326
2025-01-14 14:30:00+00:00,235.61000061035156,236.1199951171875,234.25999450683594,234.75,6863540,235.4921956100464,235.72780561065673
2025-01-14 15:30:00+00:00,234.2100067138672,235.97000122070312,234.1300048828125,235.60000610351562,3836690,234.09290171051026,234.3271117172241
2025-01-14 16:30:00+00:00,233.3249969482422,234.47630310058594,232.84500122070312,234.19000244140625,3080840,233.20833444976807,233.4416594467163
2025-01-14 17:30:00+00:00,234.02020263671875,234.1199951171875,232.64999389648438,233.30999755859375,2179055,233.9031925354004,234.1372127380371
2025-01-14 18:30:00+00:00,234.25869750976562,234.9199981689453,233.72000122070312,234.0399932861328,2448410,234.14156816101075,234.3758268585205
2025-01-14 19:30:00+00:00,233.2949981689453,234.64999389648438,232.4720001220703,234.25,3619972,233.17835066986086,233.41164566802976
2025-01-14 20:30:00+00:00,233.27999877929688,233.44000244140625,232.5399932861328,233.27999877929688,4851942,233.16335877990724,233.3966387786865
2025-01-15 14:30:00+00:00,237.92010498046875,238.38999938964844,234.42999267578125,234.63999938964844,8599650,237.80114492797853,238.03906503295897
2025-01-15 15:30:00+00:00,237.40069580078125,238.5399932861328,237.30999755859375,237.9600067138672,3705014,237.28199545288086,237.51939614868164
2025-01-15 16:30:00+00:00,237.11990356445312,237.5800018310547,236.5023956298828,237.39999389648438,2959584,237.00134361267092,237.23846351623533
2025-01-15 17:30:00+00:00,237.52999877929688,237.74000549316406,236.97000122070312,237.11500549316406,2206504,237.41123377990723,237.64876377868652
2025-01-15 18:30:00+00:00,237.5601043701172,237.75999450683594,237.25999450683594,237.52000427246094,1908254,237.44132431793213,237.67888442230225
2025-01-15 19:30:00+00:00,237.62120056152344,238.03419494628906,237.52000427246094,237.5800018310547,2782086,237.5023899612427,237.74001116180418
2025-01-15 20:30:00+00:00,237.85000610351562,238.47000122070312,237.38999938964844,237.6199951171875,4684385,237.73108110046388,237.96893110656737
2025-01-16 14:30:00+00:00,232.8179931640625,238.00999450683594,232.71060180664062,237.49000549316406,10445774,232.7015841674805,232.9344021606445
2025-01-16 15:30:00+00:00,230.5850067138672,233.02000427246094,230.16000366210938,232.802001953125,11066513,230.46971421051026,230.7002992172241
2025-01-16 16:30:00+00:00,230.9199981689453,231.10000610351562,229.75,230.59950256347656,8412063,230.80453816986085,231.03545816802978
2025-01-16 17:30:00+00:00,229.19000244140625,231.1999969482422,229.07000732421875,230.9199981689453,6223224,229.07540744018556,229.30459744262694
2025-01-16 18:30:00+00:00,229.1750030517578,229.39999389648438,228.55999755859375,229.18499755859375,5844721,229.06041555023194,229.2895905532837
2025-01-16 19:30:00+00:00,229.02499389648438,230.068603515625,228.89999389648438,229.1750030517578,6469586,228.91048139953614,229.1395063934326
2025-01-16 20:30:00+00:00,228.24000549316406,229.2917938232422,228.02999877929688,229.00999450683594,9428473,228.1258854904175,228.35412549591064
2025-01-17 14:30:00+00:00,230.38499450683594,232.2899932861328,229.72000122070312,231.30999755859375,25704386,230.26980200958252,230.50018700408936
2025-01-17 15:30:00+00:00,231.2812957763672,231.64999389648438,230.35000610351562,230.39999389648438,6641037,231.16565512847902,231.39693642425536
2025-01-17 16:30:00+00:00,230.25909423828125,231.32000732421875,229.49000549316406,231.2899932861328,5636022,230.14396469116213,230.37422378540037
2025-01-17 17:30:00+00:00,229.91000366210938,230.44000244140625,229.88999938964844,230.26499938964844,3639355,229.79504866027833,230.02495866394042
2025-01-17 18:30:00+00:00,229.17999267578125,229.9499969482422,228.47999572753906,229.9102020263672,4996598,229.06540267944337,229.29458267211913
2025-01-17 19:30:00+00:00,229.44009399414062,229.77000427246094,229.0800018310547,229.17999267578125,4408697,229.32537394714356,229.5548140411377
2025-01-17 20:30:00+00:00,229.99000549316406,230.02000427246094,229.22999572753906,229.44000244140625,5430152,229.87501049041748,230.10500049591064
2025-01-21 14:30:00+00:00,221.77029418945312,224.4199981689453,220.8000030517578,224.0,25254424,221.65940904235842,221.88117933654783
2025-01-21 15:30:00+00:00,220.10780334472656,222.08999633789062,219.6999969482422,221.77499389648438,13429826,219.9977494430542,220.21785724639892
2025-01-21 16:30:00+00:00,220.36000061035156,220.77000427246094,219.3800048828125,220.08999633789062,9451785,220.24982061004638,220.47018061065674
2025-01-21 17:30:00+00:00,220.40499877929688,221.07000732421875,220.00999450683594,220.36000061035156,6315018,220.29479627990725,220.5152012786865
2025-01-21 18:30:00+00:00,221.60989379882812,221.69000244140625,220.3699951171875,220.40469360351562,6914968,221.49908885192872,221.72069874572753
2025-01-21 19:30:00+00:00,221.64990234375,221.6699981689453,220.30999755859375,221.60499572753906,7105466,221.53907739257815,221.76072729492185
2025-01-21 20:30:00+00:00,222.66000366210938,222.77999877929688,221.33999633789062,221.63999938964844,7242328,222.54867366027833,222.77133366394042
2025-01-22 14:30:00+00:00,221.63099670410156,223.35279846191406,219.8000030517578,219.94000244140625,16298662,221.52018120574954,221.7418122024536
2025-01-22 15:30:00+00:00,222.85980224609375,223.0800018310547,221.5500030517578,221.63499450683594,6740287,222.7483723449707,222.9712321472168
2025-01-22 16:30:00+00:00,222.56500244140625,222.92799377441406,221.6999969482422,222.85789489746094,5094747,222.45371994018555,222.67628494262695
2025-01-22 17:30:00+00:00,222.11570739746094,222.85000610351562,222.01499938964844,222.56500244140625,3954228,222.0046495437622,222.22676525115966
2025-01-22 18:30:00+00:00,222.74600219726562,222.86500549316406,221.91000366210938,222.1300048828125,3384532,222.634629196167,222.85737519836425
2025-01-22 19:30:00+00:00,223.35000610351562,223.60000610351562,222.4199981689453,222.75,5606510,223.23833110046388,223.46168110656737
2025-01-22 20:30:00+00:00,223.77000427246094,223.97999572753906,223.05999755859375,223.36500549316406,5027611,223.65811927032473,223.88188927459714
2025-01-23 14:30:00+00:00,225.97000122070312,227.02999877929688,224.38949584960938,224.72999572753906,14316012,225.8570162200928,226.08298622131346
2025-01-23 15:30:00+00:00,225.1750030517578,226.3699951171875,224.3800048828125,225.96499633789062,6661602,225.06241555023195,225.28759055328368
2025-01-23 16:30:00+00:00,223.57000732421875,225.19500732421875,223.3856964111328,225.16000366210938,5267365,223.45822232055664,223.68179232788086
2025-01-23 17:30:00+00:00,223.5500030517578,223.77999877929688,223.19000244140625,223.56500244140625,5083443,223.43822805023194,223.66177805328368
2025-01-23 18:30:00+00:00,222.8000030517578,223.63499450683594,222.42999267578125,223.55999755859375,4117821,222.68860305023193,222.9114030532837
2025-01-23 19:30:00+00:00,222.8800048828125,223.1699981689453,222.5749969482422,222.80999755859375,4096781,222.76856488037112,222.99144488525388
2025-01-23 20:30:00+00:00,223.64999389648438,223.64999389648438,222.3000030517578,222.86500549316406,6903829,223.53816889953615,223.7618188934326
2025-01-24 14:30:00+00:00,222.72999572753906,225.6300048828125,222.5301055908203,224.97500610351562,15246196,222.61863072967532,222.8413607254028
2025-01-24 15:30:00+00:00,222.75999450683594,223.3699951171875,222.35009765625,222.73500061035156,6090500,222.64861450958253,222.87137450408935
2025-01-24 16:30:00+00:00,222.27999877929688,223.49000549316406,222.13999938964844,222.77000427246094,5067407,222.16885877990723,222.39113877868652
2025-01-24 17:30:00+00:00,222.16000366210938,222.72450256347656,221.9499969482422,222.27999877929688,3586687,222.04892366027832,222.27108366394043
2025-01-24 18:30:00+00:00,222.3699951171875,222.5500030517578,221.9199981689453,222.13999938964844,2912495,222.25881011962892,222.48118011474608
2025-01-24 19:30:00+00:00,222.32000732421875,222.92999267578125,221.41000366210938,222.35000610351562,4686564,222.20884732055666,222.43116732788084
2025-01-24 20:30:00+00:00,222.7899932861328,223.0449981689453,222.1999969482422,222.31500244140625,5237044,222.67859828948977,222.90138828277586
2025-01-27 14:30:00+00:00,227.29229736328125,227.6999969482422,224.0,224.02999877929688,22895716,227.17865121459963,227.40594351196287
2025-01-27 15:30:00+00:00,228.49380493164062,228.8300018310547,227.08999633789062,227.3000030517578,9565070,228.37955802917483,228.60805183410642
2025-01-27 16:30:00+00:00,230.08999633789062,230.13999938964844,228.17999267578125,228.47000122070312,8523755,229.97495133972168,230.20504133605957
2025-01-27 17:30:00+00:00,231.32000732421875,231.3800048828125,229.8105010986328,230.08999633789062,6766052,231.20434732055665,231.43566732788085
2025-01-27 18:30:00+00:00,232.02999877929688,232.14999389648438,230.99000549316406,231.3000030517578,7080439,231.91398377990723,232.14601377868652
2025-01-27 19:30:00+00:00,230.67999267578125,232.02999877929688,230.13999938964844,232.02999877929688,9415488,230.56465267944338,230.79533267211912
2025-01-27 20:30:00+00:00,229.94000244140625,231.3800048828125,228.47999572753906,230.6999969482422,10815158,229.82503244018557,230.05497244262693
2025-01-28 14:30:00+00:00,237.63999938964844,237.7899932861328,230.8800048828125,230.8800048828125,21113721,237.52117938995363,237.75881938934324
2025-01-28 15:30:00+00:00,239.0800018310547,239.4499969482422,237.6300048828125,237.64999389648438,12275716,238.96046183013917,239.1995418319702
2025-01-28 16:30:00+00:00,238.5500030517578,240.19000244140625,238.20010375976562,239.05999755859375,8384418,238.43072805023195,238.66927805328368
2025-01-28 17:30:00+00:00,238.74420166015625,239.24989318847656,238.23500061035156,238.5500030517578,3770424,238.62482955932617,238.86357376098633
2025-01-28 18:30:00+00:00,238.82000732421875,239.10000610351562,238.58999633789062,238.76800537109375,3369693,238.70059732055665,238.93941732788085
2025-01-28 19:30:00+00:00,238.83999633789062,239.47999572753906,238.30999755859375,238.82220458984375,4877201,238.7205763397217,238.95941633605955
2025-01-28 20:30:00+00:00,238.24000549316406,238.97999572753906,237.75999450683594,238.8800048828125,5143611,238.1208854904175,238.35912549591063
2025-01-29 14:30:00+00:00,236.8300018310547,237.1300048828125,234.52000427246094,235.0,11611110,236.71158683013917,236.9484168319702
2025-01-29 15:30:00+00:00,236.5157012939453,238.0,236.42999267578125,236.80999755859375,4857419,236.39744344329836,236.63395914459227
2025-01-29 16:30:00+00:00,236.86900329589844,237.22000122070312,236.1300048828125,236.52999877929688,4055486,236.7505687942505,236.98743779754636
2025-01-29 17:30:00+00:00,237.42999267578125,237.43499755859375,235.4600067138672,236.8699951171875,3400271,237.31127767944338,237.54870767211912
2025-01-29 18:30:00+00:00,236.44500732421875,237.66000366210938,236.30999755859375,237.4499969482422,2765958,236.32678482055664,236.56322982788086
2025-01-29 19:30:00+00:00,239.0500030517578,239.24000549316406,236.34500122070312,236.44000244140625,4886187,238.93047805023195,239.16952805328367
2025-01-29 20:30:00+00:00,239.35000610351562,239.85499572753906,238.72000122070312,239.05999755859375,5064524,239.23033110046387,239.46968110656738
2025-01-30 14:30:00+00:00,238.4600067138672,240.7899932861328,238.08999633789062,238.6649932861328,8800925,238.34077671051026,238.57923671722412
2025-01-30 15:30:00+00:00,238.16000366210938,239.02999877929688,237.2100067138672,238.4600067138672,6211686,238.04092366027834,238.2790836639404
2025-01-30 16:30:00+00:00,238.02999877929688,238.8800048828125,237.80999755859375,238.1844024658203,3222220,237.91098377990724,238.1490137786865
2025-01-30 17:30:00+00:00,238.4499969482422,238.7686004638672,237.90499877929688,238.02999877929688,2683972,238.3307719497681,238.56922194671628
2025-01-30 18:30:00+00:00,239.25,239.6699981689453,238.44000244140625,238.44000244140625,3360211,239.13037500000002,239.36962499999998
2025-01-30 19:30:00+00:00,239.5800018310547,240.0500030517578,239.2100067138672,239.25,4799123,239.46021183013917,239.6997918319702
2025-01-30 20:30:00+00:00,237.55999755859375,239.85499572753906,237.24000549316406,239.5800018310547,6836079,237.44121755981448,237.67877755737302
2025-01-31 14:30:00+00:00,240.943603515625,247.19000244140625,240.5500030517578,247.0399932861328,27334395,240.8231317138672,241.0640753173828
2025-01-31 15:30:00+00:00,238.94900512695312,241.42930603027344,238.58999633789062,240.90499877929688,10162823,238.82953062438966,239.0684796295166
2025-01-31 16:30:00+00:00,239.74000549316406,240.0500030517578,238.74000549316406,238.97000122070312,6222938,239.62013549041748,239.85987549591064
2025-01-31 17:30:00+00:00,236.4250030517578,239.80099487304688,236.22000122070312,239.75,7822078,236.30679055023194,236.5432155532837
2025-01-31 18:30:00+00:00,235.13499450683594,236.86000061035156,234.47000122070312,236.42999267578125,7380314,235.01742700958252,235.25256200408936
2025-01-31 19:30:00+00:00,234.2899932861328,235.2799072265625,233.44000244140625,235.15499877929688,7945570,234.17284828948976,234.40713828277586
2025-01-31 20:30:00+00:00,235.86000061035156,236.5,233.74000549316406,234.30999755859375,8379858,235.7420706100464,235.97793061065673
2025-02-03 14:30:00+00:00,229.25999450683594,231.8300018310547,226.63499450683594,229.44000244140625,21198249,229.14536450958252,229.37462450408935
2025-02-03 15:30:00+00:00,226.4199981689453,229.8199005126953,226.0800018310547,229.25999450683594,10347971,226.30678816986085,226.53320816802977
2025-02-03 16:30:00+00:00,226.36990356445312,227.1300048828125,225.7100067138672,226.41000366210938,7067637,226.2567186126709,226.48308851623534
2025-02-03 17:30:00+00:00,226.89999389648438,227.07000732421875,225.9499969482422,226.36000061035156,4952072,226.78654389953616,227.0134438934326
2025-02-03 18:30:00+00:00,228.47000122070312,228.8477020263672,226.88999938964844,226.91000366210938,5283668,228.3557662200928,228.58423622131346
2025-02-03 19:30:00+00:00,228.5500946044922,229.2100067138672,228.32000732421875,228.47999572753906,4499030,228.43581955718994,228.66436965179443
2025-02-03 20:30:00+00:00,227.97999572753906,228.9698944091797,227.6300048828125,228.57000732421875,5648751,227.8660057296753,228.09398572540283
2025-02-04 14:30:00+00:00,230.3699951171875,230.41180419921875,226.64999389648438,227.1999969482422,11635605,230.25481011962893,230.48518011474607
2025-02-04 15:30:00+00:00,231.0500030517578,231.54879760742188,230.1199951171875,230.3800048828125,5363016,230.93447805023195,231.16552805328368
2025-02-04 16:30:00+00:00,231.77999877929688,232.7899932861328,231.0500030517578,231.05999755859375,5207796,231.66410877990725,231.8958887786865
2025-02-04 17:30:00+00:00,232.22000122070312,232.3800048828125,231.38999938964844,231.7899932861328,3095970,232.10389122009278,232.33611122131347
2025-02-04 18:30:00+00:00,232.13999938964844,232.36000061035156,231.3800048828125,232.22569274902344,2286596,232.02392938995362,232.25606938934325
2025-02-04 19:30:00+00:00,232.3090057373047,232.9499969482422,232.13499450683594,232.13999938964844,3344618,232.19285123443603,232.42516024017334
2025-02-04 20:30:00+00:00,232.7899932861328,233.1300048828125,232.02999877929688,232.2899932861328,3490884,232.67359828948975,232.90638828277588
2025-02-05 14:30:00+00:00,229.5,230.60000610351562,228.3000030517578,228.49000549316406,9950114,229.38525,229.61475
2025-02-05 15:30:00+00:00,230.08999633789062,230.19749450683594,228.8513946533203,229.50999450683594,3447904,229.97495133972168,230.20504133605957
2025-02-05 16:30:00+00:00,230.69000244140625,231.27999877929688,229.99000549316406,230.08999633789062,2916112,230.57465744018555,230.80534744262695
2025-02-05 17:30:00+00:00,229.91000366210938,230.75,229.6300048828125,230.67999267578125,2376195,229.79504866027833,230.02495866394042
2025-02-05 18:30:00+00:00,230.64869689941406,231.52999877929688,229.7100067138672,229.89999389648438,3043271,230.53337255096437,230.76402124786375
2025-02-05 19:30:00+00:00,231.7949981689453,231.8699951171875,230.5,230.63999938964844,2871834,231.67910066986084,231.91089566802978
2025-02-05 20:30:00+00:00,232.4600067138672,232.6699981689453,231.110107421875,231.77999877929688,3443025,232.34377671051027,232.5762367172241
2025-02-06 14:30:00+00:00,231.5399932861328,233.8000030517578,230.779296875,231.33999633789062,6919081,231.42422328948976,231.65576328277587
2025-02-06 15:30:00+00:00,231.51499938964844,232.3256072998047,230.4250030517578,231.5850067138672,3599406,231.39924188995363,231.63075688934325
2025-02-06 16:30:00+00:00,231.3300018310547,231.63499450683594,230.89999389648438,231.50999450683594,2213517,231.21433683013916,231.44566683197021
2025-02-06 17:30:00+00:00,232.19000244140625,232.33999633789062,231.02999877929688,231.34500122070312,2393555,232.07390744018556,232.30609744262694
2025-02-06 18:30:00+00:00,232.8699951171875,233.11000061035156,232.0800018310547,232.19000244140625,1818718,232.75356011962893,232.98643011474607
2025-02-06 19:30:00+00:00,232.27999877929688,232.88999938964844,231.89500427246094,232.88999938964844,2205672,232.16385877990723,232.39613877868652
2025-02-06 20:30:00+00:00,233.22000122070312,233.27999877929688,231.92999267578125,232.2899932861328,3111368,233.1033912200928,233.33661122131346
2025-02-07 14:30:00+00:00,230.38999938964844,234.0,229.8800048828125,232.51499938964844,7814805,230.27480438995363,230.50519438934325
2025-02-07 15:30:00+00:00,229.05499267578125,231.26800537109375,228.89999389648438,230.33999633789062,5664232,228.94046517944338,229.16952017211912
2025-02-07 16:30:00+00:00,228.40060424804688,229.4199981689453,228.19500732421875,229.0850067138672,3763438,228.28640394592287,228.51480455017088
2025-02-07 17:30:00+00:00,229.2989044189453,229.44000244140625,228.36329650878906,228.38999938964844,3721234,229.18425496673586,229.41355387115476
2025-02-07 18:30:00+00:00,227.8800048828125,229.5,227.8300018310547,229.2899932861328,2602577,227.76606488037112,227.99394488525388
2025-02-07 19:30:00+00:00,228.0,228.5800018310547,227.7899932861328,227.88999938964844,2965606,227.88600000000002,228.11399999999998
2025-02-07 20:30:00+00:00,227.7100067138672,228.14999389648438,227.25999450683594,227.99000549316406,5030649,227.59615171051027,227.8238617172241
2025-02-10 14:30:00+00:00,229.86619567871094,230.5850067138672,228.8000030517578,229.57000732421875,6362641,229.75126258087158,229.9811287765503
2025-02-10 15:30:00+00:00,229.36000061035156,229.91160583496094,228.74000549316406,229.88999938964844,3755966,229.2453206100464,229.47468061065672
2025-02-10 16:30:00+00:00,228.470703125,229.38499450683594,228.23919677734375,229.3708038330078,2474012,228.35646777343752,228.58493847656248
2025-02-10 17:30:00+00:00,228.47000122070312,228.8800048828125,228.3699951171875,228.47000122070312,2457578,228.3557662200928,228.58423622131346
2025-02-10 18:30:00+00:00,228.6999053955078,229.03500366210938,228.40499877929688,228.48500061035156,1724663,228.58555544281006,228.81425534820556
2025-02-10 19:30:00+00:00,227.69000244140625,228.83999633789062,227.60000610351562,228.6999969482422,2971076,227.57615744018557,227.80384744262693
2025-02-10 20:30:00+00:00,227.63999938964844,227.8800048828125,227.1999969482422,227.69500732421875,3507517,227.52617938995363,227.75381938934325
2025-02-11 14:30:00+00:00,233.33999633789062,233.49000549316406,228.1300048828125,228.1999969482422,16450165,233.2233263397217,233.45666633605956
2025-02-11 15:30:00+00:00,234.64999389648438,234.7178955078125,232.82009887695312,233.32000732421875,7044159,234.53266889953613,234.76731889343262
2025-02-11 16:30:00+00:00,234.57229614257812,235.22999572753906,233.72169494628906,234.66000366210938,5739199,234.45500999450684,234.6895822906494
2025-02-11 17:30:00+00:00,233.5449981689453,234.625,233.25,234.58999633789062,3044227,233.42822566986086,233.66177066802976
2025-02-11 18:30:00+00:00,233.3699951171875,234.1898956298828,233.1300048828125,233.59609985351562,2813907,233.2533101196289,233.4866801147461
2025-02-11 19:30:00+00:00,233.1107940673828,233.9250030517578,232.89999389648438,233.3621063232422,3713179,232.99423867034915,233.22734946441648
2025-02-11 20:30:00+00:00,232.77000427246094,233.3000030517578,232.1699981689453,233.11000061035156,4614482,232.65361927032473,232.88638927459715
2025-02-12 14:30:00+00:00,233.60499572753906,234.0500030517578,230.67999267578125,231.27499389648438,11363398,233.48819322967532,233.7217982254028
2025-02-12 15:30:00+00:00,235.07000732421875,235.13999938964844,233.5800018310547,233.58120727539062,5460408,234.95247232055667,235.18754232788083
2025-02-12 16:30:00+00:00,235.2899932861328,235.66000366210938,234.72999572753906,235.07000732421875,3522413,235.17234828948975,235.40763828277588
2025-02-12 17:30:00+00:00,235.47999572753906,235.88999938964844,234.86000061035156,235.27330017089844,2818998,235.3622557296753,235.59773572540283
2025-02-12 18:30:00+00:00,236.2100067138672,236.4199981689453,235.32000732421875,235.47320556640625,3035921,236.09190171051026,236.32811171722412
2025-02-12 19:30:00+00:00,236.46499633789062,236.66000366210938,236.07000732421875,236.2100067138672,3343068,236.3467638397217,236.58322883605956
2025-02-12 20:30:00+00:00,236.88999938964844,236.9600067138672,235.91000366210938,236.4600067138672,4493778,236.77155438995362,237.00844438934325
2025-02-13 14:30:00+00:00,237.8800048828125,239.0,235.57000732421875,236.97500610351562,9839880,237.7610648803711,237.9989448852539
2025-02-13 15:30:00+00:00,240.47999572753906,241.61000061035156,237.72999572753906,237.89599609375,8943032,240.3597557296753,240.60023572540283
2025-02-13 16:30:00+00:00,240.34500122070312,240.83999633789062,239.82000732421875,240.49029541015625,3794251,240.22482872009277,240.46517372131348
2025-02-13 17:30:00+00:00,241.02999877929688,241.35000610351562,240.19000244140625,240.3498992919922,3188980,240.90948377990725,241.1505137786865
2025-02-13 18:30:00+00:00,241.7698974609375,242.07000732421875,240.52999877929688,241.0399932861328,3761997,241.64901251220704,241.89078240966796
2025-02-13 19:30:00+00:00,241.5449981689453,242.33990478515625,241.25999450683594,241.75010681152344,3704786,241.42422566986085,241.66577066802978
2025-02-13 20:30:00+00:00,241.52000427246094,241.7689971923828,241.00999450683594,241.5449981689453,4257382,241.39924427032471,241.64076427459716
2025-02-14 14:30:00+00:00,244.3800048828125,245.0500030517578,241.0,241.07000732421875,11286651,244.25781488037111,244.50219488525389
2025-02-14 15:30:00+00:00,243.94500732421875,244.3800048828125,243.16000366210938,244.3800048828125,4923421,243.82303482055664,244.06697982788086
2025-02-14 16:30:00+00:00,243.81520080566406,244.52999877929688,243.69000244140625,243.94000244140625,4178251,243.69329320526126,243.93710840606687
2025-02-14 17:30:00+00:00,243.99989318847656,244.30999755859375,243.33999633789062,243.8249969482422,2425988,243.87789324188233,244.1218931350708
2025-02-14 18:30:00+00:00,244.14999389648438,244.5399932861328,243.94000244140625,243.97999572753906,1978801,244.02791889953613,244.27206889343262
2025-02-14 19:30:00+00:00,244.10000610351562,244.3699951171875,243.91009521484375,244.139892578125,2427820,243.97795610046387,244.22205610656738
2025-02-14 20:30:00+00:00,244.57000732421875,245.41000366210938,243.91000366210938,244.0800018310547,4882408,244.44772232055666,244.69229232788084
2025-02-18 14:30:00+00:00,244.0904998779297,245.17999267578125,242.860107421875,243.91000366210938,10825110,243.96845462799072,244.21254512786865
2025-02-18 15:30:00+00:00,244.72999572753906,244.9698944091797,243.94000244140625,244.0800018310547,3159856,244.6076307296753,244.85236072540283
2025-02-18 16:30:00+00:00,244.42999267578125,245.0500030517578,244.17999267578125,244.72000122070312,3072601,244.30777767944338,244.55220767211912
2025-02-18 17:30:00+00:00,243.43499755859375,244.5,243.25,244.4499969482422,2653024,243.31328005981447,243.55671505737303
2025-02-18 18:30:00+00:00,243.05499267578125,243.48330688476562,241.83999633789062,243.42999267578125,3303217,242.93346517944337,243.17652017211913
2025-02-18 19:30:00+00:00,243.52000427246094,243.8350067138672,242.97999572753906,243.05499267578125,2923310,243.3982442703247,243.64176427459716
2025-02-18 20:30:00+00:00,244.47000122070312,244.60000610351562,243.14999389648438,243.52999877929688,4972578,244.34776622009278,244.59223622131347
2025-02-19 14:30:00+00:00,243.9398956298828,246.00999450683594,243.7899932861328,244.61000061035156,7953912,243.81792568206788,244.06186557769774
2025-02-19 15:30:00+00:00,244.3957061767578,244.49000549316406,243.160400390625,243.92999267578125,3875842,244.27350832366946,244.51790402984616
2025-02-19 16:30:00+00:00,245.14999389648438,245.65139770507812,244.02999877929688,244.38999938964844,3328518,245.02741889953614,245.2725688934326
2025-02-19 17:30:00+00:00,244.7100067138672,245.27999877929688,244.22999572753906,245.13999938964844,1965036,244.58765171051027,244.8323617172241
2025-02-19 18:30:00+00:00,244.9001007080078,245.1898956298828,244.22000122070312,244.71499633789062,2025071,244.77765065765382,245.0225507583618
2025-02-19 19:30:00+00:00,244.8800048828125,245.1699981689453,244.45010375976562,244.89999389648438,2676277,244.75756488037112,245.00244488525388
2025-02-19 20:30:00+00:00,244.8800048828125,245.089599609375,244.53500366210938,244.8800048828125,2963614,244.75756488037112,245.00244488525388
2025-02-20 14:30:00+00:00,244.7449951171875,246.77999877929688,244.2899932861328,244.97000122070312,7059474,244.6226226196289,244.8673676147461
2025-02-20 15:30:00+00:00,246.13059997558594,246.6999969482422,244.58999633789062,244.74000549316406,4286584,246.00753467559815,246.25366527557372
2025-02-20 16:30:00+00:00,246.3800048828125,246.4600067138672,245.02999877929688,246.125,4072175,246.2568148803711,246.5031948852539
2025-02-20 17:30:00+00:00,245.44500732421875,246.41000366210938,245.16000366210938,246.3699951171875,2248069,245.32228482055666,245.56772982788084
2025-02-20 18:30:00+00:00,245.2550048828125,245.5800018310547,245.02000427246094,245.44000244140625,1791583,245.1323773803711,245.3776323852539
2025-02-20 19:30:00+00:00,245.6199951171875,245.75,244.85000610351562,245.25,2339026,245.4971851196289,245.7428051147461
2025-02-20 20:30:00+00:00,245.86000061035156,246.0,245.36000061035156,245.61000061035156,3152476,245.7370706100464,245.98293061065672
2025-02-21 14:30:00+00:00,245.7899932861328,246.94000244140625,245.22000122070312,245.96499633789062,8207297,245.66709828948976,245.91288828277587
2025-02-21 15:30:00+00:00,247.1300048828125,247.4499969482422,245.22000122070312,245.77499389648438,5440754,247.00643988037112,247.25356988525388
2025-02-21 16:30:00+00:00,247.3699951171875,247.64999389648438,246.64999389648438,247.14500427246094,4700950,247.24631011962893,247.49368011474607
2025-02-21 17:30:00+00:00,247.44119262695312,248.69000244140625,247.10000610351562,247.3800048828125,6864397,247.31747203063966,247.5649132232666
2025-02-21 18:30:00+00:00,246.49000549316406,248.0767059326172,246.42999267578125,247.44509887695312,4986285,246.3667604904175,246.61325049591062
2025-02-21 19:30:00+00:00,245.8000030517578,246.82000732421875,245.39010620117188,246.5050048828125,7827784,245.67710305023195,245.92290305328368
2025-02-21 20:30:00+00:00,245.58999633789062,246.08999633789062,245.3300018310547,245.81500244140625,5597978,245.4672013397217,245.71279133605955
2025-02-24 14:30:00+00:00,247.85000610351562,248.86000061035156,244.58999633789062,246.11500549316406,13193734,247.7260811004639,247.97393110656736
2025-02-24 15:30:00+00:00,247.11019897460938,247.9541015625,246.00999450683594,247.85000610351562,6815696,246.98664387512207,247.23375407409668
2025-02-24 16:30:00+00:00,247.7949981689453,248.32000732421875,247.1199951171875,247.1199951171875,3637316,247.67110066986086,247.91889566802976
2025-02-24 17:30:00+00:00,248.0500030517578,248.13999938964844,247.22000122070312,247.82000732421875,2550281,247.92597805023195,248.17402805328368
2025-02-24 18:30:00+00:00,248.66000366210938,248.8000030517578,247.6699981689453,248.0500030517578,4364229,248.53567366027832,248.78433366394043
2025-02-24 19:30:00+00:00,247.61000061035156,248.75,247.42999267578125,248.66000366210938,3655325,247.4861956100464,247.73380561065673
2025-02-24 20:30:00+00:00,247.22999572753906,247.7899932861328,246.82000732421875,247.59500122070312,4975763,247.1063807296753,247.35361072540283
2025-02-25 14:30:00+00:00,245.11000061035156,249.52000427246094,244.91000366210938,248.0,12543414,244.9874456100464,245.23255561065673
2025-02-25 15:30:00+00:00,246.52499389648438,246.8699951171875,244.91000366210938,245.1300048828125,4912736,246.40173139953615,246.6482563934326
2025-02-25 16:30:00+00:00,249.5800018310547,249.97999572753906,246.4300994873047,246.53500366210938,6711698,249.45521183013918,249.7047918319702
2025-02-25 17:30:00+00:00,247.97999572753906,249.6199951171875,247.72999572753906,249.5800018310547,3191684,247.8560057296753,248.10398572540282
2025-02-25 18:30:00+00:00,247.66810607910156,248.6199951171875,247.16000366210938,247.97000122070312,3236285,247.54427202606203,247.7919401321411
2025-02-25 19:30:00+00:00,247.72000122070312,248.58999633789062,247.5500030517578,247.63999938964844,3408426,247.5961412200928,247.84386122131346
2025-02-25 20:30:00+00:00,247.0500030517578,247.77000427246094,246.0449981689453,247.72500610351562,4291190,246.92647805023194,247.1735280532837
2025-02-26 14:30:00+00:00,243.47999572753906,244.97999572753906,241.4199981689453,244.3300018310547,11922325,243.3582557296753,243.60173572540282
2025-02-26 15:30:00+00:00,241.80999755859375,243.72000122070312,241.5800018310547,243.4949951171875,4844532,241.68909255981447,241.93090255737303
2025-02-26 16:30:00+00:00,243.1300048828125,243.88999938964844,241.75,241.8000030517578,3260739,243.0084398803711,243.2515698852539
2025-02-26 17:30:00+00:00,240.34030151367188,243.2899932861328,240.24000549316406,243.13999938964844,4011307,240.22013136291505,240.4604716644287
2025-02-26 18:30:00+00:00,239.82000732421875,240.38999938964844,239.1300048828125,240.33999633789062,4096351,239.70009732055667,239.93991732788083
2025-02-26 19:30:00+00:00,239.9499969482422,240.4499969482422,239.52999877929688,239.80999755859375,3160834,239.83002194976808,240.0699719467163
2025-02-26 20:30:00+00:00,240.30999755859375,240.7100067138672,239.68499755859375,239.9600067138672,4066395,240.18984255981448,240.43015255737302
2025-02-27 14:30:00+00:00,241.375,242.27999877929688,238.47000122070312,239.34500122070312,11860928,241.25431250000003,241.49568749999997
2025-02-27 15:30:00+00:00,241.52000427246094,242.4600067138672,240.63999938964844,241.36000061035156,3314596,241.39924427032471,241.64076427459716
2025-02-27 16:30:00+00:00,241.05799865722656,241.78480529785156,239.5850067138672,241.52000427246094,2483584,240.93746965789796,241.17852765655516
2025-02-27 17:30:00+00:00,241.89999389648438,242.17999267578125,240.36000061035156,241.12969970703125,2123940,241.77904389953613,242.02094389343262
2025-02-27 18:30:00+00:00,240.6300048828125,242.0500030517578,240.52000427246094,241.92999267578125,2376630,240.5096898803711,240.7503198852539
2025-02-27 19:30:00+00:00,238.9199981689453,240.66000366210938,238.77029418945312,240.64500427246094,4411625,238.80053816986086,239.03945816802977
2025-02-27 20:30:00+00:00,237.3800048828125,239.3695068359375,237.10000610351562,238.9550018310547,5981830,237.26131488037112,237.49869488525388
2025-02-28 14:30:00+00:00,237.59500122070312,237.8000030517578,234.50999450683594,236.9499969482422,9707088,237.4762037200928,237.71379872131345
2025-02-28 15:30:00+00:00,236.9199981689453,237.8300018310547,236.49000549316406,237.5800018310547,3856963,236.80153816986086,237.03845816802976
2025-02-28 16:30:00+00:00,237.60499572753906,237.75,236.5500030517578,236.8699951171875,2652791,237.4861932296753,237.72379822540282
2025-02-28 17:30:00+00:00,237.41000366210938,237.89999389648438,236.22999572753906,237.69000244140625,3253563,237.29129866027833,237.52870866394042
2025-02-28 18:30:00+00:00,237.9199981689453,238.3083038330078,237.00999450683594,237.40499877929688,3040911,237.80103816986085,238.03895816802978
2025-02-28 19:30:00+00:00,239.7100067138672,239.77999877929688,237.7003936767578,237.8800048828125,4607390,239.59015171051027,239.8298617172241
2025-02-28 20:30:00+00:00,241.83999633789062,242.08999633789062,238.80999755859375,239.69000244140625,7654870,241.71907633972168,241.96091633605957
2025-03-03 14:30:00+00:00,241.48500061035156,244.02720642089844,239.8249969482422,241.7220001220703,10137001,241.3642581100464,241.60574311065673
2025-03-03 15:30:00+00:00,241.19000244140625,242.6300048828125,241.12669372558594,241.5,3962348,241.06940744018556,241.31059744262694
2025-03-03 16:30:00+00:00,242.5399932861328,242.5500030517578,240.6649932861328,241.22999572753906,2726862,242.41872328948975,242.66126328277588
2025-03-03 17:30:00+00:00,240.96499633789062,242.98680114746094,240.74000549316406,242.5399932861328,2892774,240.84451383972169,241.08547883605956
2025-03-03 18:30:00+00:00,241.15179443359375,241.8699951171875,240.44000244140625,241.02000427246094,3716220,241.03121853637697,241.27237033081053
2025-03-03 19:30:00+00:00,236.8892059326172,242.0,236.64999389648438,241.16000366210938,5255129,236.7707613296509,237.00765053558348
2025-03-03 20:30:00+00:00,238.13999938964844,238.55999755859375,236.11199951171875,236.8800048828125,6362960,238.02092938995364,238.25906938934324
2025-03-04 14:30:00+00:00,238.39999389648438,239.38999938964844,236.35000610351562,237.7050018310547,12574876,238.28079389953615,238.5191938934326
2025-03-04 15:30:00+00:00,238.6300048828125,239.80999755859375,237.64999389648438,238.39999389648438,6419558,238.5106898803711,238.7493198852539
2025-03-04 16:30:00+00:00,238.1649932861328,240.07000732421875,238.12890625,238.58999633789062,4617834,238.04591078948977,238.28407578277586
2025-03-04 17:30:00+00:00,236.75,238.17990112304688,236.16000366210938,238.11000061035156,4297681,236.631625,236.868375
2025-03-04 18:30:00+00:00,238.2888946533203,238.55999755859375,236.42999267578125,236.75,3524557,238.16975020599367,238.40803910064696
2025-03-04 19:30:00+00:00,238.69000244140625,239.24989318847656,237.9822998046875,238.2899932861328,4105168,238.57065744018556,238.80934744262694
2025-03-04 20:30:00+00:00,236.07000732421875,238.75,234.6999969482422,238.67999267578125,6470426,235.95197232055665,236.18804232788085
2025-03-05 14:30:00+00:00,230.9199981689453,235.9499969482422,230.5500030517578,235.4949951171875,11396281,230.80453816986085,231.03545816802978
2025-03-05 15:30:00+00:00,230.6490020751953,233.1999969482422,230.13999938964844,230.94000244140625,4757085,230.53367757415774,230.7643265762329
2025-03-05 16:30:00+00:00,234.53990173339844,234.64999389648438,229.22999572753906,230.6199951171875,5831367,234.42263178253174,234.65717168426514
2025-03-05 17:30:00+00:00,234.67999267578125,235.5399932861328,234.0,234.5399932861328,3887648,234.56265267944337,234.79733267211913
2025-03-05 18:30:00+00:00,235.74749755859375,236.5500030517578,234.10000610351562,234.66529846191406,2837195,235.62962380981446,235.86537130737304
2025-03-05 19:30:00+00:00,236.0399932861328,236.47999572753906,235.14999389648438,235.8000030517578,3103634,235.92197328948976,236.15801328277587
2025-03-05 20:30:00+00:00,235.77000427246094,236.35000610351562,235.05999755859375,236.00999450683594,3864004,235.65211927032473,235.88788927459714
2025-03-06 14:30:00+00:00,236.47000122070312,237.16000366210938,233.5399932861328,234.43499755859375,8965074,236.3517662200928,236.58823622131345
2025-03-06 15:30:00+00:00,236.77999877929688,237.86000061035156,236.2449951171875,236.47000122070312,4326344,236.66160877990723,236.89838877868652
2025-03-06 16:30:00+00:00,234.4149932861328,237.33999633789062,234.0404052734375,236.74000549316406,4246957,234.29778578948975,234.53220078277587
2025-03-06 17:30:00+00:00,234.2949981689453,235.42999267578125,234.05999755859375,234.39999389648438,3660287,234.17785066986085,234.41214566802978
2025-03-06 18:30:00+00:00,233.69000244140625,235.1699981689453,233.39999389648438,234.30499267578125,4333970,233.57315744018555,233.80684744262695
2025-03-06 19:30:00+00:00,235.17999267578125,236.00999450683594,233.3300018310547,233.65499877929688,4926584,235.06240267944338,235.29758267211912
2025-03-06 20:30:00+00:00,235.32000732421875,235.75999450683594,234.4499969482422,235.1699981689453,4800803,235.20234732055664,235.43766732788086
2025-03-07 14:30:00+00:00,238.30999755859375,239.42999267578125,234.75999450683594,235.10499572753906,8540305,238.19084255981446,238.42915255737304
2025-03-07 15:30:00+00:00,239.02000427246094,240.16000366210938,237.0301055908203,238.31500244140625,6445384,238.9004942703247,239.13951427459716
2025-03-07 16:30:00+00:00,239.2899932861328,239.69749450683594,237.86000061035156,239.0399932861328,6229746,239.17034828948977,239.40963828277586
2025-03-07 17:30:00+00:00,240.41439819335938,241.3699951171875,238.8000030517578,239.25999450683594,6264766,240.29419099426272,240.53460539245603
2025-03-07 18:30:00+00:00,239.64999389648438,240.91000366210938,238.57000732421875,240.4250030517578,4109056,239.53016889953614,239.7698188934326
2025-03-07 19:30:00+00:00,238.8114013671875,239.86000061035156,238.0800018310547,239.6649932861328,3265326,238.6919956665039,238.9308070678711
2025-03-07 20:30:00+00:00,239.07000732421875,239.77000427246094,237.94000244140625,238.8000030517578,4811911,238.95047232055666,239.18954232788084
2025-03-10 13:30:00+00:00,228.5500030517578,236.16000366210938,228.52000427246094,235.47999572753906,15210592,228.43572805023194,228.66427805328368
2025-03-10 14:30:00+00:00,226.50869750976562,229.5,225.2899932861328,228.55499267578125,11879291,226.39544316101075,226.6219518585205
2025-03-10 15:30:00+00:00,225.47999572753906,227.2899932861328,224.22000122070312,226.52999877929688,6728298,225.3672557296753,225.59273572540283
2025-03-10 16:30:00+00:00,225.2100067138672,226.69000244140625,224.3249969482422,225.5399932861328,5441202,225.09740171051027,225.3226117172241
2025-03-10 17:30:00+00:00,226.5800018310547,226.97999572753906,224.8699951171875,225.24000549316406,5343177,226.46671183013916,226.6932918319702
2025-03-10 18:30:00+00:00,226.9761962890625,227.51499938964844,224.4208984375,226.58999633789062,7127512,226.86270819091797,227.08968438720703
2025-03-10 19:30:00+00:00,227.54100036621094,228.64999389648438,226.5,226.99000549316406,8057482,227.42722986602786,227.65477086639402
2025-03-11 13:30:00+00:00,222.52000427246094,225.83990478515625,220.00999450683594,223.8000030517578,17705238,222.40874427032472,222.63126427459716
2025-03-11 14:30:00+00:00,221.00320434570312,222.9499969482422,220.58999633789062,222.49000549316406,7838273,220.8927027435303,221.11370594787596
2025-03-11 15:30:00+00:00,218.5500030517578,221.74000549316406,218.5,220.97999572753906,8314282,218.44072805023194,218.65927805328369
2025-03-11 16:30:00+00:00,217.7550048828125,219.8800048828125,217.4499969482422,218.5399932861328,7268661,217.6461273803711,217.8638823852539
2025-03-11 17:30:00+00:00,220.5449981689453,220.97999572753906,217.67999267578125,217.72999572753906,6404020,220.43472566986085,220.65527066802977
2025-03-11 18:30:00+00:00,221.82020568847656,223.27999877929688,220.09019470214844,220.5500030517578,7110964,221.70929558563233,221.9311157913208
2025-03-11 19:30:00+00:00,220.72999572753906,222.0500030517578,220.5800018310547,221.82000732421875,6574063,220.6196307296753,220.84036072540283
2025-03-12 13:30:00+00:00,218.9499969482422,221.75,218.8300018310547,220.17999267578125,13585830,218.8405219497681,219.0594719467163
2025-03-12 14:30:00+00:00,216.44500732421875,219.39999389648438,214.91000366210938,218.9499969482422,10732384,216.33678482055666,216.55322982788084
2025-03-12 15:30:00+00:00,218.3603973388672,218.61000061035156,216.3300018310547,216.47000122070312,5950460,218.25121714019775,218.46957753753662
2025-03-12 16:30:00+00:00,218.18980407714844,218.60000610351562,216.8800048828125,218.44500732421875,4501805,218.0807091751099,218.298898979187
2025-03-12 17:30:00+00:00,216.11000061035156,218.22000122070312,215.92999267578125,218.1300048828125,5341362,216.0019456100464,216.21805561065673
2025-03-12 18:30:00+00:00,215.639892578125,217.08990478515625,215.0500030517578,216.1199951171875,6048770,215.53207263183594,215.74771252441406
2025-03-12 19:30:00+00:00,216.94000244140625,217.27000427246094,215.27999877929688,215.64999389648438,7314758,216.83153244018555,217.04847244262695
2025-03-13 13:30:00+00:00,214.27999877929688,216.8394012451172,214.22000122070312,215.94000244140625,11543428,214.17285877990724,214.3871387786865
2025-03-13 14:30:00+00:00,214.0402069091797,214.82000732421875,213.6300048828125,214.3000030517578,6000675,213.93318680572511,214.14722701263426
2025-03-13 15:30:00+00:00,211.94000244140625,214.35000610351562,211.5500030517578,214.0449981689453,8062598,211.83403244018555,212.04597244262695
2025-03-13 16:30:00+00:00,211.15499877929688,212.92999267578125,210.69000244140625,211.93380737304688,5949778,211.04942127990725,211.2605762786865
2025-03-13 17:30:00+00:00,212.2899932861328,212.47000122070312,210.50010681152344,211.13999938964844,5034049,212.18384828948976,212.39613828277587
2025-03-13 18:30:00+00:00,210.6300048828125,212.4698944091797,210.36000061035156,212.28599548339844,5897570,210.5246898803711,210.7353198852539
2025-03-13 19:30:00+00:00,209.7100067138672,210.7100067138672,208.4199981689453,210.6699981689453,9508816,209.60515171051026,209.81486171722412
2025-03-14 13:30:00+00:00,210.3780975341797,213.42999267578125,209.5800018310547,211.25,14448242,210.27290848541261,210.48328658294676
2025-03-14 14:30:00+00:00,211.92999267578125,212.3800048828125,209.97999572753906,210.3800048828125,7229106,211.82402767944336,212.03595767211914
2025-03-14 15:30:00+00:00,212.23069763183594,213.94000244140625,211.91000366210938,211.92999267578125,5804814,212.12458228302003,212.33681298065184
2025-03-14 16:30:00+00:00,212.31500244140625,213.5,212.07229614257812,212.23500061035156,3579047,212.20884494018557,212.42115994262693
2025-03-14 17:30:00+00:00,211.2449951171875,212.6898956298828,210.75999450683594,212.30259704589844,6007354,211.13937261962892,211.35061761474608
2025-03-14 18:30:00+00:00,212.90530395507812,213.41099548339844,211.25,211.25,4621820,212.7988513031006,213.01175660705564
2025-03-14 19:30:00+00:00,213.3800048828125,213.89999389648438,212.7100067138672,212.8946075439453,6350358,213.27331488037112,213.48669488525388
2025-03-17 13:30:00+00:00,213.22470092773438,214.97000122070312,212.1699981689453,213.36000061035156,9570854,213.11808857727053,213.33131327819822
2025-03-17 14:30:00+00:00,210.75469970703125,213.25999450683594,210.46969604492188,213.22500610351562,5939423,210.64932235717774,210.86007705688476
2025-03-17 15:30:00+00:00,211.1999969482422,211.8000030517578,209.97999572753906,210.7550048828125,4387530,211.09439694976808,211.3055969467163
2025-03-17 16:30:00+00:00,212.33030700683594,212.3699951171875,211.08999633789062,211.2100067138672,3083388,212.22414185333253,212.43647216033935
2025-03-17 17:30:00+00:00,214.4550018310547,214.73019409179688,212.27999877929688,212.35499572753906,4126373,214.34777433013917,214.5622293319702
2025-03-17 18:30:00+00:00,214.68499755859375,214.7967987060547,214.07000732421875,214.4499969482422,3623892,214.57765505981448,214.79234005737302
2025-03-17 19:30:00+00:00,214.19000244140625,215.22000122070312,213.6699981689453,214.67999267578125,6930829,214.08290744018555,214.29709744262695
2025-03-18 13:30:00+00:00,214.55140686035156,215.14999389648438,212.9499969482422,214.13999938964844,10203982,214.4441311569214,214.65868256378172
2025-03-18 14:30:00+00:00,213.3300018310547,214.88999938964844,212.64999389648438,214.5500030517578,4477342,213.22333683013917,213.4366668319702
2025-03-18 15:30:00+00:00,213.72000122070312,213.97999572753906,212.7899932861328,213.25,3176514,213.61314122009279,213.82686122131346
2025-03-18 16:30:00+00:00,212.2834014892578,213.7736053466797,211.49000549316406,213.6999969482422,4535545,212.1772597885132,212.38954319000243
2025-03-18 17:30:00+00:00,211.9949951171875,212.32000732421875,211.55979919433594,212.3000030517578,3006313,211.88899761962892,212.10099261474608
2025-03-18 18:30:00+00:00,212.34500122070312,212.65499877929688,211.810302734375,212.0,3435188,212.23882872009278,212.45117372131347
2025-03-18 19:30:00+00:00,212.7899932861328,213.25999450683594,212.30999755859375,212.34500122070312,4396249,212.68359828948977,212.89638828277586
2025-03-19 13:30:00+00:00,217.14500427246094,218.75999450683594,213.91009521484375,214.22000122070312,11385869,217.03643177032473,217.25357677459715
2025-03-19 14:30:00+00:00,215.66900634765625,217.2198028564453,214.9600067138672,217.2100067138672,5115267,215.56117184448243,215.77684085083007
2025-03-19 15:30:00+00:00,215.3000030517578,216.75,215.17999267578125,215.69000244140625,3249560,215.19235305023196,215.40765305328367
2025-03-19 16:30:00+00:00,214.3800048828125,215.3300018310547,214.2899932861328,215.2899932861328,2801294,214.2728148803711,214.4871948852539
2025-03-19 17:30:00+00:00,214.27000427246094,215.04969787597656,213.75,214.39199829101562,4823378,214.1628692703247,214.37713927459717
2025-03-19 18:30:00+00:00,215.50990295410156,217.0590057373047,214.25,214.27000427246094,6058928,215.40214800262453,215.6176579055786
2025-03-19 19:30:00+00:00,215.3000030517578,215.67999267578125,214.47999572753906,215.5,5255712,215.19235305023196,215.40765305328367
2025-03-20 13:30:00+00:00,216.9904022216797,217.48989868164062,212.89999389648438,213.99000549316406,7527757,216.88190702056886,217.09889742279051
2025-03-20 14:30:00+00:00,215.91900634765625,217.2949981689453,215.78759765625,216.97999572753906,4644755,215.81104684448243,216.02696585083007
2025-03-20 15:30:00+00:00,214.13999938964844,216.4600067138672,214.02000427246094,215.89999389648438,4337539,214.03292938995364,214.24706938934324
2025-03-20 16:30:00+00:00,213.22999572753906,214.50999450683594,213.0,214.13999938964844,5149763,213.12338072967532,213.3366107254028
2025-03-20 17:30:00+00:00,212.75999450683594,213.88999938964844,212.72999572753906,213.25999450683594,3180049,212.65361450958252,212.86637450408935
2025-03-20 18:30:00+00:00,212.68350219726562,213.39999389648438,212.22000122070312,212.77000427246094,4531064,212.577160446167,212.78984394836425
2025-03-20 19:30:00+00:00,214.14999389648438,214.75999450683594,212.69000244140625,212.69000244140625,5352998,214.04291889953615,214.2570688934326
2025-03-21 13:30:00+00:00,213.74000549316406,214.41000366210938,211.47000122070312,211.51499938964844,21249328,213.6331354904175,213.84687549591064
2025-03-21 14:30:00+00:00,213.44349670410156,214.83999633789062,213.2606964111328,213.7100067138672,7372592,213.33677495574952,213.5502184524536
2025-03-21 15:30:00+00:00,214.65499877929688,215.39999389648438,212.63999938964844,213.44000244140625,3813985,214.54767127990723,214.76232627868652
2025-03-21 16:30:00+00:00,214.6199951171875,215.47999572753906,214.48480224609375,214.6699981689453,3366634,214.5126851196289,214.7273051147461
2025-03-21 17:30:00+00:00,214.6699981689453,215.03900146484375,214.26010131835938,214.61000061035156,3091390,214.56266316986085,214.77733316802977
2025-03-21 18:30:00+00:00,215.30999755859375,215.3699951171875,214.63999938964844,214.6699981689453,4189003,215.20234255981447,215.41765255737303
2025-03-21 19:30:00+00:00,218.36000061035156,218.83999633789062,215.00999450683594,215.30999755859375,10148885,218.2508206100464,218.46918061065674
2025-03-24 13:30:00+00:00,219.77000427246094,221.02099609375,218.5800018310547,221.0,9344812,219.6601192703247,219.87988927459716
2025-03-24 14:30:00+00:00,219.15750122070312,220.69000244140625,219.02920532226562,219.80999755859375,4668518,219.04792247009277,219.26707997131348
2025-03-24 15:30:00+00:00,219.0,220.0500030517578,218.9600067138672,219.15499877929688,3264720,218.8905,219.1095
2025-03-24 16:30:00+00:00,219.2899932861328,219.5,218.82000732421875,219.01499938964844,3057015,219.18034828948976,219.39963828277587
2025-03-24 17:30:00+00:00,219.75999450683594,219.85000610351562,219.08999633789062,219.32000732421875,2530901,219.65011450958252,219.86987450408935
2025-03-24 18:30:00+00:00,219.77000427246094,220.47000122070312,219.46580505371094,219.77499389648438,4139018,219.6601192703247,219.87988927459716
2025-03-24 19:30:00+00:00,220.42999267578125,221.00999450683594,219.66000366210938,219.7899932861328,6001386,220.31977767944338,220.54020767211912
2025-03-25 13:30:00+00:00,223.3699951171875,223.38999938964844,220.0800018310547,220.80999755859375,8242408,223.25831011962893,223.48168011474607
2025-03-25 14:30:00+00:00,223.52999877929688,223.89999389648438,222.3000030517578,223.3800048828125,4010970,223.41823377990724,223.6417637786865
2025-03-25 15:30:00+00:00,223.11000061035156,223.6999969482422,223.00999450683594,223.5399932861328,2236176,222.9984456100464,223.22155561065674
2025-03-25 16:30:00+00:00,222.80999755859375,223.6300048828125,220.72999572753906,223.10000610351562,2317900,222.69859255981447,222.92140255737303
2025-03-25 17:30:00+00:00,223.49000549316406,223.94900512695312,222.60000610351562,222.82699584960938,2529710,223.3782604904175,223.60175049591064
2025-03-25 18:30:00+00:00,223.4199981689453,223.7100067138672,222.78500366210938,223.5,3423322,223.30828816986084,223.53170816802978
2025-03-25 19:30:00+00:00,223.72999572753906,224.10000610351562,223.2899932861328,223.41000366210938,4310099,223.6181307296753,223.84186072540282
2025-03-26 13:30:00+00:00,224.07449340820312,225.02000427246094,222.83999633789062,223.50999450683594,8205828,223.96245616149903,224.18653065490722
2025-03-26 14:30:00+00:00,223.72000122070312,224.3155975341797,223.11000061035156,224.0850067138672,3253126,223.6081412200928,223.83186122131346
2025-03-26 15:30:00+00:00,223.6750030517578,223.89999389648438,222.1199951171875,223.7200927734375,3220107,223.56316555023196,223.78684055328367
2025-03-26 16:30:00+00:00,222.0800018310547,223.7899932861328,221.6300048828125,223.6750030517578,2855124,221.96896183013916,222.1910418319702
2025-03-26 17:30:00+00:00,221.8350067138672,222.22000122070312,221.4001007080078,222.0800018310547,2219567,221.72408921051027,221.9459242172241
2025-03-26 18:30:00+00:00,220.60000610351562,221.88499450683594,220.60000610351562,221.81500244140625,3054676,220.48970610046388,220.71030610656737
2025-03-26 19:30:00+00:00,221.39999389648438,221.8800048828125,220.47000122070312,220.61500549316406,4140037,221.28929389953615,221.5106938934326
2025-03-27 13:30:00+00:00,221.64999389648438,222.10000610351562,220.5601043701172,221.3300018310547,5508724,221.53916889953615,221.7608188934326
2025-03-27 14:30:00+00:00,222.8000946044922,223.24000549316406,221.39999389648438,221.64999389648438,3784484,222.68869455718996,222.9114946517944
2025-03-27 15:30:00+00:00,223.19500732421875,223.75999450683594,222.56500244140625,222.8000030517578,2866958,223.08340982055665,223.30660482788085
2025-03-27 16:30:00+00:00,223.10499572753906,223.97999572753906,222.72000122070312,223.17999267578125,3509193,222.9934432296753,223.21654822540282
2025-03-27 17:30:00+00:00,224.3699951171875,224.55999755859375,223.0500030517578,223.0800018310547,3521517,224.2578101196289,224.4821801147461
2025-03-27 18:30:00+00:00,224.7899932861328,224.99000549316406,223.94500732421875,224.35000610351562,3376619,224.67759828948977,224.90238828277586
2025-03-27 19:30:00+00:00,223.92999267578125,224.99000549316406,223.6999969482422,224.8000030517578,5491814,223.81802767944336,224.04195767211914
2025-03-28 13:30:00+00:00,219.91000366210938,223.8000030517578,219.69500732421875,221.6490020751953,8900229,219.80004866027832,220.01995866394043
2025-03-28 14:30:00+00:00,219.97999572753906,220.64999389648438,219.1699981689453,219.88999938964844,4819013,219.8700057296753,220.0899857254028
2025-03-28 15:30:00+00:00,218.69000244140625,220.22000122070312,218.35000610351562,219.89109802246094,3075097,218.58065744018555,218.79934744262695
2025-03-28 16:30:00+00:00,218.49000549316406,219.1199951171875,218.2100067138672,218.6699981689453,3059478,218.3807604904175,218.59925049591064
2025-03-28 17:30:00+00:00,219.0500030517578,219.16650390625,218.17999267578125,218.5,2307054,218.94047805023195,219.15952805328368
2025-03-28 18:30:00+00:00,218.50999450683594,219.14999389648438,218.1103973388672,219.0399932861328,3188030,218.40073950958254,218.61924950408934
2025-03-28 19:30:00+00:00,217.8800048828125,218.75,217.67999267578125,218.5,5319689,217.7710648803711,217.9889448852539
2025-03-31 13:30:00+00:00,218.57000732421875,219.30999755859375,216.24000549316406,217.22000122070312,13611371,218.46072232055664,218.67929232788086
2025-03-31 14:30:00+00:00,219.1300048828125,220.0800018310547,218.3256072998047,218.61000061035156,5127759,219.0204398803711,219.2395698852539
2025-03-31 15:30:00+00:00,220.9199981689453,220.92999267578125,218.88519287109375,219.10000610351562,3710448,220.80953816986084,221.03045816802978
2025-03-31 16:30:00+00:00,219.8699951171875,221.02000427246094,219.38999938964844,220.89999389648438,2845575,219.76006011962892,219.97993011474608
2025-03-31 17:30:00+00:00,220.7949981689453,220.8800048828125,219.24169921875,219.85000610351562,2764885,220.68460066986086,220.90539566802977
2025-03-31 18:30:00+00:00,221.22500610351562,221.73500061035156,220.38999938964844,220.8000030517578,4172283,221.11439360046387,221.33561860656738
2025-03-31 19:30:00+00:00,221.9949951171875,224.97000122070312,220.99009704589844,221.2100067138672,11487559,221.88399761962893,222.10599261474607
2025-04-01 13:30:00+00:00,221.5198974609375,223.38999938964844,218.89999389648438,219.80499267578125,9630525,221.40913751220705,221.63065740966795
2025-04-01 14:30:00+00:00,222.87989807128906,223.42999267578125,221.36000061035156,221.49000549316406,4197037,222.76845812225343,222.9913380203247
2025-04-01 15:30:00+00:00,222.52999877929688,223.13999938964844,222.14999389648438,222.86500549316406,2944555,222.41873377990723,222.64126377868652
2025-04-01 16:30:00+00:00,222.3385009765625,223.0800018310547,222.19000244140625,222.55499267578125,2079835,222.22733172607423,222.44967022705077
2025-04-01 17:30:00+00:00,221.5,222.77499389648438,221.4499969482422,222.3000030517578,2283252,221.38925,221.61075
2025-04-01 18:30:00+00:00,221.72999572753906,222.1199951171875,221.14999389648438,221.49000549316406,2520811,221.6191307296753,221.84086072540282
2025-04-01 19:30:00+00:00,223.13999938964844,223.49000549316406,221.57000732421875,221.7100067138672,4133846,223.02842938995363,223.25156938934325
2025-04-02 13:30:00+00:00,224.0399932861328,224.10850524902344,221.0500030517578,221.19000244140625,5984058,223.92797328948976,224.15201328277587
2025-04-02 14:30:00+00:00,224.47999572753906,224.71539306640625,223.4499969482422,224.02000427246094,3704510,224.3677557296753,224.59223572540282
2025-04-02 15:30:00+00:00,224.1300048828125,224.60000610351562,223.11000061035156,224.4499969482422,2694881,224.0179398803711,224.2420698852539
2025-04-02 16:30:00+00:00,224.72000122070312,225.19000244140625,223.19000244140625,224.1300048828125,3616264,224.60764122009277,224.83236122131348
2025-04-02 17:30:00+00:00,222.92999267578125,224.80999755859375,222.9199981689453,224.72000122070312,2445540,222.81852767944338,223.04145767211912
2025-04-02 18:30:00+00:00,223.66009521484375,223.9409942626953,222.8614044189453,222.9199981689453,2653899,223.54826516723634,223.77192526245116
2025-04-02 19:30:00+00:00,223.7899932861328,224.4600067138672,223.5,223.6699981689453,4054405,223.67809828948975,223.90188828277587
2025-04-03 13:30:00+00:00,205.63499450683594,207.48989868164062,202.52000427246094,205.52000427246094,32868028,205.53217700958254,205.73781200408934
2025-04-03 14:30:00+00:00,204.0500030517578,206.47000122070312,203.3699951171875,205.63499450683594,11492280,203.94797805023194,204.1520280532837
2025-04-03 15:30:00+00:00,206.05999755859375,207.0399932861328,203.7042999267578,204.0500030517578,8453124,205.95696755981447,206.16302755737303
2025-04-03 16:30:00+00:00,204.0050048828125,206.3000030517578,203.84010314941406,206.10000610351562,5727160,203.9030023803711,204.1070073852539
2025-04-03 17:30:00+00:00,203.0,204.6051025390625,202.6999969482422,203.99000549316406,6326946,202.8985,203.1015
2025-04-03 18:30:00+00:00,202.1999969482422,203.52000427246094,202.13999938964844,202.98280334472656,9806166,202.0988969497681,202.30109694671629
2025-04-03 19:30:00+00:00,203.05999755859375,203.86000061035156,201.25,202.1999969482422,14152077,202.95846755981447,203.16152755737303
2025-04-04 13:30:00+00:00,195.27999877929688,199.8800048828125,192.8000030517578,193.9250030517578,32115307,195.18235877990725,195.3776387786865
2025-04-04 14:30:00+00:00,194.49000549316406,197.21170043945312,191.05999755859375,195.2949981689453,19673653,194.3927604904175,194.58725049591064
2025-04-04 15:30:00+00:00,192.80999755859375,196.0,192.25999450683594,194.46499633789062,9394432,192.71359255981446,192.90640255737304
2025-04-04 16:30:00+00:00,190.99000549316406,193.9761962890625,190.89999389648438,192.77999877929688,8256831,190.8945104904175,191.08550049591062
2025-04-04 17:30:00+00:00,188.8800048828125,192.57000732421875,188.83099365234375,190.97999572753906,12240537,188.7855648803711,188.9744448852539
2025-04-04 18:30:00+00:00,190.22999572753906,190.86880493164062,187.34500122070312,188.89999389648438,13768216,190.1348807296753,190.32511072540282
2025-04-04 19:30:00+00:00,188.3800048828125,191.72999572753906,188.05999755859375,190.2100067138672,14314697,188.2858148803711,188.4741948852539
2025-04-07 13:30:00+00:00,181.77000427246094,194.13999938964844,174.6199951171875,177.0,60689672,181.67911927032472,181.86088927459716
2025-04-07 14:30:00+00:00,176.36000061035156,185.93980407714844,175.6999969482422,181.67999267578125,21664542,176.2718206100464,176.44818061065672
2025-04-07 15:30:00+00:00,178.13999938964844,180.3300018310547,175.75,176.41000366210938,12923106,178.0509293899536,178.22906938934327
2025-04-07 16:30:00+00:00,181.5399932861328,181.72000122070312,177.10000610351562,178.10000610351562,10820708,181.44922328948977,181.63076328277586
2025-04-07 17:30:00+00:00,180.3350067138672,183.88999938964844,179.5,181.55499267578125,12360402,180.24483921051026,180.4251742172241
2025-04-07 18:30:00+00:00,178.42129516601562,182.3000030517578,178.2801055908203,180.33999633789062,12053848,178.33208451843262,178.51050581359863
2025-04-07 19:30:00+00:00,181.58999633789062,182.0,178.43499755859375,178.44000244140625,11790019,181.49920133972168,181.68079133605957
2025-04-08 13:30:00+00:00,189.3300018310547,190.3350067138672,185.10000610351562,186.72999572753906,25336677,189.23533683013918,189.4246668319702
2025-04-08 14:30:00+00:00,184.08999633789062,189.92999267578125,184.05999755859375,189.32000732421875,11822751,183.99795133972168,184.18204133605957
2025-04-08 15:30:00+00:00,183.3300018310547,185.5399932861328,182.2899932861328,184.07000732421875,7825256,183.23833683013916,183.4216668319702
2025-04-08 16:30:00+00:00,175.02999877929688,183.51499938964844,175.0,183.32000732421875,15712598,174.94248377990723,175.11751377868652
2025-04-08 17:30:00+00:00,175.3300018310547,178.60989379882812,174.85000610351562,175.02000427246094,11562913,175.24233683013918,175.4176668319702
2025-04-08 18:30:00+00:00,172.88999938964844,177.22999572753906,171.6300048828125,175.31219482421875,15040705,172.80355438995363,172.97644438934324
2025-04-08 19:30:00+00:00,172.77000427246094,173.44000244140625,169.21009826660156,172.8699951171875,16156814,172.68361927032473,172.85638927459715
2025-04-09 13:30:00+00:00,178.41180419921875,179.4199981689453,171.88999938964844,172.1790008544922,32288949,178.32259829711916,178.50101010131834
2025-04-09 14:30:00+00:00,179.7550048828125,180.4199981689453,176.8300018310547,178.50999450683594,15996521,179.6651273803711,179.8448823852539
2025-04-09 15:30:00+00:00,179.58999633789062,181.07000732421875,177.75,179.75,11721052,179.50020133972168,179.67979133605957
2025-04-09 16:30:00+00:00,188.52499389648438,194.49000549316406,179.24000549316406,179.57989501953125,19036631,188.43073139953614,188.6192563934326
2025-04-09 17:30:00+00:00,190.8000030517578,194.86990356445312,188.1300048828125,188.50999450683594,27276269,190.70460305023195,190.89540305328367
2025-04-09 18:30:00+00:00,196.05999755859375,198.97999572753906,183.8699951171875,190.7899932861328,30349699,195.96196755981447,196.15802755737303
2025-04-09 19:30:00+00:00,198.85000610351562,200.61000061035156,195.91000366210938,196.0,20947383,198.75058110046388,198.94943110656737
2025-04-10 13:30:00+00:00,192.14500427246094,194.7799072265625,189.0,189.1649932861328,25783702,192.0489317703247,192.24107677459716
2025-04-10 14:30:00+00:00,188.8592071533203,193.57000732421875,188.69000244140625,192.22000122070312,10331960,188.76477754974366,188.95363675689697
2025-04-10 15:30:00+00:00,184.27000427246094,189.22999572753906,183.0,188.85499572753906,16399003,184.17786927032472,184.36213927459715
2025-04-10 16:30:00+00:00,188.00999450683594,189.89999389648438,184.1750030517578,184.26499938964844,13927222,187.91598950958252,188.10399950408936
2025-04-10 17:30:00+00:00,191.75999450683594,192.0,186.0,187.97000122070312,14336457,191.66411450958253,191.85587450408934
2025-04-10 18:30:00+00:00,189.98500061035156,192.8000030517578,189.02000427246094,191.75,10246898,189.8900081100464,190.07999311065672
2025-04-10 19:30:00+00:00,190.44000244140625,192.43499755859375,187.8300018310547,190.0,10417028,190.34478244018555,190.53522244262695
2025-04-11 13:30:00+00:00,189.92999267578125,193.25,186.05999755859375,186.17999267578125,17210427,189.83502767944336,190.02495767211914
2025-04-11 14:30:00+00:00,193.32000732421875,194.1999969482422,189.63999938964844,189.94000244140625,9778670,193.22334732055666,193.41666732788084
2025-04-11 15:30:00+00:00,195.80099487304688,197.6699981689453,192.87860107421875,193.2899932861328,11426289,195.70309437561036,195.8988953704834
2025-04-11 16:30:00+00:00,196.83070373535156,199.35000610351562,195.80999755859375,195.82000732421875,10272519,196.7322883834839,196.92911908721922
2025-04-11 17:30:00+00:00,197.5800018310547,199.5399932861328,196.03790283203125,196.8524932861328,8204023,197.48121183013916,197.67879183197022
2025-04-11 18:30:00+00:00,198.3419952392578,198.9438934326172,197.40179443359375,197.60000610351562,6229743,198.2428242416382,198.44116623687742
2025-04-11 19:30:00+00:00,198.02000427246094,199.0,197.54139709472656,198.35000610351562,9619486,197.9209942703247,198.11901427459716
2025-04-14 13:30:00+00:00,204.75,212.94000244140625,204.61000061035156,211.44000244140625,38852582,204.647625,204.852375
2025-04-14 14:30:00+00:00,203.60000610351562,206.1999053955078,203.41000366210938,204.8000030517578,11826668,203.49820610046388,203.70180610656737
2025-04-14 15:30:00+00:00,201.75,204.3800048828125,201.16209411621094,203.64999389648438,11801459,201.649125,201.850875
2025-04-14 16:30:00+00:00,203.86399841308594,204.97850036621094,201.5850067138672,201.72999572753906,8024983,203.7620664138794,203.96593041229247
2025-04-14 17:30:00+00:00,205.7899932861328,205.80999755859375,203.42999267578125,203.88499450683594,6209694,205.68709828948977,205.89288828277586
2025-04-14 18:30:00+00:00,205.7100067138672,206.66000366210938,205.38999938964844,205.7899932861328,6862210,205.60715171051027,205.8128617172241
2025-04-14 19:30:00+00:00,202.58999633789062,205.89999389648438,202.32000732421875,205.72000122070312,8409251,202.4887013397217,202.69129133605955
2025-04-15 13:30:00+00:00,200.8000030517578,203.5050048828125,199.82000732421875,201.85499572753906,13453371,200.69960305023196,200.90040305328367
2025-04-15 14:30:00+00:00,202.11500549316406,203.08999633789062,200.68600463867188,200.7899932861328,6103100,202.01394799041748,202.21606299591065
2025-04-15 15:30:00+00:00,203.0399932861328,203.35000610351562,201.9600067138672,202.13999938964844,3730153,202.93847328948976,203.14151328277586
2025-04-15 16:30:00+00:00,201.60440063476562,203.28399658203125,201.11500549316406,203.0500030517578,3893654,201.50359843444826,201.70520283508299
2025-04-15 17:30:00+00:00,201.76499938964844,202.7769012451172,201.30499267578125,201.5850067138672,4045655,201.66411688995362,201.86588188934326
2025-04-15 18:30:00+00:00,202.8000030517578,203.2899932861328,201.63999938964844,201.71499633789062,4048783,202.69860305023195,202.90140305328367
2025-04-15 19:30:00+00:00,202.1300048828125,202.95899963378906,201.9199981689453,202.8300018310547,4398627,202.0289398803711,202.2310698852539
2025-04-16 13:30:00+00:00,197.07000732421875,200.6999969482422,196.02000427246094,198.36000061035156,13937138,196.97147232055664,197.16854232788086
2025-04-16 14:30:00+00:00,198.35009765625,198.98849487304688,196.80999755859375,197.05999755859375,6372057,198.2509226074219,198.4492727050781
2025-04-16 15:30:00+00:00,196.91000366210938,198.39999389648438,196.3905029296875,198.375,4368116,196.81154866027833,197.00845866394042
2025-04-16 16:30:00+00:00,197.75999450683594,197.9199981689453,196.64999389648438,196.91000366210938,3351617,197.66111450958252,197.85887450408936
2025-04-16 17:30:00+00:00,194.55499267578125,197.80999755859375,193.9199981689453,197.75999450683594,7922500,194.45771517944337,194.65227017211913
2025-04-16 18:30:00+00:00,192.57000732421875,194.64370727539062,192.3699951171875,194.5399932861328,5831097,192.47372232055665,192.66629232788085
2025-04-16 19:30:00+00:00,194.3000030517578,194.86349487304688,192.57000732421875,192.5800018310547,7049437,194.20285305023194,194.3971530532837
2025-04-17 13:30:00+00:00,195.63999938964844,197.1999969482422,194.63999938964844,197.14999389648438,11995068,195.54217938995362,195.73781938934326
2025-04-17 14:30:00+00:00,196.0399932861328,197.09500122070312,194.4199981689453,195.69000244140625,6835084,195.94197328948977,196.13801328277586
2025-04-17 15:30:00+00:00,197.80499267578125,198.0500030517578,195.9886932373047,196.02999877929688,4703332,197.70609017944338,197.90389517211912
2025-04-17 16:30:00+00:00,196.6999969482422,198.57000732421875,196.67999267578125,197.8260040283203,4953563,196.60164694976808,196.7983469467163
2025-04-17 17:30:00+00:00,198.27999877929688,198.83349609375,196.6699981689453,196.7100067138672,3858649,198.18085877990723,198.37913877868652
2025-04-17 18:30:00+00:00,197.24220275878906,198.66000366210938,196.8699951171875,198.2899932861328,4857368,197.14358165740967,197.34082386016846
2025-04-17 19:30:00+00:00,196.8699951171875,197.6999969482422,195.82000732421875,197.25,4510991,196.77156011962893,196.96843011474607
2025-04-21 13:30:00+00:00,192.1199951171875,193.75999450683594,191.36000061035156,193.35000610351562,8862849,192.02393511962893,192.21605511474607
2025-04-21 14:30:00+00:00,190.73500061035156,192.49000549316406,190.60499572753906,192.11000061035156,4480370,190.6396331100464,190.83036811065674
2025-04-21 15:30:00+00:00,191.1300048828125,191.32000732421875,189.8112030029297,190.72000122070312,4469110,191.0344398803711,191.2255698852539
2025-04-21 16:30:00+00:00,190.61399841308594,191.75,190.13999938964844,191.1199951171875,3331629,190.5186914138794,190.70930541229248
2025-04-21 17:30:00+00:00,190.82000732421875,191.0,190.24000549316406,190.58999633789062,2848270,190.72459732055665,190.91541732788085
2025-04-21 18:30:00+00:00,191.10499572753906,191.3800048828125,190.1999969482422,190.81500244140625,3470291,191.0094432296753,191.20054822540283
2025-04-21 19:30:00+00:00,193.08999633789062,193.4199981689453,191.0500030517578,191.08999633789062,5337999,192.9934513397217,193.18654133605955
2025-04-22 13:30:00+00:00,198.11000061035156,198.94000244140625,196.0,196.07000732421875,8343567,198.0109456100464,198.20905561065672
2025-04-22 14:30:00+00:00,198.8300018310547,199.5500030517578,197.6699981689453,198.1199951171875,5200594,198.73058683013917,198.9294168319702
2025-04-22 15:30:00+00:00,201.3800048828125,201.5500030517578,197.86000061035156,198.8300018310547,6986542,201.27931488037112,201.48069488525388
2025-04-22 16:30:00+00:00,198.5399932861328,201.52999877929688,198.32029724121094,201.4001007080078,6210265,198.44072328948977,198.63926328277586
2025-04-22 17:30:00+00:00,199.8917999267578,200.00999450683594,198.10240173339844,198.51620483398438,3865378,199.79185402679445,199.99174582672117
2025-04-22 18:30:00+00:00,198.6201934814453,200.5,198.55999755859375,199.8800048828125,6982874,198.5208833847046,198.71950357818602
2025-04-22 19:30:00+00:00,199.66000366210938,199.88999938964844,198.0,198.625,5543168,199.56017366027834,199.7598336639404
2025-04-23 13:30:00+00:00,206.80499267578125,208.0,204.63009643554688,206.0,15154970,206.70159017944337,206.90839517211913
2025-04-23 14:30:00+00:00,204.6300048828125,207.9499969482422,204.05999755859375,206.80999755859375,7451699,204.5276898803711,204.7323198852539
2025-04-23 15:30:00+00:00,204.11000061035156,205.41000366210938,202.7989959716797,204.625,5789475,204.0079456100464,204.21205561065673
2025-04-23 16:30:00+00:00,204.9499969482422,205.44000244140625,203.51840209960938,204.13999938964844,3150358,204.84752194976807,205.0524719467163
2025-04-23 17:30:00+00:00,204.48240661621094,205.64999389648438,204.22000122070312,205.0,3056243,204.38016541290284,204.58464781951903
2025-04-23 18:30:00+00:00,204.00999450683594,205.1699981689453,203.6566925048828,204.47000122070312,3587154,203.90798950958253,204.11199950408934
2025-04-23 19:30:00+00:00,204.36000061035156,205.75,203.61000061035156,204.03089904785156,5424069,204.2578206100464,204.46218061065673
2025-04-24 13:30:00+00:00,206.32000732421875,206.35000610351562,202.94000244140625,204.88499450683594,8437662,206.21684732055664,206.42316732788086
2025-04-24 14:30:00+00:00,205.9250030517578,206.66000366210938,205.2200927734375,206.2899932861328,4262818,205.82204055023195,206.02796555328368
2025-04-24 15:30:00+00:00,206.2899932861328,206.75,205.58009338378906,205.88499450683594,4462199,206.18684828948975,206.39313828277588
2025-04-24 16:30:00+00:00,206.90499877929688,207.02999877929688,205.82000732421875,206.2899932861328,2541750,206.80154627990723,207.00845127868652
2025-04-24 17:30:00+00:00,207.28900146484375,207.7899932861328,206.5500030517578,206.9199981689453,2687289,207.18535696411135,207.39264596557615
2025-04-24 18:30:00+00:00,207.09010314941406,208.10000610351562,207.02999877929688,207.3000030517578,3837311,206.98655809783938,207.19364820098875
2025-04-24 19:30:00+00:00,208.1999969482422,208.82989501953125,207.08999633789062,207.11000061035156,5785557,208.09589694976808,208.3040969467163
2025-04-25 13:30:00+00:00,206.63479614257812,209.24989318847656,206.1999969482422,206.42999267578125,8557840,206.53147874450684,206.7381135406494
2025-04-25 14:30:00+00:00,207.10000610351562,207.7628936767578,206.51499938964844,206.63999938964844,3766130,206.9964561004639,207.20355610656736
2025-04-25 15:30:00+00:00,208.59129333496094,208.89999389648438,206.66000366210938,207.11000061035156,3799231,208.48699768829346,208.69558898162842
2025-04-25 16:30:00+00:00,209.3701934814453,209.41000366210938,208.2899932861328,208.60000610351562,3714961,209.2655083847046,209.47487857818604
2025-04-25 17:30:00+00:00,208.50450134277344,209.4149932861328,207.3699951171875,209.38999938964844,3053055,208.40024909210206,208.60875359344482
2025-04-25 18:30:00+00:00,208.22000122070312,208.8699951171875,208.13999938964844,208.50999450683594,2357459,208.11589122009278,208.32411122131347
2025-04-25 19:30:00+00:00,209.22999572753906,209.42999267578125,207.8699951171875,208.2100067138672,4418187,209.1253807296753,209.33461072540283
2025-04-28 13:30:00+00:00,208.92999267578125,211.5,208.74000549316406,210.05999755859375,9371395,208.82552767944338,209.03445767211912
2025-04-28 14:30:00+00:00,207.9499969482422,209.82000732421875,207.83999633789062,208.875,4027500,207.84602194976807,208.0539719467163
2025-04-28 15:30:00+00:00,207.86000061035156,208.39999389648438,207.4600067138672,207.98590087890625,2434302,207.7560706100464,207.96393061065672
2025-04-28 16:30:00+00:00,208.13999938964844,208.72999572753906,207.85000610351562,207.85000610351562,2227932,208.03592938995362,208.24406938934325
2025-04-28 17:30:00+00:00,209.8699951171875,210.0500030517578,208.0800018310547,208.13499450683594,3099461,209.7650601196289,209.9749301147461
2025-04-28 18:30:00+00:00,210.5399932861328,210.94000244140625,209.7613983154297,209.8699951171875,2610842,210.43472328948977,210.64526328277586
2025-04-28 19:30:00+00:00,210.08999633789062,211.4998016357422,210.0399932861328,210.52999877929688,3584738,209.9849513397217,210.19504133605955
2025-04-29 13:30:00+00:00,210.9499969482422,212.24000549316406,208.3699951171875,208.6929931640625,9190515,210.84452194976808,211.0554719467163
2025-04-29 14:30:00+00:00,211.0399932861328,212.07000732421875,210.6699981689453,210.9600067138672,3218454,210.93447328948974,211.14551328277588
2025-04-29 15:30:00+00:00,210.48800659179688,211.32530212402344,210.39999389648438,211.0399932861328,2669695,210.38276258850098,210.59325059509277
2025-04-29 16:30:00+00:00,210.36000061035156,210.69000244140625,209.35000610351562,210.49000549316406,2562388,210.2548206100464,210.46518061065672
2025-04-29 17:30:00+00:00,211.7227020263672,211.85000610351562,210.22000122070312,210.3699951171875,2467158,211.616840675354,211.82856337738036
2025-04-29 18:30:00+00:00,211.3000030517578,211.96060180664062,211.10009765625,211.72000122070312,2519310,211.19435305023194,211.4056530532837
2025-04-29 19:30:00+00:00,211.24000549316406,211.77000427246094,210.9499969482422,211.30999755859375,3222132,211.1343854904175,211.34562549591064
2025-04-30 13:30:00+00:00,209.32119750976562,209.72000122070312,206.67050170898438,209.3000030517578,7770541,209.21653691101076,209.4258581085205
2025-04-30 14:30:00+00:00,210.5449981689453,210.86000061035156,208.71009826660156,209.34950256347656,3782710,210.43972566986085,210.65027066802978
2025-04-30 15:30:00+00:00,210.58999633789062,211.27999877929688,209.9499969482422,210.55999755859375,2740535,210.48470133972168,210.69529133605957
2025-04-30 16:30:00+00:00,211.0800018310547,211.36000061035156,209.8000030517578,210.58999633789062,2462208,210.97446183013918,211.1855418319702
2025-04-30 17:30:00+00:00,210.71499633789062,212.97000122070312,210.31500244140625,211.07000732421875,3447792,210.6096388397217,210.82035383605955
2025-04-30 18:30:00+00:00,210.3446044921875,211.30999755859375,210.27999877929688,210.6999969482422,2871370,210.23943218994143,210.44977679443357
2025-04-30 19:30:00+00:00,212.49000549316406,213.5399932861328,210.0500030517578,210.375,7076663,212.3837604904175,212.59625049591062
2025-05-01 13:30:00+00:00,211.74000549316406,212.5,208.89999389648438,209.00999450683594,11460361,211.6341354904175,211.84587549591063
2025-05-01 14:30:00+00:00,212.8966064453125,214.22000122070312,211.31500244140625,211.75,5794472,212.79015814208987,213.00305474853513
2025-05-01 15:30:00+00:00,212.77999877929688,213.1199951171875,211.4149932861328,212.89500427246094,4005190,212.67360877990723,212.88638877868652
2025-05-01 16:30:00+00:00,212.50999450683594,212.87759399414062,211.85000610351562,212.77999877929688,4133080,212.40373950958252,212.61624950408935
2025-05-01 17:30:00+00:00,212.77999877929688,213.0,212.06500244140625,212.50999450683594,2827555,212.67360877990723,212.88638877868652
2025-05-01 18:30:00+00:00,212.94000244140625,213.1999969482422,212.3000030517578,212.7899932861328,3941988,212.83353244018556,213.04647244262694
2025-05-01 19:30:00+00:00,212.8300018310547,214.5500030517578,212.47000122070312,212.94000244140625,7135104,212.72358683013917,212.9364168319702
2025-05-02 13:30:00+00:00,206.72000122070312,206.8199005126953,202.16000366210938,206.08999633789062,30704404,206.6166412200928,206.82336122131346
2025-05-02 14:30:00+00:00,204.9008026123047,206.99000549316406,204.60000610351562,206.72000122070312,9323215,204.79835221099856,205.00325301361082
2025-05-02 15:30:00+00:00,205.0,206.5800018310547,204.860595703125,204.9199981689453,8718007,204.8975,205.1025
2025-05-02 16:30:00+00:00,204.69900512695312,205.88999938964844,204.14999389648438,205.0,7635353,204.59665562438965,204.8013546295166
2025-05-02 17:30:00+00:00,204.8800048828125,205.8300018310547,204.6999969482422,204.6999969482422,7087245,204.7775648803711,204.9824448852539
2025-05-02 18:30:00+00:00,204.75999450683594,205.42999267578125,203.66000366210938,204.8699951171875,8882491,204.65761450958254,204.86237450408933
2025-05-02 19:30:00+00:00,205.3000030517578,205.5,203.88999938964844,204.75999450683594,9990065,205.19735305023195,205.40265305328367
2025-05-05 13:30:00+00:00,198.77999877929688,204.10000610351562,198.6199951171875,203.125,17363317,198.68060877990723,198.87938877868652
2025-05-05 14:30:00+00:00,199.19960021972656,199.64999389648438,198.2100067138672,198.78700256347656,8474385,199.10000041961672,199.2992000198364
2025-05-05 15:30:00+00:00,199.9739990234375,200.0399932861328,198.66000366210938,199.19000244140625,5978364,199.8740120239258,200.0739860229492
2025-05-05 16:30:00+00:00,200.41000366210938,200.63999938964844,199.67010498046875,199.9600067138672,4884446,200.30979866027832,200.51020866394043
2025-05-05 17:30:00+00:00,200.9600067138672,201.08999633789062,200.16000366210938,200.41000366210938,3841975,200.85952671051027,201.0604867172241
2025-05-05 18:30:00+00:00,199.39999389648438,201.16000366210938,199.39999389648438,200.9499969482422,5400812,199.30029389953614,199.4996938934326
2025-05-05 19:30:00+00:00,198.77000427246094,199.5998992919922,198.5196990966797,199.39999389648438,6786984,198.67061927032472,198.86938927459715
2025-05-06 13:30:00+00:00,198.91000366210938,199.8800048828125,197.02000427246094,198.125,16561562,198.81054866027833,199.00945866394042
2025-05-06 14:30:00+00:00,199.03500366210938,199.1300048828125,197.85000610351562,198.89999389648438,5182787,198.93548616027834,199.1345211639404
2025-05-06 15:30:00+00:00,198.97999572753906,200.6490020751953,198.66000366210938,199.03500366210938,4709429,198.8805057296753,199.07948572540283
2025-05-06 16:30:00+00:00,199.4250030517578,200.02000427246094,198.9600067138672,198.97500610351562,3055441,199.32529055023195,199.52471555328367
2025-05-06 17:30:00+00:00,199.30499267578125,199.82000732421875,198.69000244140625,199.4499969482422,2836848,199.20534017944337,199.40464517211913
2025-05-06 18:30:00+00:00,199.70840454101562,199.85000610351562,199.02000427246094,199.2949981689453,3342061,199.60855033874512,199.80825874328613
2025-05-06 19:30:00+00:00,198.41000366210938,200.1699981689453,198.3800048828125,199.72999572753906,4603113,198.31079866027832,198.50920866394043
2025-05-07 13:30:00+00:00,199.22000122070312,199.44000244140625,197.35000610351562,198.19000244140625,9871911,199.12039122009278,199.31961122131347
2025-05-07 14:30:00+00:00,194.35069274902344,199.39999389648438,193.80999755859375,199.2270050048828,11182870,194.25351740264892,194.44786809539795
2025-05-07 15:30:00+00:00,194.8699951171875,195.3699951171875,193.25,194.36000061035156,7971845,194.7725601196289,194.9674301147461
2025-05-07 16:30:00+00:00,195.3000030517578,195.77999877929688,194.5749969482422,194.85000610351562,4049885,195.20235305023195,195.39765305328368
2025-05-07 17:30:00+00:00,194.00999450683594,195.36000061035156,193.3000030517578,195.32000732421875,5113387,193.91298950958253,194.10699950408934
2025-05-07 18:30:00+00:00,194.32000732421875,195.7100067138672,193.83140563964844,193.9969940185547,4886414,194.22284732055664,194.41716732788086
2025-05-07 19:30:00+00:00,196.25,197.4698944091797,194.2899932861328,194.33999633789062,6299703,196.15187500000002,196.34812499999998
2025-05-08 13:30:00+00:00,195.82000732421875,198.1300048828125,194.67959594726562,197.74000549316406,10449699,195.72209732055666,195.91791732788084
2025-05-08 14:30:00+00:00,197.5399932861328,197.8300018310547,195.51499938964844,195.8300018310547,5629546,197.44122328948976,197.63876328277587
2025-05-08 15:30:00+00:00,199.24000549316406,200.0498046875,197.30999755859375,197.52999877929688,6698875,199.1403854904175,199.33962549591064
2025-05-08 16:30:00+00:00,199.13999938964844,199.99000549316406,199.01010131835938,199.23570251464844,3093141,199.04042938995363,199.23956938934325
2025-05-08 17:30:00+00:00,198.63999938964844,199.21200561523438,198.08999633789062,199.13999938964844,3307947,198.54067938995362,198.73931938934325
2025-05-08 18:30:00+00:00,199.55999755859375,199.68800354003906,198.4499969482422,198.63999938964844,3714346,199.46021755981445,199.65977755737305
2025-05-08 19:30:00+00:00,197.39999389648438,199.6199951171875,197.16400146484375,199.57000732421875,5279543,197.30129389953615,197.4986938934326
2025-05-09 13:30:00+00:00,198.360107421875,200.53990173339844,198.1199951171875,199.0050048828125,9737491,198.26092736816406,198.45928747558594
2025-05-09 14:30:00+00:00,198.42999267578125,199.17999267578125,197.53500366210938,198.38499450683594,4551929,198.33077767944337,198.52920767211913
2025-05-09 15:30:00+00:00,198.13499450683594,199.00999450683594,197.92999267578125,198.4199981689453,2891812,198.03592700958254,198.23406200408934
2025-05-09 16:30:00+00:00,198.13999938964844,198.4499969482422,197.60000610351562,198.1300048828125,3054224,198.04092938995362,198.23906938934326
2025-05-09 17:30:00+00:00,198.91000366210938,199.0998992919922,197.91000366210938,198.14500427246094,2470206,198.81054866027833,199.00945866394042
2025-05-09 18:30:00+00:00,198.77999877929688,199.42999267578125,198.7100067138672,198.94000244140625,2945367,198.68060877990723,198.87938877868652
2025-05-09 19:30:00+00:00,198.5399932861328,198.92990112304688,198.34010314941406,198.8000030517578,3474290,198.44072328948977,198.63926328277586
2025-05-12 13:30:00+00:00,209.16000366210938,211.26649475097656,206.75,210.97000122070312,23789646,209.05542366027834,209.2645836639404
2025-05-12 14:30:00+00:00,208.75999450683594,210.22999572753906,208.1199951171875,209.1699981689453,6318334,208.65561450958253,208.86437450408934
2025-05-12 15:30:00+00:00,208.72999572753906,208.9864959716797,208.25,208.77999877929688,3944326,208.6256307296753,208.83436072540283
2025-05-12 16:30:00+00:00,209.93499755859375,209.99000549316406,208.70919799804688,208.80990600585938,4323467,209.83003005981448,210.03996505737302
2025-05-12 17:30:00+00:00,210.77000427246094,210.9600067138672,209.93499755859375,209.94000244140625,4651025,210.66461927032472,210.87538927459715
2025-05-12 18:30:00+00:00,210.0500030517578,211.14999389648438,209.9199981689453,210.77999877929688,4909377,209.94497805023195,210.15502805328367
2025-05-12 19:30:00+00:00,210.8300018310547,210.85000610351562,209.9600067138672,210.05999755859375,5815190,210.72458683013917,210.9354168319702
2025-05-13 13:30:00+00:00,211.4499969482422,211.6656951904297,209.0800018310547,210.42999267578125,15261368,211.34427194976809,211.5557219467163
2025-05-13 14:30:00+00:00,211.38499450683594,211.8800048828125,211.0800018310547,211.44500732421875,4791824,211.27930200958252,211.49068700408935
2025-05-13 15:30:00+00:00,211.27999877929688,211.61000061035156,210.47999572753906,211.3975067138672,4186585,211.17435877990724,211.3856387786865
2025-05-13 16:30:00+00:00,211.7100067138672,211.94000244140625,210.90980529785156,211.27999877929688,3331068,211.60415171051025,211.81586171722412
2025-05-13 17:30:00+00:00,212.4600067138672,212.97000122070312,211.70989990234375,211.7100067138672,4232828,212.35377671051026,212.56623671722411
2025-05-13 18:30:00+00:00,213.22999572753906,213.39999389648438,212.0399932861328,212.47520446777344,4652431,213.12338072967532,213.3366107254028
2025-05-13 19:30:00+00:00,212.83999633789062,213.36000061035156,212.60499572753906,213.19000244140625,4596157,212.73357633972168,212.94641633605957
2025-05-14 13:30:00+00:00,213.2899932861328,213.94000244140625,211.8699951171875,212.4250030517578,12096435,213.18334828948977,213.39663828277585
2025-05-14 14:30:00+00:00,212.6199951171875,213.71640014648438,211.88980102539062,213.30499267578125,4921349,212.51368511962892,212.72630511474608
2025-05-14 15:30:00+00:00,212.2899932861328,212.8800048828125,211.99000549316406,212.6179962158203,3092741,212.18384828948976,212.39613828277587
2025-05-14 16:30:00+00:00,210.9600067138672,212.60000610351562,210.58009338378906,212.2949981689453,4235129,210.85452671051027,211.0654867172241
2025-05-14 17:30:00+00:00,211.3699951171875,211.94520568847656,210.9600067138672,210.97000122070312,3051755,211.26431011962893,211.47568011474607
2025-05-14 18:30:00+00:00,211.3594970703125,212.0500030517578,210.99000549316406,211.3800048828125,3801274,211.25381732177735,211.46517681884765
2025-05-14 19:30:00+00:00,212.41000366210938,212.60000610351562,211.24000549316406,211.33999633789062,6352084,212.30379866027832,212.51620866394043
2025-05-15 13:30:00+00:00,210.27499389648438,212.52999877929688,209.5399932861328,210.9949951171875,9925447,210.16985639953614,210.3801313934326
2025-05-15 14:30:00+00:00,212.49639892578125,212.8000030517578,210.19000244140625,210.32000732421875,5111525,212.39015072631838,212.60264712524412
2025-05-15 15:30:00+00:00,211.64169311523438,212.9600067138672,211.41009521484375,212.5,4296380,211.53587226867677,211.74751396179198
2025-05-15 16:30:00+00:00,212.12010192871094,212.27999877929688,211.2100067138672,211.6300048828125,2927204,212.0140418777466,212.22616197967528
2025-05-15 17:30:00+00:00,210.6300048828125,212.1300048828125,210.25999450683594,212.1300048828125,3649292,210.5246898803711,210.7353198852539
2025-05-15 18:30:00+00:00,210.36000061035156,211.2100067138672,210.3249969482422,210.6300048828125,3629914,210.2548206100464,210.46518061065672
2025-05-15 19:30:00+00:00,211.45799255371094,211.4600067138672,210.14999389648438,210.35000610351562,5877104,211.3522635574341,211.56372154998778
2025-05-16 13:30:00+00:00,210.60000610351562,212.57000732421875,210.55999755859375,212.32000732421875,15838181,210.49470610046387,210.70530610656738
2025-05-16 14:30:00+00:00,210.0800018310547,210.66000366210938,209.77000427246094,210.58999633789062,6777501,209.97496183013916,210.1850418319702
2025-05-16 15:30:00+00:00,210.9550018310547,211.14990234375,210.08999633789062,210.08999633789062,3654109,210.84952433013916,211.0604793319702
2025-05-16 16:30:00+00:00,211.11000061035156,211.4199981689453,210.6999969482422,210.9600067138672,3241029,211.0044456100464,211.21555561065674
2025-05-16 17:30:00+00:00,211.6199951171875,211.74000549316406,210.72999572753906,211.11000061035156,3898429,211.5141851196289,211.7258051147461
2025-05-16 18:30:00+00:00,211.72500610351562,211.92999267578125,211.42999267578125,211.6300048828125,3274956,211.61914360046387,211.83086860656738
2025-05-16 19:30:00+00:00,211.19000244140625,211.72999572753906,211.11000061035156,211.7100067138672,3920156,211.08440744018557,211.29559744262693
2025-05-19 13:30:00+00:00,206.61990356445312,208.27000427246094,204.25999450683594,208.02499389648438,15175611,206.5165936126709,206.72321351623535
2025-05-19 14:30:00+00:00,207.3300018310547,208.0399932861328,206.24000549316406,206.61000061035156,5318353,207.22633683013916,207.4336668319702
2025-05-19 15:30:00+00:00,208.48260498046875,208.5800018310547,207.27999877929688,207.32000732421875,3033717,208.37836367797854,208.58684628295896
2025-05-19 16:30:00+00:00,208.92999267578125,209.47999572753906,208.07000732421875,208.49000549316406,3363890,208.82552767944338,209.03445767211912
2025-05-19 17:30:00+00:00,208.02999877929688,209.1999969482422,207.77999877929688,208.92999267578125,3106651,207.92598377990723,208.13401377868652
2025-05-19 18:30:00+00:00,208.1273956298828,208.8000030517578,207.9600067138672,208.0500030517578,2702881,208.0233319320679,208.23145932769773
2025-05-19 19:30:00+00:00,208.75999450683594,208.92999267578125,208.10000610351562,208.1199951171875,4045825,208.65561450958253,208.86437450408934
2025-05-20 13:30:00+00:00,207.84500122070312,208.1436004638672,206.47000122070312,208.0449981689453,9911111,207.7410787200928,207.94892372131346
2025-05-20 14:30:00+00:00,207.63429260253906,208.47000122070312,207.22000122070312,207.8300018310547,3762244,207.5304754562378,207.73810974884032
2025-05-20 15:30:00+00:00,207.80999755859375,208.42999267578125,207.0500030517578,207.64999389648438,4102805,207.70609255981446,207.91390255737304
2025-05-20 16:30:00+00:00,207.3800048828125,208.01539611816406,207.11000061035156,207.80999755859375,2803301,207.2763148803711,207.4836948852539
2025-05-20 17:30:00+00:00,205.58999633789062,207.40499877929688,205.47000122070312,207.3699951171875,4199913,205.48720133972168,205.69279133605957
2025-05-20 18:30:00+00:00,206.27000427246094,206.41000366210938,205.02999877929688,205.5800018310547,4844502,206.16686927032472,206.37313927459715
2025-05-20 19:30:00+00:00,206.8699951171875,206.94000244140625,205.92999267578125,206.27000427246094,3731510,206.7665601196289,206.9734301147461
2025-05-21 13:30:00+00:00,205.80999755859375,206.7799072265625,204.05999755859375,205.1199951171875,8941675,205.70709255981447,205.91290255737303
2025-05-21 14:30:00+00:00,206.5800018310547,207.0399932861328,205.4761962890625,205.85000610351562,4273571,206.47671183013918,206.6832918319702
2025-05-21 15:30:00+00:00,205.63999938964844,206.8699951171875,205.5200958251953,206.57000732421875,3570453,205.53717938995362,205.74281938934325
2025-05-21 16:30:00+00:00,202.10000610351562,206.08999633789062,202.02000427246094,205.64999389648438,12405386,201.9989561004639,202.20105610656736
2025-05-21 17:30:00+00:00,202.3415069580078,203.34500122070312,201.75999450683594,202.08999633789062,7684596,202.24033620452883,202.4426777114868
2025-05-21 18:30:00+00:00,201.0301055908203,202.61000061035156,200.72000122070312,202.32000732421875,7028968,200.9295905380249,201.1306206436157
2025-05-21 19:30:00+00:00,202.05999755859375,202.49000549316406,201.0500030517578,201.05999755859375,6085411,201.95896755981445,202.16102755737305
2025-05-22 13:30:00+00:00,200.36000061035156,201.63999938964844,199.6999969482422,200.71499633789062,13339867,200.2598206100464,200.46018061065672
2025-05-22 14:30:00+00:00,200.9499969482422,201.36000061035156,200.35360717773438,200.3699951171875,5239551,200.84952194976808,201.0504719467163
2025-05-22 15:30:00+00:00,201.9499969482422,202.40989685058594,200.86000061035156,200.9499969482422,4473843,201.8490219497681,202.0509719467163
2025-05-22 16:30:00+00:00,201.88999938964844,202.0699005126953,201.16000366210938,201.94500732421875,3223269,201.78905438995363,201.99094438934324
2025-05-22 17:30:00+00:00,201.97000122070312,202.22000122070312,201.6699981689453,201.8800048828125,3552562,201.8690162200928,202.07098622131346
2025-05-22 18:30:00+00:00,202.61000061035156,202.72000122070312,201.64999389648438,201.9600067138672,5071372,202.5086956100464,202.71130561065672
2025-05-22 19:30:00+00:00,201.3699951171875,202.64999389648438,201.0,202.6199951171875,5705738,201.26931011962893,201.47068011474607
2025-05-23 13:30:00+00:00,197.1699981689453,197.6999969482422,193.4600067138672,193.6649932861328,27970489,197.07141316986085,197.26858316802978
2025-05-23 14:30:00+00:00,196.5850067138672,197.3699951171875,195.69000244140625,197.14999389648438,7789566,196.48671421051026,196.68329921722412
2025-05-23 15:30:00+00:00,196.05020141601562,197.1199951171875,195.71499633789062,196.58999633789062,6693085,195.95217631530764,196.1482265167236
2025-05-23 16:30:00+00:00,196.6199951171875,196.67239379882812,195.63499450683594,196.05079650878906,6093930,196.52168511962893,196.71830511474607
2025-05-23 17:30:00+00:00,195.75,196.60000610351562,195.08999633789062,196.60000610351562,7300789,195.652125,195.847875
2025-05-23 18:30:00+00:00,195.46240234375,195.89999389648438,195.02999877929688,195.72000122070312,6291505,195.36467114257815,195.56013354492185
2025-05-23 19:30:00+00:00,195.33999633789062,195.97000122070312,195.02999877929688,195.4600067138672,8128777,195.2423263397217,195.43766633605955
2025-05-27 13:30:00+00:00,198.35000610351562,199.1699981689453,197.42999267578125,198.3000030517578,13343197,198.25083110046387,198.44918110656738
2025-05-27 14:30:00+00:00,199.36500549316406,199.3699951171875,198.00999450683594,198.36000061035156,6877187,199.2653229904175,199.46468799591062
2025-05-27 15:30:00+00:00,199.9949951171875,200.5800018310547,199.0,199.36000061035156,6493372,199.89499761962892,200.09499261474608
2025-05-27 16:30:00+00:00,199.95989990234375,200.64999389648438,199.6699981689453,199.99000549316406,4788957,199.8599199523926,200.0598798522949
2025-05-27 17:30:00+00:00,200.3699951171875,200.74000549316406,199.80999755859375,199.9550018310547,4199118,200.26981011962891,200.47018011474609
2025-05-27 18:30:00+00:00,200.29440307617188,200.5500030517578,200.19000244140625,200.3800048828125,4344607,200.1942558746338,200.39455027770995
2025-05-27 19:30:00+00:00,200.1999969482422,200.47000122070312,199.92999267578125,200.3000030517578,6028688,200.09989694976807,200.3000969467163
2025-05-28 13:30:00+00:00,200.75,202.72999572753906,199.89999389648438,200.67999267578125,11384135,200.64962500000001,200.85037499999999
2025-05-28 14:30:00+00:00,201.0449981689453,201.30999755859375,200.2100067138672,200.74000549316406,4989502,200.94447566986085,201.14552066802977
2025-05-28 15:30:00+00:00,201.10000610351562,201.2899932861328,200.86199951171875,201.0500030517578,2681810,200.99945610046387,201.20055610656738
2025-05-28 16:30:00+00:00,201.11000061035156,201.52000427246094,200.8249969482422,201.08999633789062,2692955,201.00944561004638,201.21055561065674
2025-05-28 17:30:00+00:00,200.85000610351562,201.25,200.72999572753906,201.1199951171875,2564636,200.74958110046387,200.95043110656738
2025-05-28 18:30:00+00:00,201.12860107421875,201.52110290527344,200.32000732421875,200.83999633789062,3702217,201.02803677368166,201.22916537475584
2025-05-28 19:30:00+00:00,200.4199981689453,201.39500427246094,200.19500732421875,201.08999633789062,4638874,200.31978816986086,200.52020816802977
2025-05-29 13:30:00+00:00,201.13999938964844,203.77999877929688,200.75999450683594,203.27000427246094,13269413,201.03942938995363,201.24056938934325
2025-05-29 14:30:00+00:00,200.74000549316406,201.64999389648438,200.5500030517578,201.11000061035156,4965675,200.6396354904175,200.84037549591062
2025-05-29 15:30:00+00:00,199.4199981689453,200.8000030517578,198.50999450683594,200.74000549316406,6137020,199.32028816986085,199.51970816802978
2025-05-29 16:30:00+00:00,199.97500610351562,200.44960021972656,199.39999389648438,199.39999389648438,3935142,199.87501860046387,200.07499360656738
2025-05-29 17:30:00+00:00,199.0399932861328,200.1699981689453,199.0399932861328,199.9600067138672,3863280,198.94047328948974,199.13951328277588
2025-05-29 18:30:00+00:00,199.13929748535156,199.57000732421875,198.57000732421875,199.0399932861328,4850814,199.0397278366089,199.23886713409422
2025-05-29 19:30:00+00:00,199.9499969482422,200.2480010986328,199.0800018310547,199.125,5888522,199.85002194976806,200.0499719467163
2025-05-30 13:30:00+00:00,199.24000549316406,199.57000732421875,197.97000122070312,199.40499877929688,8945068,199.1403854904175,199.33962549591064
2025-05-30 14:30:00+00:00,199.30999755859375,199.48500061035156,198.80999755859375,199.22999572753906,3302545,199.21034255981448,199.40965255737302
2025-05-30 15:30:00+00:00,197.71499633789062,199.3699951171875,197.55039978027344,199.3000030517578,3638495,197.61613883972169,197.81385383605956
2025-05-30 16:30:00+00:00,198.0850067138672,198.1699981689453,196.77999877929688,197.72000122070312,5105841,197.98596421051028,198.1840492172241
2025-05-30 17:30:00+00:00,199.1199951171875,199.17999267578125,197.9499969482422,198.0800018310547,3188808,199.02043511962893,199.21955511474607
2025-05-30 18:30:00+00:00,200.05059814453125,200.22999572753906,198.9199981689453,199.1199951171875,4653738,199.950572845459,200.1506234436035
2025-05-30 19:30:00+00:00,200.66000366210938,201.9499969482422,199.74009704589844,200.07000732421875,12325548,200.55967366027832,200.76033366394043
2025-06-02 13:30:00+00:00,200.52999877929688,202.1300048828125,200.1199951171875,201.625,8866907,200.42973377990722,200.63026377868653
2025-06-02 14:30:00+00:00,200.7100067138672,201.99000549316406,200.35000610351562,200.52000427246094,4886322,200.60965171051026,200.8103617172241
2025-06-02 15:30:00+00:00,201.02999877929688,201.1186981201172,200.3000030517578,200.72000122070312,3147865,200.92948377990723,201.13051377868652
2025-06-02 16:30:00+00:00,200.860107421875,201.16799926757812,200.57000732421875,201.02999877929688,2227466,200.75967736816406,200.96053747558594
2025-06-02 17:30:00+00:00,201.45399475097656,201.52999877929688,200.58009338378906,200.86000061035156,2804759,201.35326775360107,201.55472174835205
2025-06-02 18:30:00+00:00,201.66000366210938,201.7799072265625,201.13999938964844,201.4499969482422,2805599,201.55917366027833,201.76083366394042
2025-06-02 19:30:00+00:00,201.8000030517578,201.80990600585938,201.3000030517578,201.64999389648438,3972829,201.69910305023194,201.90090305328368
2025-06-03 13:30:00+00:00,201.74000549316406,203.24000549316406,200.9550018310547,202.13499450683594,10305758,201.6391354904175,201.84087549591064
2025-06-03 14:30:00+00:00,202.5,202.69000244140625,201.52020263671875,201.74000549316406,4748287,202.39875,202.60125
2025-06-03 15:30:00+00:00,203.05499267578125,203.33999633789062,202.05999755859375,202.52000427246094,4217975,202.95346517944338,203.15652017211912
2025-06-03 16:30:00+00:00,203.31460571289062,203.74000549316406,202.72000122070312,203.05999755859375,3820571,203.2129484100342,203.41626301574706
2025-06-03 17:30:00+00:00,203.09170532226562,203.77000427246094,202.5,203.3350067138672,3339508,202.9901594696045,203.19325117492676
2025-06-03 18:30:00+00:00,203.17999267578125,203.4398956298828,202.99000549316406,203.0800018310547,2991230,203.07840267944337,203.28158267211913
2025-06-03 19:30:00+00:00,203.33999633789062,203.4698944091797,202.97999572753906,203.17999267578125,4035108,203.23832633972168,203.44166633605957
2025-06-04 13:30:00+00:00,205.13999938964844,206.24000549316406,202.6508026123047,203.4499969482422,12614073,205.03742938995362,205.24256938934326
2025-06-04 14:30:00+00:00,204.08999633789062,205.17999267578125,203.99009704589844,205.1199951171875,4439145,203.9879513397217,204.19204133605956
2025-06-04 15:30:00+00:00,202.8300018310547,204.60000610351562,202.14999389648438,204.08999633789062,7130175,202.72858683013916,202.9314168319702
2025-06-04 16:30:00+00:00,203.4149932861328,203.58999633789062,202.61500549316406,202.82000732421875,2639222,203.31328578948975,203.51670078277587
2025-06-04 17:30:00+00:00,203.1199951171875,203.47000122070312,202.85000610351562,203.41200256347656,2609590,203.01843511962892,203.22155511474608
2025-06-04 18:30:00+00:00,203.19000244140625,203.25,202.75999450683594,203.11000061035156,3114173,203.08840744018556,203.29159744262694
2025-06-04 19:30:00+00:00,202.88699340820312,203.44769287109375,202.75999450683594,203.19000244140625,3543324,202.78554991149903,202.98843690490722
2025-06-05 13:30:00+00:00,202.4499969482422,203.83999633789062,201.27000427246094,203.59500122070312,9756368,202.34877194976806,202.5512219467163
2025-06-05 14:30:00+00:00,204.54379272460938,204.58999633789062,201.6772003173828,202.4499969482422,6631520,204.4415208282471,204.64606462097166
2025-06-05 15:30:00+00:00,203.13999938964844,204.75,202.47999572753906,204.53500366210938,4785035,203.03842938995362,203.24156938934325
2025-06-05 16:30:00+00:00,202.60009765625,203.25,201.5500030517578,203.13999938964844,3948935,202.4987976074219,202.7013977050781
2025-06-05 17:30:00+00:00,202.2104034423828,202.89999389648438,201.14999389648438,202.60000610351562,3145886,202.10929824066164,202.31150864410398
2025-06-05 18:30:00+00:00,200.72999572753906,202.72000122070312,200.1999969482422,202.2100067138672,4825395,200.6296307296753,200.8303607254028
2025-06-05 19:30:00+00:00,200.5500030517578,201.77000427246094,200.15960693359375,200.74000549316406,6191418,200.44972805023195,200.65027805328367
2025-06-06 13:30:00+00:00,203.66000366210938,205.6999969482422,202.98309326171875,202.9949951171875,11106322,203.55817366027833,203.76183366394042
2025-06-06 14:30:00+00:00,203.0399932861328,204.05999755859375,202.860107421875,203.5399932861328,5013154,202.93847328948976,203.14151328277586
2025-06-06 15:30:00+00:00,202.625,203.60000610351562,202.61000061035156,203.02000427246094,3205114,202.52368750000002,202.72631249999998
2025-06-06 16:30:00+00:00,203.58999633789062,203.77999877929688,202.0500030517578,202.66220092773438,4406812,203.48820133972168,203.69179133605957
2025-06-06 17:30:00+00:00,204.98500061035156,205.2100067138672,203.58999633789062,203.60000610351562,4157003,204.8825081100464,205.08749311065674
2025-06-06 18:30:00+00:00,204.6999969482422,205.47000122070312,204.68499755859375,204.99000549316406,4253859,204.5976469497681,204.80234694671628
2025-06-06 19:30:00+00:00,203.92999267578125,205.22000122070312,203.89500427246094,204.69000244140625,5842274,203.82802767944338,204.03195767211912
2025-06-09 13:30:00+00:00,205.32000732421875,206.0,203.97999572753906,204.39999389648438,10204602,205.21734732055666,205.42266732788084
2025-06-09 14:30:00+00:00,204.52999877929688,205.74000549316406,204.50999450683594,205.3000030517578,4646532,204.42773377990724,204.6322637786865
2025-06-09 15:30:00+00:00,203.92880249023438,204.91000366210938,203.72999572753906,204.5301055908203,4660532,203.82683808898926,204.0307668914795
2025-06-09 16:30:00+00:00,200.72000122070312,205.29989624023438,200.02000427246094,203.92999267578125,14949524,200.61964122009277,200.82036122131348
2025-06-09 17:30:00+00:00,201.4600067138672,202.66769409179688,200.02999877929688,200.7100067138672,13053525,201.35927671051027,201.5607367172241
2025-06-09 18:30:00+00:00,201.25,201.6999969482422,200.6300048828125,201.42999267578125,8620350,201.14937500000002,201.35062499999998
2025-06-09 19:30:00+00:00,201.44000244140625,202.35499572753906,200.88999938964844,201.2100067138672,7398849,201.33928244018557,201.54072244262693
2025-06-10 13:30:00+00:00,202.8699951171875,203.35690307617188,200.57000732421875,200.60000610351562,13200692,202.76856011962892,202.97143011474608
2025-06-10 14:30:00+00:00,203.31500244140625,204.35000610351562,202.72999572753906,202.86000061035156,6624997,203.21334494018555,203.41665994262695
2025-06-10 15:30:00+00:00,202.53880310058594,203.32000732421875,202.3000946044922,203.32000732421875,4294134,202.43753369903567,202.6400725021362
2025-06-10 16:30:00+00:00,201.75999450683594,202.76300048828125,201.75,202.52999877929688,4163222,201.65911450958254,201.86087450408934
2025-06-10 17:30:00+00:00,201.6999969482422,202.10000610351562,201.30999755859375,201.77499389648438,5126577,201.59914694976808,201.8008469467163
2025-06-10 18:30:00+00:00,202.82000732421875,203.22500610351562,201.60000610351562,201.69000244140625,4955808,202.71859732055665,202.92141732788085
2025-06-10 19:30:00+00:00,202.75,202.97500610351562,202.3300018310547,202.82110595703125,4081286,202.648625,202.851375
2025-06-11 13:30:00+00:00,202.76010131835938,204.5,202.3300018310547,203.47000122070312,10386969,202.6587212677002,202.86148136901855
2025-06-11 14:30:00+00:00,200.94000244140625,202.77000427246094,200.91000366210938,202.75999450683594,7233304,200.83953244018556,201.04047244262694
2025-06-11 15:30:00+00:00,200.2071075439453,201.1699981689453,199.65960693359375,200.89500427246094,10232286,200.10700399017335,200.30721109771727
2025-06-11 16:30:00+00:00,200.91000366210938,201.2364959716797,200.18499755859375,200.19070434570312,5829259,200.80954866027832,201.01045866394043
2025-06-11 17:30:00+00:00,199.23919677734375,200.98500061035156,198.7100067138672,200.90499877929688,6328313,199.13957717895508,199.33881637573242
2025-06-11 18:30:00+00:00,198.97999572753906,199.60000610351562,198.6199951171875,199.22000122070312,6509313,198.8805057296753,199.07948572540283
2025-06-11 19:30:00+00:00,198.85000610351562,199.125,198.41000366210938,198.9499969482422,6085149,198.75058110046388,198.94943110656737
2025-06-12 13:30:00+00:00,198.0666961669922,199.38999938964844,197.360107421875,199.0800018310547,10588317,197.9676628189087,198.16572951507567
2025-06-12 14:30:00+00:00,198.14999389648438,198.9250030517578,197.86270141601562,198.0800018310547,5324558,198.05091889953616,198.2490688934326
2025-06-12 15:30:00+00:00,198.58999633789062,198.63999938964844,197.7550048828125,198.13369750976562,3767271,198.49070133972168,198.68929133605957
2025-06-12 16:30:00+00:00,199.25999450683594,199.44000244140625,198.2100067138672,198.5800018310547,4180542,199.16036450958254,199.35962450408934
2025-06-12 17:30:00+00:00,198.75,199.67990112304688,198.6696014404297,199.25999450683594,3327745,198.65062500000002,198.84937499999998
2025-06-12 18:30:00+00:00,198.88499450683594,199.0500030517578,198.5449981689453,198.75999450683594,3064478,198.78555200958252,198.98443700408936
2025-06-12 19:30:00+00:00,199.1999969482422,199.1999969482422,198.39999389648438,198.8800048828125,3810648,199.10039694976808,199.2995969467163
2025-06-13 13:30:00+00:00,196.15499877929688,200.3699951171875,195.91000366210938,199.50999450683594,14838318,196.05692127990724,196.2530762786865
2025-06-13 14:30:00+00:00,197.50999450683594,197.63999938964844,195.97999572753906,196.13999938964844,5870070,197.41123950958254,197.60874950408933
2025-06-13 15:30:00+00:00,197.27000427246094,198.04750061035156,197.2100067138672,197.52000427246094,4078021,197.17136927032473,197.36863927459714
2025-06-13 16:30:00+00:00,197.27000427246094,197.57000732421875,196.9199981689453,197.2899932861328,3611125,197.17136927032473,197.36863927459714
2025-06-13 17:30:00+00:00,196.2779998779297,197.7100067138672,196.22000122070312,197.25,4012087,196.17986087799073,196.37613887786864
2025-06-13 18:30:00+00:00,196.22000122070312,196.63999938964844,195.80999755859375,196.25999450683594,5166232,196.12189122009278,196.31811122131347
2025-06-13 19:30:00+00:00,196.4499969482422,196.69000244140625,195.77000427246094,196.24000549316406,5657582,196.35177194976808,196.5482219467163
2025-06-16 13:30:00+00:00,198.42999267578125,198.68499755859375,196.5635986328125,197.2899932861328,10592906,198.33077767944337,198.52920767211913
2025-06-16 14:30:00+00:00,197.31500244140625,198.66000366210938,197.1649932861328,198.43499755859375,5091014,197.21634494018556,197.41365994262694
2025-06-16 15:30:00+00:00,197.0800018310547,197.6300048828125,196.875,197.30999755859375,4269679,196.98146183013918,197.1785418319702
2025-06-16 16:30:00+00:00,197.875,197.9550018310547,197.02000427246094,197.10000610351562,2678380,197.77606250000002,197.97393749999998
2025-06-16 17:30:00+00:00,197.9886932373047,198.19000244140625,197.77000427246094,197.88499450683594,3200825,197.88969889068605,198.08768758392333
2025-06-16 18:30:00+00:00,198.2449951171875,198.39999389648438,197.66000366210938,197.99000549316406,3569146,198.1458726196289,198.3441176147461
2025-06-16 19:30:00+00:00,198.3699951171875,198.49000549316406,197.92999267578125,198.2449951171875,4718967,198.27081011962892,198.46918011474608
2025-06-17 13:30:00+00:00,197.5800018310547,197.92999267578125,196.2550048828125,197.25,7902396,197.48121183013916,197.67879183197022
2025-06-17 14:30:00+00:00,197.5800018310547,197.7899932861328,197.3249969482422,197.58299255371094,3367583,197.48121183013916,197.67879183197022
2025-06-17 15:30:00+00:00,197.61500549316406,198.38890075683594,197.4600067138672,197.58999633789062,3514424,197.51619799041748,197.71381299591064
2025-06-17 16:30:00+00:00,196.52000427246094,197.845703125,196.46499633789062,197.61000061035156,4473741,196.42174427032472,196.61826427459715
2025-06-17 17:30:00+00:00,195.4600067138672,196.82000732421875,195.2100067138672,196.50999450683594,4011630,195.36227671051026,195.55773671722412
2025-06-17 18:30:00+00:00,195.83999633789062,195.94000244140625,195.42030334472656,195.47999572753906,3616427,195.74207633972168,195.93791633605957
2025-06-17 19:30:00+00:00,195.63999938964844,195.88499450683594,195.4409942626953,195.85000610351562,4321581,195.54217938995362,195.73781938934326
2025-06-18 13:30:00+00:00,197.06019592285156,197.50999450683594,195.07000732421875,195.9199981689453,8663131,196.96166582489016,197.15872602081296
2025-06-18 14:30:00+00:00,196.94000244140625,197.57000732421875,196.63499450683594,197.11000061035156,3977500,196.84153244018555,197.03847244262695
2025-06-18 15:30:00+00:00,196.9508056640625,197.22999572753906,196.50030517578125,196.85000610351562,2676891,196.8523302612305,197.0492810668945
2025-06-18 16:30:00+00:00,196.05999755859375,197.02000427246094,196.0500030517578,196.94000244140625,2527979,195.96196755981447,196.15802755737303
2025-06-18 17:30:00+00:00,195.91000366210938,196.97999572753906,195.6300048828125,196.07000732421875,3683814,195.81204866027832,196.00795866394043
2025-06-18 18:30:00+00:00,195.63999938964844,196.4499969482422,195.11000061035156,195.9199981689453,5009904,195.54217938995362,195.73781938934326
2025-06-18 19:30:00+00:00,196.25,197.11000061035156,195.46600341796875,195.6300048828125,7662210,196.15187500000002,196.34812499999998
2025-06-20 13:30:00+00:00,198.67999267578125,200.94000244140625,197.52999877929688,198.23500061035156,26036367,198.58065267944338,198.77933267211912
2025-06-20 14:30:00+00:00,197.6699981689453,198.69000244140625,196.85960388183594,198.69000244140625,6560590,197.57116316986085,197.76883316802977
2025-06-20 15:30:00+00:00,198.49000549316406,198.86000061035156,197.6999969482422,197.7100067138672,4287672,198.39076049041748,198.58925049591065
2025-06-20 16:30:00+00:00,198.32000732421875,199.3699951171875,198.27000427246094,198.49000549316406,4286863,198.22084732055666,198.41916732788084
2025-06-20 17:30:00+00:00,199.80999755859375,200.19000244140625,198.07000732421875,198.32000732421875,5317209,199.71009255981446,199.90990255737304
2025-06-20 18:30:00+00:00,199.92999267578125,200.33670043945312,199.60009765625,199.82000732421875,7927637,199.83002767944336,200.02995767211914
2025-06-20 19:30:00+00:00,200.94000244140625,201.6999969482422,199.77000427246094,199.9199981689453,10755124,200.83953244018556,201.04047244262694
2025-06-23 13:30:00+00:00,201.37179565429688,202.3000030517578,199.94000244140625,201.53199768066406,12829209,201.27110975646974,201.472481552124
2025-06-23 14:30:00+00:00,200.52999877929688,201.58999633789062,200.22500610351562,201.3800048828125,5321162,200.42973377990722,200.63026377868653
2025-06-23 15:30:00+00:00,200.1396026611328,200.52000427246094,199.50999450683594,200.3300018310547,4993482,200.03953285980225,200.23967246246337
2025-06-23 16:30:00+00:00,201.43899536132812,201.52000427246094,198.9600067138672,200.13999938964844,4894801,201.33827586364748,201.53971485900877
2025-06-23 17:30:00+00:00,201.69000244140625,202.24000549316406,201.0800018310547,201.4600067138672,6635454,201.58915744018555,201.79084744262695
2025-06-23 18:30:00+00:00,201.36019897460938,201.8968048095703,201.0507049560547,201.6699981689453,4184558,201.25951887512207,201.46087907409668
2025-06-23 19:30:00+00:00,201.5500030517578,201.83999633789062,201.13499450683594,201.35000610351562,3965279,201.44922805023194,201.6507780532837
2025-06-24 13:30:00+00:00,200.9822998046875,202.6699981689453,200.1999969482422,201.60000610351562,12508328,200.88180865478517,201.08279095458983
2025-06-24 14:30:00+00:00,201.3800048828125,201.5800018310547,200.7404022216797,200.99000549316406,4685578,201.27931488037112,201.48069488525388
2025-06-24 15:30:00+00:00,202.4499969482422,202.56500244140625,201.24000549316406,201.4600067138672,4724128,202.34877194976806,202.5512219467163
2025-06-24 16:30:00+00:00,201.9600067138672,203.44000244140625,201.94000244140625,202.45150756835938,6930517,201.85902671051028,202.0609867172241
2025-06-24 17:30:00+00:00,201.57000732421875,202.3300018310547,201.30999755859375,201.9600067138672,4599071,201.46922232055664,201.67079232788086
2025-06-24 18:30:00+00:00,201.52999877929688,202.01499938964844,201.30499267578125,201.5800018310547,5015277,201.42923377990724,201.63076377868651
2025-06-24 19:30:00+00:00,200.2899932861328,201.5998992919922,200.27000427246094,201.53500366210938,7488205,200.18984828948976,200.39013828277587
2025-06-25 13:30:00+00:00,202.44000244140625,203.66000366210938,201.1999969482422,201.4199981689453,10894360,202.33878244018555,202.54122244262695
2025-06-25 14:30:00+00:00,202.10000610351562,203.1750030517578,201.99000549316406,202.44000244140625,5914874,201.9989561004639,202.20105610656736
2025-06-25 15:30:00+00:00,201.8699951171875,202.1699981689453,201.39999389648438,202.10499572753906,3571019,201.7690601196289,201.9709301147461
2025-06-25 16:30:00+00:00,201.13999938964844,202.17970275878906,201.08999633789062,201.8800048828125,2830902,201.03942938995363,201.24056938934325
2025-06-25 17:30:00+00:00,201.01539611816406,201.27999877929688,200.62010192871094,201.13999938964844,3158873,200.914888420105,201.11590381622312
2025-06-25 18:30:00+00:00,201.15980529785156,201.5,200.9499969482422,201.02000427246094,3073812,201.05922539520265,201.26038520050048
2025-06-25 19:30:00+00:00,201.60000610351562,201.6199951171875,200.88499450683594,201.13999938964844,4058748,201.49920610046388,201.70080610656737
2025-06-26 13:30:00+00:00,199.75,202.61500549316406,199.64999389648438,202.35000610351562,11861101,199.650125,199.849875
2025-06-26 14:30:00+00:00,199.69000244140625,200.50999450683594,199.6199951171875,199.74000549316406,6026822,199.59015744018555,199.78984744262695
2025-06-26 15:30:00+00:00,200.122802734375,200.7899932861328,199.4600067138672,199.7100067138672,4778323,200.02274133300782,200.22286413574218
2025-06-26 16:30:00+00:00,200.24000549316406,200.27000427246094,199.63499450683594,200.13780212402344,4568502,200.1398854904175,200.34012549591063
2025-06-26 17:30:00+00:00,200.97999572753906,201.36000061035156,199.97500610351562,200.25,5027751,200.87950572967532,201.0804857254028
2025-06-26 18:30:00+00:00,201.1750030517578,201.17869567871094,200.75,200.99000549316406,3971689,201.07441555023195,201.27559055328368
2025-06-26 19:30:00+00:00,200.94000244140625,201.55999755859375,200.7899932861328,201.17520141601562,5945620,200.83953244018556,201.04047244262694
2025-06-27 13:30:00+00:00,201.58009338378906,203.22000122070312,201.25999450683594,201.89500427246094,11392916,201.47930333709718,201.68088343048095
2025-06-27 14:30:00+00:00,201.38180541992188,201.9501953125,200.85499572753906,201.58999633789062,6069609,201.28111451721193,201.48249632263182
2025-06-27 15:30:00+00:00,201.99000549316406,202.0500030517578,201.38999938964844,201.39999389648438,4142671,201.8890104904175,202.09100049591063
2025-06-27 16:30:00+00:00,202.0800018310547,202.6999969482422,201.72999572753906,201.99000549316406,4499910,201.97896183013918,202.1810418319702
2025-06-27 17:30:00+00:00,201.44000244140625,202.11000061035156,200.92999267578125,202.0800018310547,5147746,201.33928244018557,201.54072244262693
2025-06-27 18:30:00+00:00,201.125,201.52000427246094,200.7899932861328,201.4499969482422,5338193,201.0244375,201.2255625
2025-06-27 19:30:00+00:00,201.10000610351562,201.27000427246094,200.22000122070312,201.1300048828125,6326536,200.99945610046387,201.20055610656738
2025-06-30 13:30:00+00:00,201.00990295410156,202.19000244140625,200.35240173339844,202.00999450683594,9942898,200.90939800262453,201.1104079055786
2025-06-30 14:30:00+00:00,199.97000122070312,201.32000732421875,199.59010314941406,201.0050048828125,7348749,199.8700162200928,200.06998622131346
2025-06-30 15:30:00+00:00,200.3249969482422,200.4199981689453,199.8000030517578,199.98919677734375,4709275,200.22483444976808,200.4251594467163
2025-06-30 16:30:00+00:00,200.15499877929688,200.47999572753906,199.84500122070312,200.30999755859375,4227066,200.05492127990723,200.25507627868652
2025-06-30 17:30:00+00:00,200.69500732421875,200.8300018310547,199.89999389648438,200.15499877929688,3674697,200.59465982055664,200.79535482788086
2025-06-30 18:30:00+00:00,206.58560180664062,207.08999633789062,199.2606964111328,200.69509887695312,26910135,206.4823090057373,206.68889460754394
2025-06-30 19:30:00+00:00,205.1199951171875,207.38999938964844,205.0500030517578,206.5500030517578,13956446,205.0174351196289,205.2225551147461
2025-07-01 13:30:00+00:00,209.54010009765625,209.8300018310547,206.14010620117188,206.6649932861328,26727051,209.43533004760744,209.64487014770506
2025-07-01 14:30:00+00:00,207.9499969482422,210.18649291992188,207.47000122070312,209.5500946044922,15475523,207.84602194976807,208.0539719467163
2025-07-01 15:30:00+00:00,207.875,208.18499755859375,206.7899932861328,207.9600067138672,7412772,207.7710625,207.9789375
2025-07-01 16:30:00+00:00,208.1103057861328,208.52999877929688,207.10000610351562,207.8699951171875,6007346,208.00625063323974,208.21436093902588
2025-07-01 17:30:00+00:00,208.2100067138672,208.4199981689453,207.61000061035156,208.1199951171875,4747947,208.10590171051027,208.3141117172241
2025-07-01 18:30:00+00:00,208.19000244140625,208.42990112304688,207.375,208.2100067138672,5033918,208.08590744018557,208.29409744262693
2025-07-01 19:30:00+00:00,207.86000061035156,208.22999572753906,207.51499938964844,208.18499755859375,5286012,207.7560706100464,207.96393061065672
2025-07-02 13:30:00+00:00,212.3000030517578,213.33999633789062,208.2760009765625,209.0800018310547,24809075,212.19385305023195,212.40615305328367
2025-07-02 14:30:00+00:00,211.47500610351562,212.85000610351562,211.4199981689453,212.27999877929688,8338925,211.36926860046387,211.58074360656738
2025-07-02 15:30:00+00:00,210.92030334472656,212.00999450683594,210.86000061035156,211.49000549316406,6059046,210.8148431930542,211.02576349639892
2025-07-02 16:30:00+00:00,210.81809997558594,211.3300018310547,210.22000122070312,210.9199981689453,5032781,210.71269092559817,210.9235090255737
2025-07-02 17:30:00+00:00,211.58999633789062,211.77000427246094,210.74000549316406,210.80999755859375,3704293,211.4842013397217,211.69579133605956
2025-07-02 18:30:00+00:00,211.88999938964844,212.9600067138672,211.3699951171875,211.5749969482422,7090087,211.78405438995364,211.99594438934324
2025-07-02 19:30:00+00:00,212.41000366210938,212.75,211.9499969482422,212.0500030517578,6193408,212.30379866027832,212.51620866394043
2025-07-03 13:30:00+00:00,213.73500061035156,213.85989379882812,211.8101043701172,212.14500427246094,11914855,213.6281331100464,213.84186811065672
2025-07-03 14:30:00+00:00,213.8800048828125,214.4600067138672,213.0399932861328,213.74000549316406,8989319,213.7730648803711,213.9869448852539
2025-07-03 15:30:00+00:00,214.10000610351562,214.64999389648438,213.6699981689453,213.889892578125,5268462,213.99295610046389,214.20705610656736
2025-07-07 13:30:00+00:00,212.36000061035156,216.22999572753906,211.80999755859375,212.67999267578125,13506133,212.2538206100464,212.46618061065672
2025-07-07 14:30:00+00:00,212.0399932861328,212.60000610351562,211.60000610351562,212.3699951171875,4497654,211.93397328948976,212.14601328277587
2025-07-07 15:30:00+00:00,210.8365020751953,212.1999969482422,210.3800048828125,212.1199951171875,4843940,210.73108382415774,210.9419203262329
2025-07-07 16:30:00+00:00,209.67039489746094,211.16990661621094,209.52000427246094,210.83900451660156,5039814,209.56555970001222,209.77523009490966
2025-07-07 17:30:00+00:00,208.94039916992188,210.5,208.91000366210938,209.6699981689453,4210639,208.83592897033694,209.0448693695068
2025-07-07 18:30:00+00:00,209.4499969482422,210.07000732421875,208.8000030517578,208.94000244140625,4388321,209.3452719497681,209.55472194671628
2025-07-07 19:30:00+00:00,209.94000244140625,210.25,209.19000244140625,209.4600067138672,4768433,209.83503244018556,210.04497244262694
2025-07-08 13:30:00+00:00,209.27999877929688,210.49000549316406,208.4499969482422,210.1300048828125,9381795,209.17535877990724,209.3846387786865
2025-07-08 14:30:00+00:00,209.87069702148438,211.42999267578125,209.25999450683594,209.28500366210938,5854284,209.76576167297364,209.9756323699951
2025-07-08 15:30:00+00:00,210.8300018310547,211.18499755859375,209.77999877929688,209.8800048828125,3759768,210.72458683013917,210.9354168319702
2025-07-08 16:30:00+00:00,209.8350067138672,210.88999938964844,209.5,210.83999633789062,3725509,209.73008921051027,209.9399242172241
2025-07-08 17:30:00+00:00,209.94500732421875,210.25999450683594,209.32000732421875,209.83999633789062,2881574,209.84003482055664,210.04997982788086
2025-07-08 18:30:00+00:00,209.60499572753906,210.0449981689453,209.40499877929688,209.9499969482422,2636682,209.50019322967532,209.7097982254028
2025-07-08 19:30:00+00:00,210.03500366210938,210.33999633789062,209.3000030517578,209.58999633789062,5121140,209.92998616027833,210.14002116394042
2025-07-09 13:30:00+00:00,209.91000366210938,210.89999389648438,209.35000610351562,209.52999877929688,8992949,209.80504866027835,210.0149586639404
2025-07-09 14:30:00+00:00,207.80499267578125,209.89999389648438,207.22000122070312,209.88999938964844,8309318,207.70109017944338,207.90889517211912
2025-07-09 15:30:00+00:00,207.8000030517578,208.22000122070312,207.26589965820312,207.80999755859375,4676493,207.69610305023195,207.90390305328367
2025-07-09 16:30:00+00:00,208.9156036376953,209.0449981689453,207.57139587402344,207.81039428710938,3964765,208.8111458358765,209.02006143951414
2025-07-09 17:30:00+00:00,209.7324981689453,209.97999572753906,208.72000122070312,208.9149932861328,4016622,209.62763191986085,209.83736441802978
2025-07-09 18:30:00+00:00,209.88999938964844,210.19000244140625,209.6199951171875,209.7449951171875,3710492,209.78505438995361,209.99494438934326
2025-07-09 19:30:00+00:00,211.11000061035156,211.3300018310547,209.72999572753906,209.8800048828125,6191235,211.0044456100464,211.21555561065674
2025-07-10 13:30:00+00:00,212.00999450683594,212.29989624023438,210.1199951171875,210.5050048828125,9591288,211.90398950958254,212.11599950408933
2025-07-10 14:30:00+00:00,212.97999572753906,213.47999572753906,211.89999389648438,212.02999877929688,8759012,212.87350572967532,213.0864857254028
2025-07-10 15:30:00+00:00,212.0800018310547,213.17999267578125,211.8300018310547,212.99000549316406,4598153,211.97396183013916,212.18604183197021
2025-07-10 16:30:00+00:00,212.6199951171875,212.77999877929688,211.85000610351562,212.07000732421875,3384939,212.51368511962892,212.72630511474608
2025-07-10 17:30:00+00:00,212.60000610351562,213.16000366210938,212.30999755859375,212.61000061035156,3025386,212.49370610046387,212.70630610656738
2025-07-10 18:30:00+00:00,212.5749969482422,213.4499969482422,212.57000732421875,212.5948944091797,3341074,212.46870944976808,212.6812844467163
2025-07-10 19:30:00+00:00,212.4199981689453,213.02000427246094,212.08999633789062,212.5800018310547,4470431,212.31378816986086,212.52620816802977
2025-07-11 13:30:00+00:00,211.7899932861328,212.1300048828125,209.86000061035156,210.56500244140625,8592173,211.68409828948975,211.89588828277587
2025-07-11 14:30:00+00:00,210.8249969482422,211.7899932861328,210.47999572753906,211.7899932861328,4031708,210.71958444976806,210.9304094467163
2025-07-11 15:30:00+00:00,210.63499450683594,211.2100067138672,210.46499633789062,210.8300018310547,3418923,210.52967700958254,210.74031200408933
2025-07-11 16:30:00+00:00,211.1649932861328,211.2899932861328,210.4499969482422,210.6199951171875,2805663,211.05941078948976,211.27057578277586
2025-07-11 17:30:00+00:00,211.40499877929688,211.65980529785156,210.97999572753906,211.15499877929688,2380669,211.29929627990722,211.51070127868653
2025-07-11 18:30:00+00:00,211.16000366210938,211.51699829101562,210.6199951171875,211.41000366210938,2371782,211.05442366027833,211.26558366394042
2025-07-11 19:30:00+00:00,211.0749969482422,211.39999389648438,211.029296875,211.1300048828125,4157903,210.96945944976807,211.1805344467163
2025-07-14 13:30:00+00:00,208.02999877929688,210.91000366210938,207.5399932861328,209.90899658203125,11410322,207.92598377990723,208.13401377868652
2025-07-14 14:30:00+00:00,208.76499938964844,208.89169311523438,207.8249969482422,208.02999877929688,4099030,208.66061688995362,208.86938188934326
2025-07-14 15:30:00+00:00,208.8406982421875,209.17999267578125,208.55999755859375,208.77000427246094,3442253,208.73627789306641,208.94511859130859
2025-07-14 16:30:00+00:00,209.0,209.3300018310547,208.76019287109375,208.85000610351562,2496708,208.8955,209.1045
2025-07-14 17:30:00+00:00,209.0,209.4499969482422,208.96080017089844,209.0133056640625,2387557,208.8955,209.1045
2025-07-14 18:30:00+00:00,209.1999053955078,209.4073028564453,208.87010192871094,209.0,3211653,209.09530544281006,209.30450534820557
2025-07-14 19:30:00+00:00,208.5399932861328,209.19000244140625,208.52000427246094,209.1699981689453,4180894,208.43572328948974,208.64426328277588
2025-07-15 13:30:00+00:00,210.1699981689453,211.1300048828125,208.9199981689453,209.14999389648438,9804649,210.06491316986086,210.27508316802977
2025-07-15 14:30:00+00:00,211.42999267578125,211.42999267578125,209.19769287109375,210.13999938964844,5300718,211.32427767944338,211.53570767211912
2025-07-15 15:30:00+00:00,210.67999267578125,211.88999938964844,210.36000061035156,211.42999267578125,4617922,210.57465267944337,210.78533267211913
2025-07-15 16:30:00+00:00,210.67269897460938,211.07000732421875,210.3800048828125,210.69500732421875,2111068,210.5673626251221,210.77803532409666
2025-07-15 17:30:00+00:00,211.375,211.6699981689453,210.66000366210938,210.68499755859375,2756121,211.2693125,211.4806875
2025-07-15 18:30:00+00:00,210.17999267578125,211.47999572753906,209.9600067138672,211.38890075683594,3943223,210.07490267944337,210.28508267211913
2025-07-15 19:30:00+00:00,209.00999450683594,210.2899932861328,208.99000549316406,210.2030029296875,3872873,208.90548950958254,209.11449950408934
2025-07-16 13:30:00+00:00,212.0850067138672,212.39999389648438,209.91050720214844,210.2899932861328,11863740,211.97896421051027,212.1910492172241
2025-07-16 14:30:00+00:00,210.1199951171875,212.1844940185547,209.2899932861328,212.11000061035156,6716190,210.01493511962892,210.22505511474608
2025-07-16 15:30:00+00:00,209.58999633789062,210.5,208.63999938964844,210.1488037109375,5283557,209.4852013397217,209.69479133605955
2025-07-16 16:30:00+00:00,210.35000610351562,210.947998046875,209.3699951171875,209.60000610351562,2958239,210.24483110046387,210.45518110656738
2025-07-16 17:30:00+00:00,210.0384979248047,210.63189697265625,209.87100219726562,210.33999633789062,2325549,209.9334786758423,210.14351717376707
2025-07-16 18:30:00+00:00,210.3249969482422,210.58509826660156,210.0399932861328,210.0399932861328,2064165,210.2198344497681,210.4301594467163
2025-07-16 19:30:00+00:00,210.22000122070312,210.6365966796875,209.97000122070312,210.32000732421875,4310071,210.11489122009277,210.32511122131348
2025-07-17 13:30:00+00:00,209.9499969482422,211.00999450683594,209.58999633789062,210.625,9963627,209.84502194976807,210.0549719467163
2025-07-17 14:30:00+00:00,210.44000244140625,210.8300018310547,209.77000427246094,209.94000244140625,4483480,210.33478244018556,210.54522244262694
2025-07-17 15:30:00+00:00,211.38999938964844,211.4499969482422,210.10499572753906,210.4499969482422,5714933,211.28430438995363,211.49569438934324
2025-07-17 16:30:00+00:00,210.9550018310547,211.50999450683594,210.7899932861328,211.38890075683594,3852173,210.84952433013916,211.0604793319702
2025-07-17 17:30:00+00:00,211.27999877929688,211.8000030517578,210.9001007080078,210.9499969482422,5287499,211.17435877990724,211.3856387786865
2025-07-17 18:30:00+00:00,210.9949951171875,211.27999877929688,210.77999877929688,211.27999877929688,4445454,210.8894976196289,211.1004926147461
2025-07-17 19:30:00+00:00,210.06100463867188,211.0500030517578,209.74000549316406,210.99989318847656,7016080,209.95597413635255,210.1660351409912
2025-07-18 13:30:00+00:00,209.9542999267578,211.00999450683594,209.70449829101562,210.7550048828125,15729684,209.84932277679445,210.05927707672117
2025-07-18 14:30:00+00:00,210.85000610351562,211.00999450683594,209.77000427246094,209.9600067138672,4957360,210.74458110046388,210.95543110656737
2025-07-18 15:30:00+00:00,211.00999450683594,211.1300048828125,210.67999267578125,210.85499572753906,3993353,210.90448950958253,211.11549950408934
2025-07-18 16:30:00+00:00,211.19000244140625,211.7899932861328,210.8800048828125,211.02000427246094,3840387,211.08440744018557,211.29559744262693
2025-07-18 17:30:00+00:00,210.93499755859375,211.5399932861328,210.75999450683594,211.17999267578125,3054294,210.82953005981446,211.04046505737304
2025-07-18 18:30:00+00:00,210.9499969482422,211.19500732421875,210.7899932861328,210.92999267578125,2639727,210.84452194976808,211.0554719467163
2025-07-18 19:30:00+00:00,211.22000122070312,211.34500122070312,210.8300018310547,210.94000244140625,4433304,211.11439122009278,211.32561122131347
2025-07-21 13:30:00+00:00,214.64500427246094,215.77999877929688,211.64089965820312,212.0500030517578,19931497,214.53768177032472,214.75232677459715
2025-07-21 14:30:00+00:00,213.47000122070312,214.7100067138672,212.8699951171875,214.63999938964844,7487806,213.36326622009278,213.57673622131347
2025-07-21 15:30:00+00:00,213.31959533691406,213.7100067138672,213.16000366210938,213.4600067138672,3139375,213.21293553924562,213.4262551345825
2025-07-21 16:30:00+00:00,213.67999267578125,213.86000061035156,213.13999938964844,213.31500244140625,2907043,213.57315267944338,213.78683267211912
2025-07-21 17:30:00+00:00,213.25999450683594,213.7100067138672,212.50999450683594,213.66000366210938,4055325,213.15336450958253,213.36662450408934
2025-07-21 18:30:00+00:00,212.5800018310547,213.42999267578125,212.50999450683594,213.268798828125,2890224,212.47371183013917,212.6862918319702
2025-07-21 19:30:00+00:00,212.5399932861328,212.71859741210938,212.07000732421875,212.5800018310547,3808451,212.43372328948976,212.64626328277586
2025-07-22 13:30:00+00:00,213.2655029296875,214.02999877929688,212.2301025390625,213.23500061035156,12377510,213.15887017822266,213.37213568115234
2025-07-22 14:30:00+00:00,213.477294921875,213.69000244140625,212.72000122070312,213.25999450683594,4721399,213.37055627441407,213.58403356933593
2025-07-22 15:30:00+00:00,213.27999877929688,213.82000732421875,212.75999450683594,213.47000122070312,5611485,213.17335877990723,213.38663877868652
2025-07-22 16:30:00+00:00,214.41119384765625,214.47999572753906,212.83999633789062,213.24000549316406,4068346,214.30398825073243,214.51839944458007
2025-07-22 17:30:00+00:00,213.7100067138672,214.42340087890625,213.44000244140625,214.39999389648438,3620984,213.60315171051028,213.8168617172241
2025-07-22 18:30:00+00:00,214.18499755859375,214.41990661621094,213.7100067138672,213.7100067138672,3749973,214.07790505981447,214.29209005737303
2025-07-22 19:30:00+00:00,214.38999938964844,214.64500427246094,213.92999267578125,214.17999267578125,4788294,214.2828043899536,214.49719438934326
2025-07-23 13:30:00+00:00,212.9351043701172,215.10000610351562,212.41000366210938,215.0449981689453,13479209,212.82863681793214,213.04157192230224
2025-07-23 14:30:00+00:00,213.14999389648438,213.1699981689453,212.5,212.9499053955078,4588657,213.04341889953614,213.25656889343261
2025-07-23 15:30:00+00:00,213.5,213.80999755859375,212.64999389648438,213.14999389648438,4465099,213.39325000000002,213.60674999999998
2025-07-23 16:30:00+00:00,214.125,214.22850036621094,213.36000061035156,213.5,2552446,214.01793750000002,214.23206249999998
2025-07-23 17:30:00+00:00,214.40499877929688,214.63499450683594,214.07000732421875,214.1199951171875,4350901,214.29779627990723,214.51220127868652
2025-07-23 18:30:00+00:00,214.13999938964844,214.69500732421875,213.94000244140625,214.40499877929688,3541364,214.03292938995364,214.24706938934324
2025-07-23 19:30:00+00:00,214.30999755859375,214.30999755859375,213.61000061035156,214.14500427246094,4190088,214.20284255981446,214.41715255737304
2025-07-24 13:30:00+00:00,214.4600067138672,215.69000244140625,213.52999877929688,214.05999755859375,11740713,214.35277671051026,214.56723671722412
2025-07-24 14:30:00+00:00,215.25999450683594,215.35000610351562,214.05960083007812,214.4499969482422,6108820,215.15236450958253,215.36762450408935
2025-07-24 15:30:00+00:00,214.33999633789062,215.49000549316406,214.1999969482422,215.2615966796875,4945138,214.2328263397217,214.44716633605955
2025-07-24 16:30:00+00:00,214.7899932861328,215.1999969482422,214.27999877929688,214.33999633789062,2987772,214.68259828948976,214.89738828277586
2025-07-24 17:30:00+00:00,214.73500061035156,215.1999969482422,214.55999755859375,214.7899932861328,2538966,214.6276331100464,214.84236811065674
2025-07-24 18:30:00+00:00,214.80999755859375,215.02000427246094,214.3300018310547,214.73890686035156,3138944,214.70259255981446,214.91740255737304
2025-07-24 19:30:00+00:00,213.75999450683594,214.94000244140625,213.72000122070312,214.81100463867188,5843431,213.65311450958254,213.86687450408934
2025-07-25 13:30:00+00:00,214.58529663085938,214.86000061035156,213.74000549316406,214.6999969482422,10049767,214.47800398254395,214.6925892791748
2025-07-25 14:30:00+00:00,214.50999450683594,215.24000549316406,214.2100067138672,214.58999633789062,5133351,214.40273950958255,214.61724950408933
2025-07-25 15:30:00+00:00,214.3896026611328,214.63999938964844,214.0500030517578,214.5850067138672,5205668,214.28240785980225,214.49679746246338
2025-07-25 16:30:00+00:00,214.1699981689453,214.58999633789062,214.0399932861328,214.38999938964844,2636543,214.06291316986085,214.27708316802978
2025-07-25 17:30:00+00:00,213.88999938964844,214.50999450683594,213.82000732421875,214.17039489746094,3060915,213.78305438995363,213.99694438934324
2025-07-25 18:30:00+00:00,213.5,214.00999450683594,213.39999389648438,213.91000366210938,2957957,213.39325000000002,213.60674999999998
2025-07-25 19:30:00+00:00,213.9600067138672,214.0,213.49000549316406,213.5050048828125,4400863,213.85302671051028,214.0669867172241
2025-07-28 13:30:00+00:00,214.52000427246094,214.74000549316406,213.5800018310547,214.02999877929688,7838862,214.4127442703247,214.62726427459717
2025-07-28 14:30:00+00:00,214.43499755859375,214.84500122070312,214.12229919433594,214.53500366210938,3872401,214.32778005981447,214.54221505737303
2025-07-28 15:30:00+00:00,214.5399932861328,214.75,214.2899932861328,214.44000244140625,2571343,214.43272328948976,214.64726328277587
2025-07-28 16:30:00+00:00,213.64500427246094,214.5749969482422,213.4149932861328,214.53500366210938,3975039,213.5381817703247,213.75182677459716
2025-07-28 17:30:00+00:00,213.8000030517578,214.02000427246094,213.6199951171875,213.63499450683594,2392173,213.69310305023194,213.90690305328368
2025-07-28 18:30:00+00:00,213.42999267578125,213.8300018310547,213.05999755859375,213.82000732421875,4397176,213.32327767944338,213.53670767211912
2025-07-28 19:30:00+00:00,214.0399932861328,214.0500030517578,213.32000732421875,213.4199981689453,3976187,213.93297328948975,214.14701328277587
2025-07-29 13:30:00+00:00,213.0500030517578,214.80999755859375,211.50999450683594,214.16000366210938,11789728,212.94347805023193,213.1565280532837
2025-07-29 14:30:00+00:00,211.89999389648438,213.24830627441406,211.88999938964844,213.0399932861328,5404192,211.79404389953615,212.0059438934326
2025-07-29 15:30:00+00:00,212.0,212.92999267578125,211.6999969482422,211.88099670410156,4842502,211.894,212.106
2025-07-29 16:30:00+00:00,212.1999969482422,212.38999938964844,210.8249969482422,211.99000549316406,4558639,212.09389694976807,212.3060969467163
2025-07-29 17:30:00+00:00,211.9600067138672,212.38999938964844,211.81500244140625,212.2100067138672,3024877,211.85402671051025,212.06598671722412
2025-07-29 18:30:00+00:00,211.88999938964844,212.44000244140625,211.60000610351562,211.96499633789062,3376083,211.78405438995364,211.99594438934324
2025-07-29 19:30:00+00:00,211.35000610351562,211.91000366210938,211.05450439453125,211.88999938964844,4836491,211.24433110046388,211.45568110656737
2025-07-30 13:30:00+00:00,210.61000061035156,212.38999938964844,210.02000427246094,211.89500427246094,7424119,210.5046956100464,210.7153056106567
2025-07-30 14:30:00+00:00,209.71499633789062,210.72000122070312,209.6199951171875,210.6199951171875,3733727,209.61013883972169,209.81985383605956
2025-07-30 15:30:00+00:00,210.1199951171875,210.4199981689453,209.57000732421875,209.72000122070312,2767617,210.01493511962892,210.22505511474608
2025-07-30 16:30:00+00:00,209.75650024414062,210.1699981689453,209.32000732421875,210.11000061035156,2841873,209.65162199401857,209.86137849426268
2025-07-30 17:30:00+00:00,209.85499572753906,210.14990234375,209.47999572753906,209.75,3212089,209.7500682296753,209.95992322540283
2025-07-30 18:30:00+00:00,208.52000427246094,210.13999938964844,207.72000122070312,209.85499572753906,5902392,208.41574427032472,208.62426427459715
2025-07-30 19:30:00+00:00,209.02000427246094,209.10989379882812,208.1300048828125,208.50999450683594,4190797,208.91549427032473,209.12451427459715
2025-07-31 13:30:00+00:00,208.8424072265625,209.68150329589844,207.8249969482422,208.3800048828125,11337524,208.73798602294923,208.94682843017577
2025-07-31 14:30:00+00:00,208.28280639648438,209.5500030517578,208.07000732421875,208.86000061035156,6709067,208.17866499328613,208.38694779968262
2025-07-31 15:30:00+00:00,208.95449829101562,209.0,208.1699981689453,208.27000427246094,4492059,208.85002104187012,209.05897554016113
2025-07-31 16:30:00+00:00,208.6649932861328,209.83999633789062,208.5,208.9499969482422,5149802,208.56066078948976,208.76932578277587
2025-07-31 17:30:00+00:00,208.61000061035156,208.9199981689453,207.58999633789062,208.6649932861328,5001721,208.5056956100464,208.71430561065674
2025-07-31 18:30:00+00:00,208.5699005126953,209.38429260253906,208.49000549316406,208.61000061035156,6029902,208.46561556243898,208.67418546295164
2025-07-31 19:30:00+00:00,207.61000061035156,208.85000610351562,207.16000366210938,208.57000732421875,8246453,207.5061956100464,207.71380561065672
2025-08-01 13:30:00+00:00,205.36000061035156,213.5800018310547,204.3699951171875,210.83999633789062,29330279,205.2573206100464,205.46268061065672
2025-08-01 14:30:00+00:00,203.44000244140625,205.72999572753906,203.07000732421875,205.3300018310547,11748154,203.33828244018557,203.54172244262693
2025-08-01 15:30:00+00:00,202.75,204.58999633789062,202.64999389648438,203.4199981689453,9260890,202.648625,202.851375
2025-08-01 16:30:00+00:00,201.9824981689453,203.2895050048828,201.5,202.75999450683594,8501358,201.88150691986084,202.08348941802979
2025-08-01 17:30:00+00:00,203.5500030517578,203.72999572753906,201.63009643554688,201.9801025390625,8026633,203.44822805023193,203.6517780532837
2025-08-01 18:30:00+00:00,203.19000244140625,204.32119750976562,202.89999389648438,203.5500030517578,7684390,203.08840744018556,203.29159744262694
2025-08-01 19:30:00+00:00,202.27000427246094,203.24000549316406,202.1699981689453,203.17999267578125,8416967,202.1688692703247,202.37113927459717
2025-08-04 13:30:00+00:00,206.75999450683594,206.83999633789062,204.19500732421875,204.5050048828125,13367550,206.65661450958254,206.86337450408934
2025-08-04 14:30:00+00:00,205.77000427246094,207.8800048828125,205.74000549316406,206.75999450683594,8818623,205.66711927032472,205.87288927459716
2025-08-04 15:30:00+00:00,203.93499755859375,205.8800048828125,203.92999267578125,205.75999450683594,5759426,203.83303005981446,204.03696505737304
2025-08-04 16:30:00+00:00,204.14999389648438,204.47999572753906,203.86500549316406,203.94000244140625,5046794,204.04791889953614,204.2520688934326
2025-08-04 17:30:00+00:00,203.42999267578125,204.22000122070312,203.41000366210938,204.13999938964844,4659225,203.32827767944337,203.53170767211913
2025-08-04 18:30:00+00:00,202.3249969482422,203.52999877929688,202.07000732421875,203.44000244140625,10594574,202.22383444976808,202.4261594467163
2025-08-04 19:30:00+00:00,203.33999633789062,203.4499969482422,201.6750030517578,202.3300018310547,8673869,203.23832633972168,203.44166633605957
2025-08-05 13:30:00+00:00,204.52999877929688,204.55499267578125,202.16000366210938,203.43499755859375,9812948,204.42773377990724,204.6322637786865
2025-08-05 14:30:00+00:00,204.6300048828125,205.33999633789062,203.90499877929688,204.53500366210938,6466189,204.5276898803711,204.7323198852539
2025-08-05 15:30:00+00:00,203.7100067138672,204.69000244140625,203.44000244140625,204.6199951171875,3782674,203.60815171051027,203.8118617172241
2025-08-05 16:30:00+00:00,204.03500366210938,204.1699981689453,203.08999633789062,203.7100067138672,3720976,203.93298616027832,204.13702116394043
2025-08-05 17:30:00+00:00,203.8699951171875,204.3000030517578,203.75999450683594,204.0500030517578,2677706,203.76806011962893,203.97193011474607
2025-08-05 18:30:00+00:00,203.3350067138672,203.97000122070312,203.19009399414062,203.86000061035156,3354757,203.23333921051025,203.43667421722412
2025-08-05 19:30:00+00:00,202.92999267578125,203.41000366210938,202.6699981689453,203.33999633789062,3784751,202.82852767944337,203.03145767211913
2025-08-06 13:30:00+00:00,210.75999450683594,211.14999389648438,205.58999633789062,205.60000610351562,23760541,210.65461450958253,210.86537450408935
2025-08-06 14:30:00+00:00,214.22500610351562,214.33999633789062,210.6300048828125,210.75999450683594,15618173,214.11789360046387,214.33211860656738
2025-08-06 15:30:00+00:00,214.49989318847656,214.99000549316406,213.6699981689453,214.22500610351562,15397308,214.39264324188233,214.6071431350708
2025-08-06 16:30:00+00:00,214.5399932861328,214.8699951171875,213.86900329589844,214.5196990966797,7331995,214.43272328948976,214.64726328277587
2025-08-06 17:30:00+00:00,214.6024932861328,215.3800048828125,214.08999633789062,214.51499938964844,8218314,214.49519203948975,214.70979453277587
2025-08-06 18:30:00+00:00,213.875,214.7949981689453,213.75,214.61000061035156,7181809,213.7680625,213.9819375
2025-08-06 19:30:00+00:00,213.25,214.4199981689453,212.80999755859375,213.88499450683594,9553119,213.14337500000002,213.35662499999998
2025-08-07 13:30:00+00:00,218.27000427246094,220.3300018310547,216.5800018310547,218.875,30765656,218.16086927032472,218.37913927459715
2025-08-07 14:30:00+00:00,219.62899780273438,220.1300048828125,217.64999389648438,218.05999755859375,11957311,219.51918330383302,219.73881230163573
2025-08-07 15:30:00+00:00,219.9149932861328,220.33999633789062,219.4199981689453,219.6199951171875,9896825,219.80503578948975,220.02495078277587
2025-08-07 16:30:00+00:00,218.7100067138672,220.2100067138672,213.25,219.9199981689453,7182645,218.60065171051028,218.8193617172241
2025-08-07 17:30:00+00:00,219.5,219.72999572753906,218.71009826660156,218.72000122070312,4729353,219.39025,219.60975
2025-08-07 18:30:00+00:00,219.3000946044922,220.85000610351562,219.24349975585938,219.49000549316406,9312135,219.19044455718995,219.40974465179443
2025-08-07 19:30:00+00:00,220.1300048828125,220.1999969482422,219.25,219.30450439453125,6898669,220.0199398803711,220.2400698852539
2025-08-08 13:30:00+00:00,222.7816925048828,223.10000610351562,219.25,220.42999267578125,15552244,222.6703016586304,222.89308335113523
2025-08-08 14:30:00+00:00,224.36000061035156,224.6300048828125,222.6300048828125,222.77999877929688,10674558,224.2478206100464,224.47218061065672
2025-08-08 15:30:00+00:00,228.1999969482422,228.22500610351562,224.30999755859375,224.35499572753906,16989559,228.08589694976808,228.3140969467163
2025-08-08 16:30:00+00:00,228.6750030517578,230.88999938964844,227.943603515625,228.2097930908203,25554276,228.56066555023196,228.78934055328367
2025-08-08 17:30:00+00:00,229.2899932861328,230.99000549316406,228.5500030517578,228.6699981689453,12552865,229.17534828948976,229.40463828277586
2025-08-08 18:30:00+00:00,228.8300018310547,229.87989807128906,228.50999450683594,229.29159545898438,11212305,228.71558683013916,228.94441683197022
2025-08-08 19:30:00+00:00,229.3699951171875,229.69000244140625,228.4600067138672,228.82000732421875,11188500,229.25531011962892,229.48468011474608
2025-08-11 13:30:00+00:00,226.77499389648438,228.72999572753906,224.7624053955078,226.75,16158774,226.66160639953614,226.8883813934326
2025-08-11 14:30:00+00:00,227.47000122070312,227.88999938964844,226.10000610351562,226.7899932861328,7977854,227.35626622009278,227.58373622131347
2025-08-11 15:30:00+00:00,228.72999572753906,229.55999755859375,227.47000122070312,227.47000122070312,7420183,228.6156307296753,228.84436072540282
2025-08-11 16:30:00+00:00,228.10000610351562,229.0998992919922,228.0,228.73500061035156,4120877,227.98595610046388,228.21405610656737
2025-08-11 17:30:00+00:00,227.73500061035156,228.19500732421875,227.00999450683594,228.08999633789062,5313497,227.6211331100464,227.84886811065672
2025-08-11 18:30:00+00:00,227.64999389648438,227.9600067138672,227.10000610351562,227.75999450683594,7584927,227.53616889953614,227.7638188934326
2025-08-11 19:30:00+00:00,227.2050018310547,227.69500732421875,226.63999938964844,227.65919494628906,5849057,227.09139933013918,227.3186043319702
2025-08-12 13:30:00+00:00,228.57000732421875,229.9398956298828,227.10000610351562,228.0050048828125,12571415,228.45572232055665,228.68429232788085
2025-08-12 14:30:00+00:00,229.72999572753906,230.5865020751953,228.25999450683594,228.58999633789062,10092499,229.61513072967531,229.8448607254028
2025-08-12 15:30:00+00:00,229.77999877929688,230.11000061035156,228.32000732421875,229.7299041748047,4868374,229.66510877990723,229.89488877868652
2025-08-12 16:30:00+00:00,229.77499389648438,230.77999877929688,229.66000366210938,229.77999877929688,5072601,229.66010639953615,229.8898813934326
2025-08-12 17:30:00+00:00,229.57000732421875,230.5500030517578,229.4499969482422,229.7700958251953,3593400,229.45522232055666,229.68479232788084
2025-08-12 18:30:00+00:00,229.18299865722656,229.61000061035156,228.9199981689453,229.5800018310547,3327871,229.06840715789795,229.29759015655517
2025-08-12 19:30:00+00:00,229.64999389648438,230.10000610351562,229.05999755859375,229.1699981689453,4734707,229.53516889953613,229.76481889343262
2025-08-13 13:30:00+00:00,231.80999755859375,232.72000122070312,230.42999267578125,231.52499389648438,14738656,231.69409255981446,231.92590255737304
2025-08-13 14:30:00+00:00,232.2899932861328,234.5500030517578,231.77000427246094,231.80999755859375,11605576,232.17384828948977,232.40613828277586
2025-08-13 15:30:00+00:00,233.09500122070312,233.3972930908203,232.0301971435547,232.27999877929688,5966244,232.97845372009277,233.21154872131348
2025-08-13 16:30:00+00:00,232.4550018310547,233.36000061035156,231.5601043701172,233.07000732421875,5417224,232.33877433013916,232.57122933197022
2025-08-13 17:30:00+00:00,232.9250030517578,234.99000549316406,232.02000427246094,232.4499969482422,8137347,232.80854055023195,233.04146555328367
2025-08-13 18:30:00+00:00,233.5850067138672,233.91000366210938,230.8000030517578,232.94000244140625,9192848,233.46821421051027,233.7017992172241
2025-08-13 19:30:00+00:00,233.3300018310547,234.3300018310547,233.11000061035156,233.5850067138672,5738352,233.21333683013918,233.4466668319702
2025-08-14 13:30:00+00:00,232.2100067138672,235.11000061035156,231.67019653320312,234.05499267578125,16052941,232.09390171051027,232.3261117172241
2025-08-14 14:30:00+00:00,231.74020385742188,232.4600067138672,230.85000610351562,232.2050018310547,6624676,231.62433375549318,231.85607395935057
2025-08-14 15:30:00+00:00,232.00999450683594,232.2949981689453,230.91000366210938,231.75,4323697,231.89398950958252,232.12599950408935
2025-08-14 16:30:00+00:00,232.92730712890625,233.13999938964844,231.9687957763672,232.02999877929688,3209373,232.8108434753418,233.0437707824707
2025-08-14 17:30:00+00:00,232.72999572753906,233.1300048828125,232.32000732421875,232.92999267578125,3634219,232.6136307296753,232.84636072540283
2025-08-14 18:30:00+00:00,232.94500732421875,233.49000549316406,232.44000244140625,232.7100067138672,4523178,232.82853482055665,233.06147982788085
2025-08-14 19:30:00+00:00,232.8300018310547,233.50999450683594,232.69000244140625,232.92999267578125,4542543,232.71358683013918,232.9464168319702
2025-08-15 13:30:00+00:00,232.1699981689453,234.22140502929688,231.5500946044922,233.72999572753906,11603282,232.05391316986086,232.28608316802976
2025-08-15 14:30:00+00:00,231.07000732421875,232.2899932861328,230.47000122070312,232.16140747070312,5319424,230.95447232055665,231.18554232788085
2025-08-15 15:30:00+00:00,230.74000549316406,231.4550018310547,230.6197052001953,231.02000427246094,3957281,230.6246354904175,230.85537549591064
2025-08-15 16:30:00+00:00,230.57000732421875,231.22500610351562,230.22999572753906,230.74420166015625,6137966,230.45472232055664,230.68529232788086
2025-08-15 17:30:00+00:00,230.85000610351562,231.28990173339844,229.36000061035156,230.55999755859375,4535672,230.73458110046388,230.96543110656737
2025-08-15 18:30:00+00:00,231.36000061035156,231.5,230.47999572753906,230.86000061035156,6170754,231.2443206100464,231.47568061065672
2025-08-15 19:30:00+00:00,231.64999389648438,231.77000427246094,231.02000427246094,231.3699951171875,4696096,231.53416889953616,231.7658188934326
2025-08-18 13:30:00+00:00,230.66000366210938,233.1199951171875,230.61000061035156,231.77999877929688,9348530,230.54467366027833,230.77533366394042
2025-08-18 14:30:00+00:00,230.86000061035156,231.22000122070312,230.3699951171875,230.6199951171875,4699541,230.7445706100464,230.97543061065673
2025-08-18 15:30:00+00:00,230.67999267578125,231.10000610351562,230.5,230.86500549316406,2959031,230.56465267944338,230.79533267211912
2025-08-18 16:30:00+00:00,231.07000732421875,231.14999389648438,230.11000061035156,230.67999267578125,2944837,230.95447232055665,231.18554232788085
2025-08-18 17:30:00+00:00,231.14500427246094,231.6699981689453,230.89999389648438,231.0800018310547,3270491,231.02943177032472,231.26057677459715
2025-08-18 18:30:00+00:00,231.22500610351562,231.6750030517578,231.10000610351562,231.14999389648438,2886450,231.10939360046387,231.34061860656738
2025-08-18 19:30:00+00:00,230.8800048828125,231.5500030517578,230.8800048828125,231.22000122070312,2842575,230.7645648803711,230.9954448852539
2025-08-19 13:30:00+00:00,231.8300018310547,232.86500549316406,230.58999633789062,231.27499389648438,7589938,231.71408683013917,231.9459168319702
2025-08-19 14:30:00+00:00,231.32260131835938,232.27000427246094,230.47000122070312,231.82000732421875,5331365,231.20694001770022,231.43826261901853
2025-08-19 15:30:00+00:00,231.30990600585938,231.66000366210938,231.05499267578125,231.32000732421875,3317736,231.19425105285646,231.4255609588623
2025-08-19 16:30:00+00:00,230.625,231.3300018310547,230.05999755859375,231.27999877929688,3326154,230.5096875,230.7403125
2025-08-19 17:30:00+00:00,230.0500030517578,230.89999389648438,229.8699951171875,230.6199951171875,3163874,229.93497805023193,230.1650280532837
2025-08-19 18:30:00+00:00,230.18499755859375,230.19000244140625,229.35000610351562,230.02499389648438,3535859,230.06990505981446,230.30009005737304
2025-08-19 19:30:00+00:00,230.47659301757812,230.67999267578125,229.99000549316406,230.18499755859375,2889925,230.36135472106935,230.5918313140869
2025-08-20 13:30:00+00:00,226.7200927734375,230.4698944091797,226.5,229.97000122070312,10654146,226.6067327270508,226.8334528198242
2025-08-20 14:30:00+00:00,227.3350067138672,227.5500030517578,226.11000061035156,226.74000549316406,4855593,227.22133921051028,227.4486742172241
2025-08-20 15:30:00+00:00,227.1345977783203,227.3699951171875,226.41000366210938,227.3300018310547,3599979,227.02103047943118,227.24816507720945
2025-08-20 16:30:00+00:00,226.2949981689453,227.16000366210938,225.88999938964844,227.1300048828125,3171568,226.18185066986086,226.40814566802976
2025-08-20 17:30:00+00:00,225.99009704589844,226.8300018310547,225.77000427246094,226.3000030517578,2697011,225.8771019973755,226.10309209442138
2025-08-20 18:30:00+00:00,226.44500732421875,226.72999572753906,225.8699951171875,225.99000549316406,3388687,226.33178482055666,226.55822982788084
2025-08-20 19:30:00+00:00,225.9600067138672,227.0,225.92999267578125,226.44000244140625,4504957,225.84702671051028,226.0729867172241
2025-08-21 13:30:00+00:00,225.57989501953125,226.52000427246094,224.67999267578125,226.27999877929688,6246020,225.4671050720215,225.692684967041
2025-08-21 14:30:00+00:00,225.1300048828125,225.5850067138672,224.51010131835938,225.5272979736328,3627965,225.01743988037111,225.24256988525389
2025-08-21 15:30:00+00:00,224.8300018310547,225.83999633789062,224.8000030517578,225.13499450683594,2756586,224.71758683013917,224.9424168319702
2025-08-21 16:30:00+00:00,224.1750030517578,225.00999450683594,223.7803955078125,224.8300018310547,3327885,224.06291555023193,224.2870905532837
2025-08-21 17:30:00+00:00,224.22999572753906,224.77850341796875,224.16000366210938,224.17080688476562,2428717,224.1178807296753,224.34211072540282
2025-08-21 18:30:00+00:00,224.8800048828125,225.05499267578125,224.0941925048828,224.22349548339844,2704582,224.7675648803711,224.9924448852539
2025-08-21 19:30:00+00:00,224.91000366210938,225.25,224.38839721679688,224.89999389648438,3977376,224.79754866027832,225.02245866394043
2025-08-22 13:30:00+00:00,227.9499969482422,228.19000244140625,225.41000366210938,226.4499969482422,8240998,227.83602194976808,228.0639719467163
2025-08-22 14:30:00+00:00,228.05999755859375,228.72000122070312,227.8000030517578,227.97000122070312,5233127,227.94596755981448,228.17402755737302
2025-08-22 15:30:00+00:00,227.16929626464844,228.43499755859375,226.9250030517578,228.0399932861328,3176741,227.05571161651613,227.28288091278074
2025-08-22 16:30:00+00:00,228.61000061035156,229.08999633789062,227.07000732421875,227.1699981689453,4947377,228.4956956100464,228.72430561065673
2025-08-22 17:30:00+00:00,227.8699951171875,228.6273956298828,227.77999877929688,228.6273956298828,4653621,227.75606011962893,227.98393011474607
2025-08-22 18:30:00+00:00,227.85000610351562,228.51980590820312,227.78500366210938,227.8800048828125,4051520,227.73608110046388,227.96393110656737
2025-08-22 19:30:00+00:00,227.75,228.30999755859375,227.44000244140625,227.83999633789062,4139072,227.63612500000002,227.86387499999998
2025-08-25 13:30:00+00:00,228.80999755859375,229.1199951171875,226.24000549316406,226.40499877929688,8000835,228.69559255981446,228.92440255737304
2025-08-25 14:30:00+00:00,228.56500244140625,229.24000549316406,228.2899932861328,228.77000427246094,4318256,228.45071994018556,228.67928494262694
2025-08-25 15:30:00+00:00,228.5399932861328,229.3000030517578,228.50010681152344,228.57000732421875,2427231,228.42572328948975,228.65426328277587
2025-08-25 16:30:00+00:00,228.43499755859375,228.75999450683594,228.32000732421875,228.5399932861328,2355527,228.32078005981447,228.54921505737303
2025-08-25 17:30:00+00:00,227.88499450683594,228.65499877929688,227.74000549316406,228.43499755859375,2684903,227.77105200958252,227.99893700408936
2025-08-25 18:30:00+00:00,227.59840393066406,227.90499877929688,227.44500732421875,227.875,2661985,227.48460472869874,227.71220313262938
2025-08-25 19:30:00+00:00,227.14999389648438,227.72000122070312,227.1199951171875,227.60000610351562,3262464,227.03641889953616,227.2635688934326
2025-08-26 13:30:00+00:00,226.5,227.0500030517578,224.69000244140625,226.8699951171875,7799571,226.38675,226.61325
2025-08-26 14:30:00+00:00,226.9615936279297,227.29989624023438,226.2899932861328,226.50999450683594,3785331,226.84811283111574,227.07507442474363
2025-08-26 15:30:00+00:00,227.57049560546875,227.6999969482422,226.5500030517578,226.96499633789062,4519154,227.45671035766603,227.68428085327147
2025-08-26 16:30:00+00:00,228.11160278320312,228.1699981689453,227.4199981689453,227.55999755859375,2684567,227.99754698181152,228.22565858459473
2025-08-26 17:30:00+00:00,228.3592071533203,228.50999450683594,227.73500061035156,228.11000061035156,2399616,228.24502754974367,228.47338675689696
2025-08-26 18:30:00+00:00,228.56820678710938,228.6199951171875,227.77000427246094,228.36000061035156,2604761,228.45392268371583,228.68249089050292
2025-08-26 19:30:00+00:00,229.3000030517578,229.49000549316406,227.72500610351562,228.57000732421875,5151468,229.18535305023195,229.41465305328367
2025-08-27 13:30:00+00:00,230.01499938964844,230.25,228.2949981689453,228.5800018310547,7840101,229.89999188995364,230.13000688934324
2025-08-27 14:30:00+00:00,229.5740966796875,230.6999969482422,229.47999572753906,230.02999877929688,4445165,229.45930963134768,229.68888372802732
2025-08-27 15:30:00+00:00,229.8699951171875,230.08799743652344,229.30999755859375,229.57000732421875,2490171,229.75506011962892,229.98493011474608
2025-08-27 16:30:00+00:00,229.83999633789062,230.08999633789062,229.60000610351562,229.88999938964844,1919036,229.72507633972168,229.95491633605957
2025-08-27 17:30:00+00:00,230.625,230.67999267578125,229.8000030517578,229.83999633789062,2268584,230.5096875,230.7403125
2025-08-27 18:30:00+00:00,230.13250732421875,230.63499450683594,229.72000122070312,230.6199951171875,2256272,230.01744107055666,230.24757357788084
2025-08-27 19:30:00+00:00,230.44000244140625,230.89999389648438,230.1199951171875,230.125,3801508,230.32478244018557,230.55522244262693
2025-08-28 13:30:00+00:00,230.41580200195312,230.89999389648438,229.3350067138672,230.80999755859375,7213423,230.30059410095217,230.53100990295408
2025-08-28 14:30:00+00:00,230.9499969482422,231.89999389648438,230.35000610351562,230.4300994873047,3919070,230.8345219497681,231.0654719467163
2025-08-28 15:30:00+00:00,232.2899932861328,232.35499572753906,230.9481964111328,230.9600067138672,3117170,232.17384828948977,232.40613828277586
2025-08-28 16:30:00+00:00,233.0,233.1199951171875,232.0800018310547,232.27999877929688,3773992,232.88350000000003,233.11649999999997
2025-08-28 17:30:00+00:00,232.91920471191406,233.41000366210938,232.83009338378906,233.00999450683594,3045856,232.80274510955812,233.03566431427
2025-08-28 18:30:00+00:00,232.97500610351562,233.1699981689453,232.69000244140625,232.9199981689453,2740378,232.85851860046387,233.09149360656738
2025-08-28 19:30:00+00:00,232.49000549316406,233.3300018310547,232.47999572753906,232.97500610351562,4904323,232.37376049041748,232.60625049591064
2025-08-29 13:30:00+00:00,232.80960083007812,233.36129760742188,231.3699951171875,232.55999755859375,8795007,232.69319602966308,232.92600563049317
2025-08-29 14:30:00+00:00,232.9600067138672,233.16000366210938,232.5,232.80499267578125,3599986,232.84352671051028,233.0764867172241
2025-08-29 15:30:00+00:00,232.5,233.02999877929688,231.39999389648438,232.98500061035156,4414822,232.38375000000002,232.61624999999998
2025-08-29 16:30:00+00:00,232.02999877929688,232.9600067138672,231.97999572753906,232.50999450683594,2677553,231.91398377990723,232.14601377868652
2025-08-29 17:30:00+00:00,232.17999267578125,232.5749969482422,231.97000122070312,232.03250122070312,3415896,232.06390267944337,232.29608267211913
2025-08-29 18:30:00+00:00,232.3542938232422,232.75,232.0,232.19000244140625,2433703,232.23811667633058,232.4704709701538
2025-08-29 19:30:00+00:00,232.27000427246094,232.83770751953125,231.47999572753906,232.35000610351562,4673659,232.15386927032472,232.38613927459716
2025-09-02 13:30:00+00:00,230.60000610351562,230.77999877929688,227.69000244140625,228.75,9687341,230.48470610046388,230.71530610656737
2025-09-02 14:30:00+00:00,227.82899475097656,230.75,227.5283966064453,230.60000610351562,5124954,227.7150802536011,227.94290924835204
2025-09-02 15:30:00+00:00,227.85000610351562,228.1468963623047,227.1699981689453,227.82000732421875,3136378,227.73608110046388,227.96393110656737
2025-09-02 16:30:00+00:00,228.41000366210938,228.54539489746094,227.64999389648438,227.8437042236328,2530443,228.29579866027834,228.5242086639404
2025-09-02 17:30:00+00:00,228.39999389648438,229.33999633789062,228.3300018310547,228.4199981689453,2346892,228.28579389953615,228.5141938934326
2025-09-02 18:30:00+00:00,228.94000244140625,229.0800018310547,226.97000122070312,228.39999389648438,3504389,228.82553244018555,229.05447244262695
2025-09-02 19:30:00+00:00,229.7100067138672,230.0,228.89500427246094,228.92469787597656,4687318,229.59515171051027,229.8248617172241
2025-09-03 13:30:00+00:00,236.8300018310547,237.97000122070312,234.3699951171875,237.1999969482422,21171526,236.71158683013917,236.9484168319702
2025-09-03 14:30:00+00:00,236.01100158691406,237.60000610351562,235.99000549316406,236.81390380859375,8284903,235.89299608612063,236.1290070877075
2025-09-03 15:30:00+00:00,236.49000549316406,236.82000732421875,235.49000549316406,236.02000427246094,4830748,236.3717604904175,236.60825049591062
2025-09-03 16:30:00+00:00,237.4272003173828,237.89999389648438,236.44000244140625,236.4998016357422,4651843,237.30848671722413,237.5459139175415
2025-09-03 17:30:00+00:00,236.91000366210938,237.44000244140625,236.6300048828125,237.4250030517578,4344650,236.79154866027832,237.02845866394043
2025-09-03 18:30:00+00:00,237.15499877929688,237.4499969482422,236.77000427246094,236.89999389648438,4834362,237.03642127990724,237.2735762786865
2025-09-03 19:30:00+00:00,238.49000549316406,238.7100067138672,237.15040588378906,237.1558074951172,8891635,238.3707604904175,238.60925049591063
2025-09-04 13:30:00+00:00,237.69000244140625,239.89320373535156,237.0399932861328,238.4499969482422,12016131,237.57115744018557,237.80884744262693
2025-09-04 14:30:00+00:00,237.39999389648438,238.10000610351562,237.0749969482422,237.67999267578125,5223309,237.28129389953614,237.5186938934326
2025-09-04 15:30:00+00:00,237.16000366210938,237.6746063232422,236.74000549316406,237.38999938964844,3678939,237.04142366027833,237.27858366394042
2025-09-04 16:30:00+00:00,238.0399932861328,238.08999633789062,236.97000122070312,237.14999389648438,3071522,237.92097328948975,238.15901328277587
2025-09-04 17:30:00+00:00,238.05999755859375,238.38999938964844,237.50999450683594,238.04010009765625,5093419,237.94096755981445,238.17902755737305
2025-09-04 18:30:00+00:00,238.70449829101562,238.97999572753906,237.8800048828125,238.07000732421875,3814924,238.58514604187013,238.82385054016112
2025-09-04 19:30:00+00:00,239.7100067138672,239.89990234375,238.49000549316406,238.6999969482422,5942248,239.59015171051027,239.8298617172241
2025-09-05 13:30:00+00:00,239.28500366210938,241.32000732421875,239.1199951171875,239.99000549316406,17499270,239.16536116027834,239.4046461639404
2025-09-05 14:30:00+00:00,239.80499267578125,240.1699981689453,238.63999938964844,239.25,6538203,239.68509017944336,239.92489517211914
2025-09-05 15:30:00+00:00,238.77000427246094,240.31500244140625,238.52000427246094,239.82000732421875,4219870,238.6506192703247,238.88938927459716
2025-09-05 16:30:00+00:00,239.625,239.72500610351562,238.49009704589844,238.77999877929688,3993359,239.5051875,239.7448125
2025-09-05 17:30:00+00:00,239.1199951171875,239.64999389648438,238.72999572753906,239.64849853515625,2784543,239.00043511962892,239.23955511474608
2025-09-05 18:30:00+00:00,239.9250030517578,240.1300048828125,239.10000610351562,239.1199951171875,5197093,239.80504055023195,240.04496555328367
2025-09-05 19:30:00+00:00,239.6699981689453,240.01499938964844,239.05999755859375,239.92999267578125,4868520,239.55016316986087,239.78983316802976
2025-09-08 13:30:00+00:00,239.22999572753906,240.14999389648438,238.74000549316406,239.3000030517578,11286441,239.1103807296753,239.3496107254028
2025-09-08 14:30:00+00:00,238.6999969482422,239.57000732421875,238.61500549316406,239.22000122070312,5248756,238.58064694976807,238.8193469467163
2025-09-08 15:30:00+00:00,237.72999572753906,238.78829956054688,237.60000610351562,238.69500732421875,4448853,237.6111307296753,237.84886072540283
2025-09-08 16:30:00+00:00,237.80580139160156,237.87989807128906,236.33999633789062,237.72000122070312,4717107,237.68689849090578,237.92470429229735
2025-09-08 17:30:00+00:00,237.1649932861328,237.9550018310547,237.10499572753906,237.80990600585938,4114279,237.04641078948976,237.28357578277587
2025-09-08 18:30:00+00:00,237.11000061035156,237.24989318847656,236.61000061035156,237.15499877929688,3761415,236.9914456100464,237.2285556106567
2025-09-08 19:30:00+00:00,237.9199981689453,238.00999450683594,236.90420532226562,237.11500549316406,5177199,237.80103816986085,238.03895816802978
2025-09-09 13:30:00+00:00,236.3101043701172,238.0,236.0749969482422,237.0,7890752,236.19194931793214,236.42825942230223
2025-09-09 14:30:00+00:00,236.22500610351562,236.67999267578125,235.77999877929688,236.30999755859375,4277475,236.10689360046388,236.34311860656737
2025-09-09 15:30:00+00:00,236.0,236.25999450683594,235.5500030517578,236.22999572753906,4300130,235.882,236.118
2025-09-09 16:30:00+00:00,237.75,238.78050231933594,235.8249969482422,236.0,9674704,237.63112500000003,237.86887499999997
2025-09-09 17:30:00+00:00,234.52859497070312,238.10000610351562,233.6699981689453,237.75999450683594,16074676,234.41133067321778,234.64585926818847
2025-09-09 18:30:00+00:00,234.30999755859375,234.69000244140625,233.3699951171875,234.5500030517578,9544618,234.19284255981447,234.42715255737303
2025-09-09 19:30:00+00:00,234.35000610351562,234.63499450683594,233.51499938964844,234.30999755859375,6317179,234.23283110046387,234.46718110656738
2025-09-10 13:30:00+00:00,228.10800170898438,232.33999633789062,227.5500030517578,232.02499389648438,22167235,227.9939477081299,228.22205570983886
2025-09-10 14:30:00+00:00,227.0399932861328,228.34640502929688,227.02000427246094,228.11000061035156,11560546,226.92647328948976,227.15351328277586
2025-09-10 15:30:00+00:00,227.7386016845703,228.05499267578125,226.24009704589844,227.0399932861328,10156861,227.62473238372803,227.8524709854126
2025-09-10 16:30:00+00:00,226.80499267578125,227.78990173339844,226.6199951171875,227.7449951171875,6579251,226.69159017944338,226.91839517211912
2025-09-10 17:30:00+00:00,227.05999755859375,227.0850067138672,226.35000610351562,226.8000030517578,6214643,226.94646755981447,227.17352755737303
2025-09-10 18:30:00+00:00,226.18499755859375,227.35000610351562,226.17999267578125,227.05499267578125,6166050,226.07190505981447,226.29809005737303
2025-09-10 19:30:00+00:00,226.77999877929688,227.10000610351562,225.9521942138672,226.18499755859375,7727491,226.66660877990725,226.8933887786865
2025-09-11 13:30:00+00:00,228.94000244140625,229.18499755859375,226.64999389648438,226.875,13821091,228.82553244018555,229.05447244262695
2025-09-11 14:30:00+00:00,228.74000549316406,229.32000732421875,228.32020568847656,228.94000244140625,249794,228.6256354904175,228.85437549591063
2025-09-11 15:30:00+00:00,228.61000061035156,228.77999877929688,228.02999877929688,228.75,9985902,228.4956956100464,228.72430561065673
2025-09-11 16:30:00+00:00,229.47250366210938,229.5399932861328,228.30999755859375,228.60000610351562,3516399,229.35776741027834,229.5872399139404
2025-09-11 17:30:00+00:00,229.4600067138672,230.16000366210938,229.17999267578125,229.47000122070312,4663505,229.34527671051026,229.5747367172241
2025-09-11 18:30:00+00:00,229.85000610351562,230.1508026123047,229.41000366210938,229.46499633789062,3884806,229.73508110046387,229.96493110656738
2025-09-11 19:30:00+00:00,230.02000427246094,230.4499969482422,229.8350067138672,229.83999633789062,5627999,229.90499427032472,230.13501427459715
2025-09-12 13:30:00+00:00,234.07000732421875,234.0780029296875,229.02000427246094,230.0,14988292,233.95297232055665,234.18704232788085
2025-09-12 14:30:00+00:00,234.09500122070312,234.50999450683594,233.36000061035156,234.0800018310547,8044876,233.97795372009278,234.21204872131347
2025-09-12 15:30:00+00:00,233.9694061279297,234.49000549316406,233.62100219726562,234.08999633789062,4710781,233.85242142486572,234.08639083099365
2025-09-12 16:30:00+00:00,233.23500061035156,233.96499633789062,233.0,233.9636993408203,4969404,233.1183831100464,233.35161811065672
2025-09-12 17:30:00+00:00,233.5399932861328,233.8699951171875,233.218505859375,233.22000122070312,3203879,233.42322328948975,233.65676328277587
2025-09-12 18:30:00+00:00,233.77549743652344,234.4499969482422,233.02999877929688,233.5399932861328,6970851,233.65860968780518,233.8923851852417
2025-09-12 19:30:00+00:00,234.05999755859375,234.2899932861328,233.50999450683594,233.77999877929688,5874733,233.94296755981446,234.17702755737304
2025-09-15 13:30:00+00:00,236.21499633789062,238.19000244140625,235.02999877929688,237.0,14134217,236.0968888397217,236.33310383605956
2025-09-15 14:30:00+00:00,236.82000732421875,237.02000427246094,235.66000366210938,236.2100067138672,4993166,236.70159732055666,236.93841732788084
2025-09-15 15:30:00+00:00,236.57000732421875,237.3000030517578,236.47000122070312,236.81500244140625,3686503,236.45172232055666,236.68829232788084
2025-09-15 16:30:00+00:00,235.75999450683594,236.5904998779297,235.6999969482422,236.5648956298828,2964448,235.64211450958254,235.87787450408933
2025-09-15 17:30:00+00:00,235.63999938964844,236.13999938964844,235.5800018310547,235.75,2953754,235.52217938995364,235.75781938934324
2025-09-15 18:30:00+00:00,235.97000122070312,236.33999633789062,235.27000427246094,235.63499450683594,3570486,235.8520162200928,236.08798622131346
2025-09-15 19:30:00+00:00,236.75999450683594,236.7899932861328,235.67999267578125,235.97000122070312,4732529,236.64161450958252,236.87837450408935
2025-09-16 13:30:00+00:00,239.52999877929688,241.22000122070312,236.32350158691406,237.17999267578125,20581571,239.41023377990723,239.64976377868652
2025-09-16 14:30:00+00:00,239.5928955078125,239.85000610351562,238.2449951171875,239.52999877929688,7412526,239.47309906005862,239.71269195556638
2025-09-16 15:30:00+00:00,239.19500732421875,239.58009338378906,238.46499633789062,239.58009338378906,5301755,239.07540982055664,239.31460482788086
2025-09-16 16:30:00+00:00,239.08560180664062,239.39999389648438,238.89999389648438,239.1999969482422,3213378,238.96605900573732,239.20514460754393
2025-09-16 17:30:00+00:00,238.92999267578125,239.11000061035156,238.1300048828125,239.10000610351562,4262186,238.81052767944337,239.04945767211913
2025-09-16 18:30:00+00:00,238.93829345703125,239.60000610351562,238.80999755859375,238.94000244140625,4748875,238.81882431030274,239.05776260375976
2025-09-16 19:30:00+00:00,238.13999938964844,239.4199981689453,238.08009338378906,238.94000244140625,5869621,238.02092938995364,238.25906938934324
2025-09-17 13:30:00+00:00,239.6300048828125,240.10000610351562,238.7899932861328,238.97000122070312,9926684,239.51018988037112,239.74981988525388
2025-09-17 14:30:00+00:00,239.47999572753906,240.00999450683594,239.1999969482422,239.63999938964844,4002310,239.36025572967532,239.5997357254028
2025-09-17 15:30:00+00:00,239.67430114746094,239.77999877929688,239.27999877929688,239.48500061035156,3170671,239.55446399688722,239.79413829803465
2025-09-17 16:30:00+00:00,239.52000427246094,239.77000427246094,239.35000610351562,239.67999267578125,2892623,239.40024427032472,239.63976427459716
2025-09-17 17:30:00+00:00,239.55999755859375,239.82000732421875,238.4499969482422,239.52000427246094,4570049,239.44021755981447,239.67977755737303
2025-09-17 18:30:00+00:00,239.2628936767578,239.6300048828125,237.7301025390625,239.5500030517578,5910219,239.14326222991946,239.38252512359617
2025-09-17 19:30:00+00:00,238.97000122070312,239.27999877929688,238.47999572753906,239.27000427246094,4226195,238.8505162200928,239.08948622131345
2025-09-18 13:30:00+00:00,237.55999755859375,241.1999969482422,236.64999389648438,239.9499969482422,11453464,237.44121755981448,237.67877755737302
2025-09-18 14:30:00+00:00,238.19000244140625,238.7949981689453,237.31500244140625,237.56500244140625,4587899,238.07090744018555,238.30909744262695
2025-09-18 15:30:00+00:00,237.94000244140625,238.5399932861328,237.35000610351562,238.2100067138672,3609143,237.82103244018555,238.05897244262695
2025-09-18 16:30:00+00:00,237.8800048828125,238.1999969482422,237.63999938964844,237.9499969482422,3556108,237.7610648803711,237.9989448852539
2025-09-18 17:30:00+00:00,237.8018035888672,238.10000610351562,237.210205078125,237.8699951171875,3010288,237.68290268707275,237.92070449066162
2025-09-18 18:30:00+00:00,237.4499969482422,237.94639587402344,237.25010681152344,237.80999755859375,3540701,237.33127194976808,237.5687219467163
2025-09-18 19:30:00+00:00,237.85000610351562,238.11000061035156,237.43499755859375,237.4550018310547,4049383,237.73108110046388,237.96893110656737
2025-09-19 13:30:00+00:00,241.14999389648438,242.58999633789062,240.21060180664062,241.1750030517578,26772067,241.02941889953615,241.2705688934326
2025-09-19 14:30:00+00:00,242.27999877929688,243.16000366210938,241.05999755859375,241.14999389648438,10143358,242.15885877990723,242.40113877868652
2025-09-19 15:30:00+00:00,244.52000427246094,244.56910705566406,242.0491943359375,242.27369689941406,9031105,244.39774427032472,244.64226427459715
2025-09-19 16:30:00+00:00,245.24380493164062,245.9199981689453,244.26870727539062,244.5124969482422,12269832,245.12118302917483,245.36642683410642
2025-09-19 17:30:00+00:00,245.48849487304688,246.2698974609375,244.89999389648438,245.24000549316406,9746967,245.36575062561036,245.6112391204834
2025-09-19 18:30:00+00:00,245.61000061035156,246.10000610351562,245.1909942626953,245.48500061035156,7490411,245.4871956100464,245.73280561065673
2025-09-19 19:30:00+00:00,245.2899932861328,246.3000030517578,244.74000549316406,245.60000610351562,12986528,245.16734828948975,245.41263828277587
2025-09-22 13:30:00+00:00,252.67160034179688,252.73500061035156,248.1699981689453,248.33999633789062,27825122,252.54526454162598,252.79793614196777
2025-09-22 14:30:00+00:00,255.789794921875,256.0799865722656,252.0800018310547,252.66000366210938,16983776,255.66190002441408,255.91768981933592
2025-09-22 15:30:00+00:00,253.72000122070312,256.6300048828125,253.5800018310547,255.77000427246094,16047694,253.59314122009278,253.84686122131347
2025-09-22 16:30:00+00:00,254.5928955078125,254.72999572753906,253.16000366210938,253.72999572753906,8453992,254.4655990600586,254.7201919555664
2025-09-22 17:30:00+00:00,255.24000549316406,255.25999450683594,253.89999389648438,254.5800018310547,5242129,255.1123854904175,255.36762549591063
2025-09-22 18:30:00+00:00,255.7899932861328,256.05999755859375,254.7346954345703,255.2449951171875,8214973,255.66209828948976,255.91788828277586
2025-09-22 19:30:00+00:00,256.0899963378906,256.260009765625,255.61500549316406,255.80499267578125,9091926,255.9619513397217,256.21804133605957
2025-09-23 13:30:00+00:00,256.6173095703125,257.3399963378906,255.27999877929688,255.875,11263642,256.48900091552736,256.74561822509764
2025-09-23 14:30:00+00:00,256.1000061035156,256.70001220703125,255.00999450683594,256.6099853515625,5490061,255.97195610046387,256.22805610656735
2025-09-23 15:30:00+00:00,255.72689819335938,256.2099914550781,255.35000610351562,256.1300048828125,3232527,255.5990347442627,255.85476164245605
2025-09-23 16:30:00+00:00,254.6699981689453,255.85000610351562,254.39999389648438,255.7200927734375,2847437,254.54266316986084,254.79733316802978
2025-09-23 17:30:00+00:00,254.63999938964844,254.96099853515625,253.92999267578125,254.66000366210938,3617163,254.51267938995363,254.76731938934324
2025-09-23 18:30:00+00:00,254.16990661621094,254.83999633789062,253.58999633789062,254.63999938964844,17356326,254.04282166290284,254.29699156951904
2025-09-23 19:30:00+00:00,254.52999877929688,254.52999877929688,253.6699981689453,254.16000366210938,5076635,254.40273377990724,254.6572637786865
2025-09-24 13:30:00+00:00,252.6219940185547,255.72999572753906,252.0800018310547,255.22000122070312,6502958,252.49568302154543,252.74830501556394
2025-09-24 14:30:00+00:00,252.1199951171875,252.99000549316406,251.5399932861328,252.625,3291728,251.99393511962893,252.24605511474607
2025-09-24 15:30:00+00:00,252.1649932861328,252.25999450683594,251.0399932861328,252.1199951171875,3045221,252.03891078948976,252.29107578277586
2025-09-24 16:30:00+00:00,251.49000549316406,252.25999450683594,251.33999633789062,252.17140197753906,1637321,251.3642604904175,251.61575049591062
2025-09-24 17:30:00+00:00,251.76499938964844,252.11000061035156,251.27999877929688,251.51499938964844,1622724,251.63911688995364,251.89088188934323
2025-09-24 18:30:00+00:00,251.38999938964844,251.7899932861328,251.24000549316406,251.75,1680916,251.26430438995362,251.51569438934325
2025-09-24 19:30:00+00:00,252.24000549316406,252.49000549316406,251.2899932861328,251.38999938964844,2697400,252.1138854904175,252.36612549591064
2025-09-25 13:30:00+00:00,254.0,254.2899932861328,251.71200561523438,253.2050018310547,8503081,253.87300000000002,254.12699999999998
2025-09-25 14:30:00+00:00,253.50010681152344,254.1387939453125,253.02999877929688,254.00010681152344,3154957,253.3733567581177,253.62685686492918
2025-09-25 15:30:00+00:00,252.53030395507812,253.91000366210938,252.3000030517578,253.50010681152344,2473004,252.4040388031006,252.65656910705565
2025-09-25 16:30:00+00:00,253.5,253.8800048828125,252.5,252.5399932861328,2502302,253.37325,253.62675
2025-09-25 17:30:00+00:00,254.55999755859375,254.58999633789062,252.85000610351562,253.49000549316406,2634795,254.43271755981448,254.68727755737302
2025-09-25 18:30:00+00:00,256.9599914550781,257.1700134277344,254.22999572753906,254.5500030517578,7107739,256.8315114593506,257.0884714508056
2025-09-25 19:30:00+00:00,256.94000244140625,257.1099853515625,255.4199981689453,256.95001220703125,4610669,256.81153244018554,257.06847244262696
2025-09-26 13:30:00+00:00,255.02000427246094,256.6000061035156,253.77999877929688,254.1300048828125,8034498,254.89249427032473,255.14751427459714
2025-09-26 14:30:00+00:00,255.9700927734375,255.99000549316406,254.57119750976562,255.02000427246094,3714841,255.8421077270508,256.0980778198242
2025-09-26 15:30:00+00:00,255.6649932861328,256.0400085449219,254.86000061035156,255.97000122070312,2276774,255.53716078948975,255.79282578277588
2025-09-26 16:30:00+00:00,256.5199890136719,256.9750061035156,255.47999572753906,255.66000366210938,2086042,256.39172901916504,256.6482490081787
2025-09-26 17:30:00+00:00,256.55499267578125,257.3599853515625,255.86000061035156,256.5199890136719,2653513,256.42671517944336,256.68327017211914
2025-09-26 18:30:00+00:00,255.64500427246094,256.7298889160156,255.49000549316406,256.56500244140625,2089315,255.51718177032473,255.77282677459715
2025-09-26 19:30:00+00:00,255.4600067138672,255.64979553222656,254.89999389648438,255.63999938964844,3021515,255.33227671051026,255.58773671722412
2025-09-29 13:30:00+00:00,254.2198944091797,254.7899932861328,253.00999450683594,254.63999938964844,6306062,254.0927844619751,254.34700435638428
2025-09-29 14:30:00+00:00,253.47000122070312,254.24000549316406,253.30999755859375,254.2050018310547,2834864,253.3432662200928,253.59673622131345
2025-09-29 15:30:00+00:00,253.66000366210938,254.07000732421875,253.1199951171875,253.4665069580078,2275242,253.53317366027832,253.78683366394043
2025-09-29 16:30:00+00:00,253.39999389648438,253.7799072265625,253.2100067138672,253.6699981689453,1744854,253.27329389953616,253.5266938934326
2025-09-29 17:30:00+00:00,254.57000732421875,254.61500549316406,253.1300048828125,253.38999938964844,2297052,254.44272232055664,254.69729232788086
2025-09-29 18:30:00+00:00,253.99000549316406,254.60000610351562,253.61000061035156,254.57000732421875,2057798,253.8630104904175,254.11700049591062
2025-09-29 19:30:00+00:00,254.35000610351562,254.8300018310547,253.94000244140625,253.99000549316406,2513071,254.22283110046388,254.47718110656737
2025-09-30 13:30:00+00:00,254.88619995117188,255.91900634765625,253.9600067138672,254.8249969482422,5093340,254.7587568511963,255.01364305114745
2025-09-30 14:30:00+00:00,254.22000122070312,255.6750030517578,253.82009887695312,254.91000366210938,2465164,254.09289122009278,254.34711122131347
2025-09-30 15:30:00+00:00,254.53509521484375,254.97000122070312,254.16009521484375,254.2100067138672,1531480,254.40782766723635,254.66236276245115
2025-09-30 16:30:00+00:00,253.73500061035156,254.6699981689453,253.31170654296875,254.55059814453125,1623333,253.6081331100464,253.86186811065673
2025-09-30 17:30:00+00:00,253.33999633789062,253.99000549316406,253.11000061035156,253.75999450683594,1664288,253.2133263397217,253.46666633605955
2025-09-30 18:30:00+00:00,253.9499969482422,254.24000549316406,253.27099609375,253.33999633789062,2061307,253.82302194976808,254.0769719467163
2025-09-30 19:30:00+00:00,254.55999755859375,255.17999267578125,253.80999755859375,253.9600067138672,3030681,254.43271755981448,254.68727755737302
2025-10-01 13:30:00+00:00,256.1614074707031,258.7900085449219,254.9499969482422,255.0399932861328,9677443,256.0333267669678,256.2894881744385
2025-10-01 14:30:00+00:00,255.52450561523438,256.2590026855469,255.10000610351562,256.17999267578125,2972074,255.39674336242678,255.65226786804197
2025-10-01 15:30:00+00:00,256.1600036621094,256.9200134277344,255.50999450683594,255.5301055908203,2338742,256.0319236602783,256.2880836639404
2025-10-01 16:30:00+00:00,256.1404113769531,256.8298034667969,255.85499572753906,256.1636047363281,1826687,256.01234117126467,256.2684815826416
2025-10-01 17:30:00+00:00,256.4849853515625,256.6859130859375,256.05999755859375,256.1650085449219,10115926,256.3567428588867,256.6132278442383
2025-10-01 18:30:00+00:00,255.94000244140625,256.94000244140625,255.8699951171875,256.4800109863281,2751615,255.81203244018556,256.06797244262697
2025-10-01 19:30:00+00:00,255.41000366210938,256.1400146484375,255.27999877929688,255.94000244140625,4879162,255.28229866027834,255.5377086639404
2025-10-02 13:30:00+00:00,256.2200927734375,257.2349853515625,254.14999389648438,256.5899963378906,11570169,256.0919827270508,256.3482028198242
2025-10-02 14:30:00+00:00,257.1650085449219,257.6400146484375,255.97000122070312,256.2300109863281,4800305,257.0364260406494,257.29359104919433
2025-10-02 15:30:00+00:00,257.3450012207031,258.17999267578125,256.72100830078125,257.1499938964844,4388406,257.2163287200928,257.47367372131345
2025-10-02 16:30:00+00:00,257.4100036621094,257.8226013183594,257.1138916015625,257.3450012207031,2290319,257.2812986602783,257.53870866394044
2025-10-02 17:30:00+00:00,257.8800048828125,257.9100036621094,257.0299987792969,257.3900146484375,2476632,257.75106488037113,258.00894488525387
2025-10-02 18:30:00+00:00,257.510009765625,258.1600036621094,257.375,257.8699951171875,4612702,257.3812547607422,257.6387647705078
2025-10-02 19:30:00+00:00,257.1400146484375,257.875,256.8800048828125,257.510009765625,5100991,257.0114446411133,257.2685846557617
2025-10-03 13:30:00+00:00,257.8500061035156,259.0400085449219,253.9600067138672,254.6649932861328,16311886,257.7210811004639,257.97893110656736
2025-10-03 14:30:00+00:00,258.510009765625,258.739990234375,257.5199890136719,257.8599853515625,4452948,258.3807547607422,258.6392647705078
2025-10-03 15:30:00+00:00,258.5487060546875,259.239990234375,258.2571105957031,258.4930114746094,4828730,258.4194317016602,258.6779804077148
2025-10-03 16:30:00+00:00,258.30999755859375,258.92999267578125,258.1199951171875,258.5400085449219,3408741,258.1808425598145,258.439152557373
2025-10-03 17:30:00+00:00,258.3699951171875,258.5899963378906,256.9599914550781,258.29998779296875,5459239,258.2408101196289,258.4991801147461
2025-10-03 18:30:00+00:00,257.9200134277344,258.5849914550781,257.8500061035156,258.3699951171875,3050327,257.79105342102054,258.0489734344482
2025-10-03 19:30:00+00:00,258.0150146484375,258.260009765625,257.40350341796875,257.9200134277344,4468054,257.8860071411133,258.1440221557617
2025-10-06 13:30:00+00:00,257.7799987792969,259.07000732421875,255.0500030517578,257.94500732421875,11669158,257.65110877990725,257.9088887786865
2025-10-06 14:30:00+00:00,257.5513000488281,257.9800109863281,257.2799987792969,257.79998779296875,3447400,257.4225243988037,257.68007569885253
2025-10-06 15:30:00+00:00,257.1300048828125,257.6700134277344,256.7699890136719,257.56500244140625,3501833,257.0014398803711,257.2585698852539
2025-10-06 16:30:00+00:00,256.55999755859375,257.4800109863281,256.1304931640625,257.1300048828125,2877222,256.43171755981444,256.68827755737306
2025-10-06 17:30:00+00:00,256.18499755859375,256.68121337890625,255.5,256.54998779296875,5922536,256.0569050598145,256.313090057373
2025-10-06 18:30:00+00:00,256.510009765625,256.6600036621094,256.06500244140625,256.1802062988281,2693724,256.3817547607422,256.6382647705078
2025-10-06 19:30:00+00:00,256.6499938964844,257.25,256.4599914550781,256.510009765625,3577742,256.52166889953617,256.7783188934326
2025-10-07 13:30:00+00:00,256.67999267578125,257.3999938964844,256.2799987792969,256.82000732421875,6425357,256.55165267944335,256.80833267211915
2025-10-07 14:30:00+00:00,256.3789978027344,257.10791015625,255.60000610351562,256.6700134277344,4531854,256.250808303833,256.5071873016357
2025-10-07 15:30:00+00:00,256.3384094238281,256.84979248046875,255.88999938964844,256.3900146484375,3693772,256.2102402191162,256.46657862854005
2025-10-07 16:30:00+00:00,255.88999938964844,256.6600036621094,255.75430297851562,256.3299865722656,2335693,255.76205438995362,256.01794438934326
2025-10-07 17:30:00+00:00,256.06988525390625,256.1499938964844,255.42999267578125,255.86000061035156,2294433,255.94185031127932,256.1979201965332
2025-10-07 18:30:00+00:00,256.0199890136719,256.301513671875,255.91009521484375,256.07000732421875,2361474,255.89197901916506,256.1479990081787
2025-10-07 19:30:00+00:00,256.489990234375,256.6199951171875,255.9199981689453,256.0199890136719,3978516,256.3617452392578,256.6182352294922
2025-10-08 13:30:00+00:00,257.8399963378906,258.19000244140625,256.1099853515625,256.5299987792969,8459277,257.71107633972167,257.9689163360596
2025-10-08 14:30:00+00:00,258.0400085449219,258.4549865722656,257.20001220703125,257.8599853515625,4427277,257.91098854064944,258.1690285491943
2025-10-08 15:30:00+00:00,258.20001220703125,258.5199890136719,257.55999755859375,258.05499267578125,2832234,258.07091220092775,258.32911221313475
2025-10-08 16:30:00+00:00,257.92498779296875,258.32501220703125,257.625,258.19000244140625,2099955,257.79602529907226,258.05395028686524
2025-10-08 17:30:00+00:00,257.9150085449219,258.20001220703125,257.6499938964844,257.92498779296875,2280625,257.78605104064945,258.0439660491943
2025-10-08 18:30:00+00:00,258.25,258.42999267578125,257.739990234375,257.8999938964844,2564469,258.120875,258.379125
2025-10-08 19:30:00+00:00,258.0299987792969,258.489990234375,257.8800048828125,258.239990234375,4214118,257.9009837799072,258.15901377868653
2025-10-09 13:30:00+00:00,254.9199981689453,258.0,254.77499389648438,257.8999938964844,8679018,254.79253816986085,255.04745816802978
2025-10-09 14:30:00+00:00,254.63999938964844,255.22300720214844,254.57000732421875,254.9080047607422,4040438,254.51267938995363,254.76731938934324
2025-10-09 15:30:00+00:00,253.99000549316406,254.75999450683594,253.75,254.6199951171875,4627197,253.8630104904175,254.11700049591062
2025-10-09 16:30:00+00:00,253.39999389648438,254.0500030517578,253.17999267578125,254.0,2685602,253.27329389953616,253.5266938934326
2025-10-09 17:30:00+00:00,253.43499755859375,253.86000061035156,253.14019775390625,253.39500427246094,2427698,253.30828005981448,253.56171505737302
2025-10-09 18:30:00+00:00,253.77999877929688,254.11500549316406,253.32000732421875,253.4199981689453,3837383,253.65310877990723,253.90688877868652
2025-10-09 19:30:00+00:00,254.02999877929688,254.47000122070312,253.55999755859375,253.77499389648438,4519796,253.90298377990723,254.15701377868652
2025-10-10 13:30:00+00:00,255.02059936523438,256.3800048828125,254.42999267578125,255.0399932861328,7268562,254.89308906555178,255.14810966491697
2025-10-10 14:30:00+00:00,249.1199951171875,255.33999633789062,248.9199981689453,255.0399932861328,10177254,248.99543511962892,249.24455511474608
2025-10-10 15:30:00+00:00,248.61000061035156,250.02999877929688,247.75999450683594,249.10000610351562,7499781,248.4856956100464,248.73430561065672
2025-10-10 16:30:00+00:00,247.80999755859375,249.05999755859375,247.05999755859375,248.58999633789062,4394995,247.68609255981445,247.93390255737305
2025-10-10 17:30:00+00:00,247.16000366210938,248.57000732421875,247.0800018310547,247.77000427246094,4882982,247.03642366027833,247.28358366394042
2025-10-10 18:30:00+00:00,246.1649932861328,247.30999755859375,245.81500244140625,247.13710021972656,5426839,246.04191078948975,246.28807578277588
2025-10-10 19:30:00+00:00,245.27999877929688,246.99000549316406,244.57000732421875,246.1699981689453,8519891,245.15735877990724,245.4026387786865
2025-10-13 13:30:00+00:00,246.37600708007812,249.49000549316406,245.55999755859375,249.3800048828125,9359382,246.2528190765381,246.49919508361816
2025-10-13 14:30:00+00:00,248.59030151367188,248.65989685058594,246.22999572753906,246.3699951171875,5816790,248.46600636291504,248.7145966644287
2025-10-13 15:30:00+00:00,249.17999267578125,249.6199951171875,248.36000061035156,248.6199951171875,3115587,249.05540267944338,249.30458267211912
2025-10-13 16:30:00+00:00,249.1042022705078,249.68930053710938,248.5500030517578,249.1699981689453,2298264,248.97965016937258,249.22875437164305
2025-10-13 17:30:00+00:00,249.1461944580078,249.32000732421875,248.68800354003906,249.08999633789062,2175748,249.02162136077882,249.2707675552368
2025-10-13 18:30:00+00:00,248.32000732421875,249.24000549316406,248.1300048828125,249.13999938964844,2310709,248.19584732055665,248.44416732788085
2025-10-13 19:30:00+00:00,247.58999633789062,248.58999633789062,247.3300018310547,248.32000732421875,3786722,247.4662013397217,247.71379133605956
2025-10-14 13:30:00+00:00,247.02000427246094,247.22999572753906,244.6999969482422,246.61500549316406,6901149,246.89649427032472,247.14351427459715
2025-10-14 14:30:00+00:00,246.21400451660156,247.74989318847656,246.1199951171875,247.0,3292430,246.09089751434328,246.33711151885984
2025-10-14 15:30:00+00:00,247.38999938964844,247.75,246.1699981689453,246.22999572753906,2724013,247.26630438995363,247.51369438934324
2025-10-14 16:30:00+00:00,247.79800415039062,248.035400390625,247.38499450683594,247.38999938964844,2048766,247.67410514831545,247.9219031524658
2025-10-14 17:30:00+00:00,247.48500061035156,247.82000732421875,247.17999267578125,247.80999755859375,2132596,247.3612581100464,247.60874311065672
2025-10-14 18:30:00+00:00,248.4199981689453,248.75,247.14439392089844,247.49000549316406,3822730,248.29578816986086,248.54420816802977
2025-10-14 19:30:00+00:00,247.85000610351562,248.84500122070312,246.72999572753906,248.42999267578125,4482259,247.7260811004639,247.97393110656736
2025-10-15 13:30:00+00:00,250.85000610351562,251.82000732421875,248.63999938964844,249.3800048828125,8163531,250.7245811004639,250.97543110656736
2025-10-15 14:30:00+00:00,249.85989379882812,251.4691925048828,249.8000030517578,250.8699951171875,3430819,249.7349638519287,249.98482374572754
2025-10-15 15:30:00+00:00,249.77499389648438,250.04969787597656,248.72000122070312,249.82000732421875,2879510,249.65010639953616,249.8998813934326
2025-10-15 16:30:00+00:00,248.0904998779297,249.9499053955078,247.47999572753906,249.77999877929688,2290291,247.96645462799074,248.21454512786863
2025-10-15 17:30:00+00:00,249.64700317382812,249.8000030517578,248.0500030517578,248.10499572753906,1934212,249.52217967224124,249.771826675415
2025-10-15 18:30:00+00:00,249.9199981689453,250.10000610351562,249.47999572753906,249.64999389648438,2139459,249.79503816986085,250.04495816802978
2025-10-15 19:30:00+00:00,249.42999267578125,250.07000732421875,248.1699981689453,249.92999267578125,4229173,249.30527767944338,249.55470767211912
2025-10-16 13:30:00+00:00,247.50999450683594,248.3800048828125,246.6199951171875,248.27000427246094,9564057,247.38623950958254,247.63374950408934
2025-10-16 14:30:00+00:00,248.23500061035156,249.0399932861328,247.48170471191406,247.49000549316406,4826932,248.1108831100464,248.35911811065674
2025-10-16 15:30:00+00:00,247.72000122070312,248.66310119628906,247.03500366210938,248.1699981689453,3305994,247.5961412200928,247.84386122131346
2025-10-16 16:30:00+00:00,247.22000122070312,247.75,246.0399932861328,247.70010375976562,4045208,247.09639122009278,247.34361122131347
2025-10-16 17:30:00+00:00,245.66000366210938,247.4199981689453,245.25999450683594,247.22000122070312,3995746,245.53717366027834,245.7828336639404
2025-10-16 18:30:00+00:00,246.5500030517578,247.02000427246094,245.1300048828125,245.63999938964844,3603265,246.42672805023196,246.67327805328367
2025-10-16 19:30:00+00:00,247.42999267578125,247.91000366210938,246.35000610351562,246.55999755859375,3734949,247.30627767944338,247.55370767211912
2025-10-17 13:30:00+00:00,249.5601043701172,250.32000732421875,247.27000427246094,248.02000427246094,11142993,249.43532431793216,249.68488442230222
2025-10-17 14:30:00+00:00,248.47999572753906,249.86000061035156,248.22999572753906,249.6439971923828,3459331,248.3557557296753,248.60423572540282
2025-10-17 15:30:00+00:00,250.29649353027344,250.35000610351562,248.09719848632812,248.47999572753906,4277714,250.17134528350832,250.42164177703856
2025-10-17 16:30:00+00:00,250.81500244140625,251.36000061035156,250.27520751953125,250.29330444335938,6063960,250.68959494018557,250.94040994262693
2025-10-17 17:30:00+00:00,252.3000030517578,252.53500366210938,250.2449951171875,250.8000030517578,3952984,252.17385305023194,252.42615305328368
2025-10-17 18:30:00+00:00,252.75999450683594,252.82000732421875,251.6999969482422,252.2823944091797,3982655,252.63361450958254,252.88637450408933
2025-10-17 19:30:00+00:00,252.3000030517578,253.3800048828125,252.1199951171875,252.75,7247788,252.17385305023194,252.42615305328368
2025-10-20 13:30:00+00:00,259.5050048828125,259.8699951171875,255.6300048828125,255.88499450683594,19526731,259.3752523803711,259.6347573852539
2025-10-20 14:30:00+00:00,262.57000732421875,263.54998779296875,259.07000732421875,259.489990234375,20690049,262.4387223205567,262.7012923278808
2025-10-20 15:30:00+00:00,263.489990234375,264.375,262.4175109863281,262.54998779296875,13764809,263.3582452392578,263.6217352294922
2025-10-20 16:30:00+00:00,263.1650085449219,264.2099914550781,262.6499938964844,263.4800109863281,8089517,263.03342604064943,263.2965910491943
2025-10-20 17:30:00+00:00,263.7300109863281,263.8299865722656,262.7900085449219,263.17999267578125,4756799,263.598145980835,263.86187599182125
2025-10-20 18:30:00+00:00,263.4200134277344,263.80999755859375,263.0400085449219,263.739990234375,5423277,263.28830342102054,263.5517234344482
2025-10-20 19:30:00+00:00,262.2300109863281,263.8500061035156,261.92999267578125,263.44000244140625,8021467,262.098895980835,262.36112599182127
2025-10-21 13:30:00+00:00,263.4999084472656,265.2900085449219,261.8800048828125,261.8800048828125,17003580,263.368158493042,263.63165840148923
2025-10-21 14:30:00+00:00,263.6619873046875,263.8299865722656,262.510009765625,263.4599914550781,4721265,263.53015631103517,263.79381829833983
2025-10-21 15:30:00+00:00,263.1700134277344,264.5350036621094,263.0801086425781,263.6700134277344,5514253,263.0384284210205,263.30159843444824
2025-10-21 16:30:00+00:00,263.3265075683594,263.6799011230469,262.8475036621094,263.1600036621094,2671606,263.1948443145752,263.45817082214353
2025-10-21 17:30:00+00:00,263.44989013671875,264.04998779296875,262.1499938964844,263.3258056640625,3718095,263.3181651916504,263.5816150817871
2025-10-21 18:30:00+00:00,263.0849914550781,263.7381896972656,262.95001220703125,263.4495849609375,3430980,262.9534489593506,263.2165339508056
2025-10-21 19:30:00+00:00,262.8399963378906,263.2099914550781,262.4700012207031,263.0950012207031,3493018,262.7085763397217,262.9714163360596
2025-10-22 13:30:00+00:00,260.0498962402344,262.8500061035156,259.7200012207031,262.7900085449219,9155667,259.9198712921143,260.17992118835446
2025-10-22 14:30:00+00:00,258.4299011230469,261.1300048828125,257.6401062011719,260.0,5930214,258.30068617248537,258.5591160736084
2025-10-22 15:30:00+00:00,258.54998779296875,259.489990234375,258.04998779296875,258.45001220703125,3763921,258.4207127990723,258.6792627868652
2025-10-22 16:30:00+00:00,256.69140625,258.7699890136719,256.29998779296875,258.54998779296875,4679141,256.563060546875,256.819751953125
2025-10-22 17:30:00+00:00,256.5509948730469,257.0798034667969,255.42999267578125,256.6700134277344,4221043,256.42271937561037,256.6792703704834
2025-10-22 18:30:00+00:00,257.510009765625,257.67999267578125,256.1400146484375,256.54998779296875,3195141,257.3812547607422,257.6387647705078
2025-10-22 19:30:00+00:00,258.42999267578125,258.80999755859375,257.42999267578125,257.5199890136719,4263522,258.3007776794434,258.5592076721191
2025-10-23 13:30:00+00:00,259.4798889160156,260.1799011230469,258.0101013183594,259.8900146484375,6251007,259.35014897155764,259.6096288604736
2025-10-23 14:30:00+00:00,259.3999938964844,259.67999267578125,258.7300109863281,259.4200134277344,2852790,259.27029389953617,259.5296938934326
2025-10-23 15:30:00+00:00,260.0400085449219,260.6199035644531,259.0834045410156,259.3999938964844,3168121,259.9099885406494,260.17002854919434
2025-10-23 16:30:00+00:00,259.8599853515625,260.54998779296875,259.5199890136719,260.04998779296875,2574209,259.7300553588867,259.9899153442383
2025-10-23 17:30:00+00:00,259.9700012207031,260.42498779296875,259.8299865722656,259.8800048828125,3320192,259.84001622009276,260.0999862213135
2025-10-23 18:30:00+00:00,259.8999938964844,260.0199890136719,259.6199951171875,259.9700012207031,2237171,259.7700438995361,260.02994389343263
2025-10-23 19:30:00+00:00,259.5799865722656,260.04998779296875,259.0799865722656,259.9100036621094,3143856,259.4501965789795,259.70977656555175
2025-10-24 13:30:00+00:00,260.94140625,261.6199951171875,259.17999267578125,261.19000244140625,7287527,260.810935546875,261.071876953125
2025-10-24 14:30:00+00:00,263.2799987792969,263.3599853515625,260.7900085449219,260.94000244140625,5490920,263.14835877990726,263.4116387786865
2025-10-24 15:30:00+00:00,263.5799865722656,264.0299987792969,262.95001220703125,263.2900085449219,4458666,263.4481965789795,263.71177656555176
2025-10-24 16:30:00+00:00,263.6099853515625,263.7099914550781,262.8500061035156,263.5899963378906,2930456,263.47818035888673,263.74179034423827
2025-10-24 17:30:00+00:00,264.0199890136719,264.1300048828125,263.4100036621094,263.6099853515625,2843868,263.8879790191651,264.1519990081787
2025-10-24 18:30:00+00:00,263.5,264.1000061035156,263.1499938964844,264.0249938964844,3187549,263.36825,263.63175
2025-10-24 19:30:00+00:00,262.739990234375,263.6600036621094,262.1300048828125,263.510009765625,4742484,262.60862023925785,262.87136022949215
2025-10-27 13:30:00+00:00,265.7300109863281,267.04998779296875,264.65008544921875,264.8800048828125,9319511,265.59714598083497,265.8628759918213
2025-10-27 14:30:00+00:00,265.7099914550781,266.4200134277344,265.19500732421875,265.739990234375,4050852,265.5771364593506,265.84284645080567
2025-10-27 15:30:00+00:00,265.92999267578125,266.0899963378906,265.04998779296875,265.7099914550781,3517895,265.7970276794434,266.0629576721191
2025-10-27 16:30:00+00:00,265.6199951171875,266.125,265.510009765625,265.94000244140625,3331147,265.4871851196289,265.7528051147461
2025-10-27 17:30:00+00:00,265.5950012207031,266.0150146484375,265.510009765625,265.6300048828125,2171755,265.4622037200928,265.72779872131343
2025-10-27 18:30:00+00:00,267.2749938964844,267.3999938964844,265.4700012207031,265.5899963378906,4259189,267.14135639953616,267.4086313934326
2025-10-27 19:30:00+00:00,268.739990234375,269.0799865722656,267.2099914550781,267.2699890136719,6996092,268.6056202392578,268.8743602294922
2025-10-28 13:30:00+00:00,268.6499938964844,269.8699951171875,268.25,269.135009765625,11832766,268.51566889953614,268.7843188934326
2025-10-28 14:30:00+00:00,268.69720458984375,269.1400146484375,268.1499938964844,268.6423034667969,3550384,268.56285598754886,268.83155319213864
2025-10-28 15:30:00+00:00,268.9949951171875,269.0758056640625,268.3500061035156,268.69500732421875,2758052,268.8604976196289,269.1294926147461
2025-10-28 16:30:00+00:00,269.4949951171875,269.8699951171875,268.82000732421875,268.9800109863281,3503864,269.3602476196289,269.6297426147461
2025-10-28 17:30:00+00:00,269.0902099609375,269.4949951171875,268.79998779296875,269.4949951171875,3181670,268.955664855957,269.224755065918
2025-10-28 18:30:00+00:00,269.20001220703125,269.44000244140625,268.7799987792969,269.1050109863281,4120349,269.06541220092777,269.33461221313473
2025-10-28 19:30:00+00:00,269.0299987792969,269.3550109863281,268.6000061035156,269.20001220703125,5339653,268.89548377990724,269.1645137786865
2025-10-29 13:30:00+00:00,270.4200134277344,271.4100036621094,268.70001220703125,269.2749938964844,10209230,270.2848034210205,270.55522343444824
2025-10-29 14:30:00+00:00,267.6300048828125,270.44500732421875,267.51220703125,270.4100036621094,6247839,267.4961898803711,267.7638198852539
2025-10-29 15:30:00+00:00,268.6199951171875,268.8599853515625,267.1099853515625,267.6099853515625,4595121,268.4856851196289,268.7543051147461
2025-10-29 16:30:00+00:00,269.93011474609375,269.93011474609375,268.4700927734375,268.6029968261719,3066081,269.7951496887207,270.0650798034668
2025-10-29 17:30:00+00:00,270.80999755859375,270.8500061035156,269.7900085449219,269.8900146484375,4963178,270.67459255981447,270.94540255737303
2025-10-29 18:30:00+00:00,268.30999755859375,270.92999267578125,268.260009765625,270.7850036621094,5156103,268.17584255981444,268.44415255737306
2025-10-29 19:30:00+00:00,269.7300109863281,270.3800048828125,267.79998779296875,268.32000732421875,4325904,269.59514598083496,269.8648759918213
2025-10-30 13:30:00+00:00,269.0899963378906,274.1400146484375,268.989990234375,271.989990234375,8387840,268.9554513397217,269.22454133605953
2025-10-30 14:30:00+00:00,270.7900085449219,271.1700134277344,268.4800109863281,269.0899963378906,3886744,270.65461354064945,270.9254035491943
2025-10-30 15:30:00+00:00,272.010009765625,272.3900146484375,270.2630920410156,270.7799987792969,3869786,271.8740047607422,272.1460147705078
2025-10-30 16:30:00+00:00,271.95001220703125,272.06781005859375,271.0400085449219,272.0,2409548,271.81403720092777,272.08598721313473
2025-10-30 17:30:00+00:00,271.75,272.29998779296875,271.2799987792969,271.95001220703125,3435055,271.614125,271.885875
2025-10-30 18:30:00+00:00,271.3399963378906,272.00799560546875,270.9949951171875,271.760009765625,3831349,271.2043263397217,271.47566633605953
2025-10-30 19:30:00+00:00,271.260009765625,271.6700134277344,271.04998779296875,271.3399963378906,5175619,271.1243797607422,271.3956397705078
2025-10-31 13:30:00+00:00,270.3800048828125,277.32000732421875,269.1600036621094,276.989990234375,17228178,270.2448148803711,270.5151948852539
2025-10-31 14:30:00+00:00,271.29998779296875,271.5599060058594,270.10009765625,270.42999267578125,4595066,271.16433779907226,271.43563778686524
2025-10-31 15:30:00+00:00,272.43499755859375,272.8584899902344,270.2200012207031,271.2998962402344,4301242,272.2987800598145,272.571215057373
2025-10-31 16:30:00+00:00,270.3487854003906,273.1700134277344,270.1499938964844,272.42999267578125,4005527,270.2136110076904,270.48395979309083
2025-10-31 17:30:00+00:00,271.80999755859375,272.0599060058594,270.1099853515625,270.3299865722656,2396660,271.6740925598145,271.945902557373
2025-10-31 18:30:00+00:00,272.1050109863281,272.17498779296875,271.2699890136719,271.7900085449219,2901733,271.968958480835,272.24106349182125
2025-10-31 19:30:00+00:00,270.25,272.6499938964844,269.9599914550781,272.1300048828125,6600568,270.11487500000004,270.38512499999996
2025-11-03 14:30:00+00:00,267.6300048828125,270.8299865722656,266.25,270.4200134277344,10223517,267.4961898803711,267.7638198852539
2025-11-03 15:30:00+00:00,266.6400146484375,268.2598876953125,266.5,267.6400146484375,3102546,266.5066946411133,266.7733346557617
2025-11-03 16:30:00+00:00,267.5350036621094,268.1499938964844,266.5223083496094,266.659912109375,2821699,267.40123616027836,267.6687711639404
2025-11-03 17:30:00+00:00,267.6780090332031,268.0,267.25,267.5199890136719,2034109,267.54417002868655,267.8118480377197
2025-11-03 18:30:00+00:00,267.30999755859375,268.6199951171875,267.30999755859375,267.70989990234375,2075268,267.1763425598145,267.443652557373
2025-11-03 19:30:00+00:00,267.6199951171875,267.7900085449219,266.9100036621094,267.32000732421875,2243434,267.48618511962894,267.75380511474606
2025-11-03 20:30:00+00:00,269.05999755859375,269.1099853515625,267.4599914550781,267.6300048828125,3383138,268.9254675598145,269.194527557373
2025-11-04 14:30:00+00:00,268.42999267578125,269.5899963378906,267.614990234375,268.24249267578125,9645778,268.29577767944335,268.56420767211915
2025-11-04 15:30:00+00:00,270.6099853515625,271.0,267.7099914550781,268.42999267578125,3278354,270.47468035888676,270.74529034423824
2025-11-04 16:30:00+00:00,270.010009765625,271.4859924316406,268.9800109863281,270.6400146484375,3846826,269.87500476074223,270.14501477050777
2025-11-04 17:30:00+00:00,270.6383972167969,270.92999267578125,269.8900146484375,270.0050048828125,2072453,270.5030780181885,270.77371641540526
2025-11-04 18:30:00+00:00,270.5104064941406,270.82000732421875,269.8699951171875,270.6099853515625,2562532,270.3751512908936,270.64566169738765
2025-11-04 19:30:00+00:00,270.09051513671875,270.6099853515625,269.2799987792969,270.5299987792969,2594188,269.9554698791504,270.2255603942871
2025-11-04 20:30:00+00:00,270.010009765625,270.4049987792969,269.5,270.1000061035156,3522552,269.87500476074223,270.14501477050777
2025-11-05 14:30:00+00:00,269.0101013183594,269.58990478515625,266.92999267578125,268.5899963378906,7995553,268.8755962677002,269.14460636901856
2025-11-05 15:30:00+00:00,270.2900085449219,270.3800048828125,268.760009765625,268.989990234375,2169435,270.15486354064944,270.4251535491943
2025-11-05 16:30:00+00:00,269.9700012207031,270.4700012207031,269.5,270.2799987792969,1631841,269.83501622009277,270.1049862213135
2025-11-05 17:30:00+00:00,270.1199951171875,270.7900085449219,269.92999267578125,269.9700012207031,1426592,269.9849351196289,270.2550551147461
2025-11-05 18:30:00+00:00,270.42999267578125,271.70001220703125,269.7699890136719,270.1099853515625,2651761,270.29477767944337,270.56520767211913
2025-11-05 19:30:00+00:00,269.6000061035156,271.5,269.5299987792969,270.4100036621094,2282746,269.4652061004639,269.73480610656736
2025-11-05 20:30:00+00:00,270.1099853515625,270.3999938964844,268.9949951171875,269.6099853515625,3567904,269.97493035888675,270.24504034423825
2025-11-06 14:30:00+00:00,272.82000732421875,272.82000732421875,267.8900146484375,267.8900146484375,6762187,272.68359732055666,272.95641732788084
2025-11-06 15:30:00+00:00,272.1814880371094,273.3999938964844,271.55010986328125,272.8280029296875,5580072,272.04539729309084,272.3175787811279
2025-11-06 16:30:00+00:00,271.42498779296875,272.2200012207031,270.3900146484375,272.17999267578125,3198033,271.2892752990723,271.5607002868652
2025-11-06 17:30:00+00:00,271.3500061035156,272.46978759765625,270.9200134277344,271.4200134277344,2621839,271.2143311004639,271.48568110656737
2025-11-06 18:30:00+00:00,271.9901123046875,272.1600036621094,271.0203857421875,271.3699951171875,1783486,271.85411724853515,272.12610736083985
2025-11-06 19:30:00+00:00,271.2099914550781,272.20001220703125,270.7349853515625,272.0050048828125,2198935,271.0743864593506,271.34559645080566
2025-11-06 20:30:00+00:00,269.6400146484375,271.52020263671875,269.5950012207031,271.20001220703125,3825533,269.5051946411133,269.7748346557617
2025-11-07 14:30:00+00:00,271.5799865722656,272.2900085449219,267.2699890136719,269.7950134277344,7855390,271.44419657897953,271.7157765655517
2025-11-07 15:30:00+00:00,269.5299987792969,271.9700012207031,269.4800109863281,271.55999755859375,3991205,269.39523377990724,269.6647637786865
2025-11-07 16:30:00+00:00,269.1099853515625,269.8900146484375,268.32000732421875,269.5199890136719,3276263,268.97543035888674,269.24454034423826
2025-11-07 17:30:00+00:00,268.45001220703125,269.1400146484375,268.0588073730469,269.114990234375,2041690,268.31578720092773,268.58423721313477
2025-11-07 18:30:00+00:00,267.25,268.6600036621094,267.0950012207031,268.45001220703125,2217548,267.116375,267.383625
2025-11-07 19:30:00+00:00,267.7598876953125,268.5,266.7799987792969,267.260009765625,3921327,267.62600775146484,267.89376763916016
2025-11-07 20:30:00+00:00,268.4200134277344,268.5799865722656,267.69000244140625,267.760009765625,3271221,268.28580342102055,268.5542234344482
2025-11-10 14:30:00+00:00,271.85699462890625,273.7300109863281,268.95001220703125,268.95001220703125,7030981,271.72106613159184,271.99292312622066
2025-11-10 15:30:00+00:00,269.06640625,271.989990234375,269.04998779296875,271.8299865722656,3083676,268.931873046875,269.200939453125
2025-11-10 16:30:00+00:00,269.0799865722656,269.7587890625,268.489990234375,269.0400085449219,2346213,268.9454465789795,269.21452656555175
2025-11-10 17:30:00+00:00,269.7300109863281,270.2300109863281,269.010009765625,269.07000732421875,1807442,269.59514598083496,269.8648759918213
2025-11-10 18:30:00+00:00,269.6600036621094,270.3077087402344,267.4549865722656,269.7099914550781,3188667,269.5251736602783,269.79483366394044
2025-11-10 19:30:00+00:00,269.11859130859375,269.80999755859375,269.04998779296875,269.6300048828125,2248210,268.98403201293945,269.25315060424805
2025-11-10 20:30:00+00:00,269.3599853515625,269.6000061035156,268.760009765625,269.1000061035156,2892894,269.2253053588867,269.4946653442383
2025-11-11 14:30:00+00:00,274.1000061035156,274.739990234375,269.79998779296875,269.80999755859375,9244708,273.9629561004639,274.23705610656737
2025-11-11 15:30:00+00:00,272.5,274.3460998535156,272.42999267578125,274.1000061035156,3452496,272.36375000000004,272.63624999999996
2025-11-11 16:30:00+00:00,273.31500244140625,273.614990234375,271.7799987792969,272.510009765625,2525614,273.1783449401856,273.4516599426269
2025-11-11 17:30:00+00:00,274.4800109863281,274.70001220703125,273.0299987792969,273.3299865722656,2634766,274.342770980835,274.61725099182127
2025-11-11 18:30:00+00:00,275.32000732421875,275.6600036621094,274.1600036621094,274.489990234375,3455305,275.18234732055663,275.45766732788087
2025-11-11 19:30:00+00:00,275.25,275.760009765625,275.04998779296875,275.3299865722656,2653431,275.11237500000004,275.38762499999996
2025-11-11 20:30:00+00:00,275.29998779296875,275.8450012207031,274.79998779296875,275.239990234375,4039818,275.1623377990723,275.4376377868652
2025-11-12 14:30:00+00:00,272.94000244140625,275.239990234375,271.8699951171875,275.07501220703125,10718425,272.80353244018556,273.07647244262694
2025-11-12 15:30:00+00:00,274.6000061035156,274.6099853515625,272.54998779296875,272.9100036621094,3328165,274.4627061004639,274.73730610656736
2025-11-12 16:30:00+00:00,274.3900146484375,274.8500061035156,273.7250061035156,274.5899963378906,2104341,274.2528196411133,274.5272096557617
2025-11-12 17:30:00+00:00,274.9800109863281,275.1400146484375,274.1199951171875,274.3800048828125,1642127,274.842520980835,275.11750099182126
2025-11-12 18:30:00+00:00,274.45001220703125,275.7300109863281,274.42999267578125,274.989990234375,2013567,274.31278720092774,274.58723721313476
2025-11-12 19:30:00+00:00,274.04998779296875,274.69000244140625,273.5,274.45001220703125,2059500,273.91296279907226,274.18701278686524
2025-11-12 20:30:00+00:00,273.3999938964844,274.3999938964844,272.9700012207031,274.04998779296875,3569522,273.26329389953617,273.5366938934326
2025-11-13 14:30:00+00:00,273.7099914550781,276.6990051269531,273.2900085449219,274.2699890136719,10014720,273.5731364593506,273.84684645080563
2025-11-13 15:30:00+00:00,274.037109375,274.19000244140625,272.17999267578125,273.7001037597656,3931506,273.9000908203125,274.1741279296875
2025-11-13 16:30:00+00:00,272.8599853515625,274.4898986816406,272.4599914550781,274.0299987792969,2339844,272.72355535888676,272.99641534423824
2025-11-13 17:30:00+00:00,272.5700988769531,273.32000732421875,272.5,272.8399963378906,1922883,272.43381382751465,272.7063839263916
2025-11-13 18:30:00+00:00,273.5299987792969,273.8500061035156,272.1000061035156,272.55999755859375,3060900,273.39323377990723,273.6667637786865
2025-11-13 19:30:00+00:00,273.03961181640625,273.69000244140625,272.5450134277344,273.5350036621094,2603044,272.9030920104981,273.1761316223144
2025-11-13 20:30:00+00:00,273.0400085449219,273.6000061035156,272.5,273.0299987792969,3833036,272.90348854064945,273.1765285491943
2025-11-14 14:30:00+00:00,273.7591857910156,273.8900146484375,269.6000061035156,271.04998779296875,10617822,273.62230619812016,273.8960653839111
2025-11-14 15:30:00+00:00,274.6499938964844,274.6499938964844,273.20001220703125,273.7699890136719,3569903,274.51266889953615,274.7873188934326
2025-11-14 16:30:00+00:00,275.7049865722656,275.9200134277344,273.54998779296875,274.6449890136719,4251993,275.5671340789795,275.84283906555174
2025-11-14 17:30:00+00:00,274.5849914550781,275.95831298828125,274.2300109863281,275.7099914550781,1963757,274.4476989593506,274.72228395080566
2025-11-14 18:30:00+00:00,273.9599914550781,274.760009765625,273.8399963378906,274.57000732421875,1593851,273.8230114593506,274.09697145080565
2025-11-14 19:30:00+00:00,272.989990234375,274.25,272.8900146484375,273.9700012207031,2106336,272.8534952392578,273.1264852294922
2025-11-14 20:30:00+00:00,272.54998779296875,273.260009765625,272.1700134277344,272.9700012207031,3210889,272.4137127990723,272.6862627868652
2025-11-17 14:30:00+00:00,269.2799987792969,270.489990234375,267.0,268.7200012207031,8509806,269.14535877990727,269.4146387786865
2025-11-17 15:30:00+00:00,267.8799133300781,269.3900146484375,266.6499938964844,269.2300109863281,3379761,267.7459733734131,268.01385328674314
2025-11-17 16:30:00+00:00,268.9200134277344,269.54998779296875,267.82000732421875,267.8500061035156,2089997,268.7855534210205,269.05447343444825
2025-11-17 17:30:00+00:00,267.7799987792969,269.3500061035156,267.44000244140625,268.94000244140625,1923442,267.64610877990725,267.9138887786865
2025-11-17 18:30:00+00:00,267.2900085449219,268.3399963378906,266.8599853515625,267.7699890136719,2030991,267.1563635406494,267.42365354919434
2025-11-17 19:30:00+00:00,266.44000244140625,267.3800048828125,265.7300109863281,267.2950134277344,2737988,266.30678244018554,266.57322244262696
2025-11-17 20:30:00+00:00,267.4599914550781,267.5799865722656,266.19000244140625,266.44000244140625,3487816,267.3262614593506,267.5937214508057
2025-11-18 14:30:00+00:00,267.6499938964844,270.7049865722656,265.32000732421875,269.9150085449219,8219985,267.5161688995361,267.7838188934326
2025-11-18 15:30:00+00:00,267.8399963378906,268.1199951171875,266.02801513671875,267.6650085449219,3521812,267.7060763397217,267.9739163360596
2025-11-18 16:30:00+00:00,267.1650085449219,268.3380126953125,267.1400146484375,267.8399963378906,2742457,267.0314260406494,267.29859104919433
2025-11-18 17:30:00+00:00,268.45001220703125,268.92999267578125,266.42999267578125,267.1600036621094,2282519,268.31578720092773,268.58423721313477
2025-11-18 18:30:00+00:00,268.03448486328125,269.2200012207031,267.9599914550781,268.45001220703125,2176560,267.9004676208496,268.1685021057129
2025-11-18 19:30:00+00:00,268.28021240234375,268.92498779296875,267.67999267578125,268.04998779296875,2115137,268.1460722961426,268.4143525085449
2025-11-18 20:30:00+00:00,267.510009765625,268.42999267578125,267.3299865722656,268.29998779296875,3127789,267.3762547607422,267.6437647705078
2025-11-19 14:30:00+00:00,271.8500061035156,272.2099914550781,265.5,265.5249938964844,6778562,271.7140811004639,271.98593110656736
2025-11-19 15:30:00+00:00,269.7300109863281,272.010009765625,269.3200988769531,271.85009765625,2792346,269.59514598083496,269.8648759918213
2025-11-19 16:30:00+00:00,270.3999938964844,270.6549987792969,269.5299987792969,269.75,2001030,270.26479389953613,270.5351938934326
2025-11-19 17:30:00+00:00,270.0299987792969,271.30999755859375,269.6199951171875,270.4599914550781,2049762,269.89498377990725,270.1650137786865
2025-11-19 18:30:00+00:00,269.6700134277344,271.010009765625,269.6300048828125,270.010009765625,1644126,269.53517842102053,269.8048484344482
2025-11-19 19:30:00+00:00,270.0350036621094,270.7349853515625,269.1700134277344,269.6700134277344,2137859,269.89998616027833,270.1700211639404
2025-11-19 20:30:00+00:00,268.54998779296875,270.3299865722656,268.1400146484375,270.0,3516386,268.41571279907225,268.68426278686525
2025-11-20 14:30:00+00:00,273.9049987792969,275.42999267578125,270.80999755859375,270.80999755859375,7869887,273.76804627990725,274.0419512786865
2025-11-20 15:30:00+00:00,271.7799987792969,274.7300109863281,271.6199951171875,273.9100036621094,2856925,271.64410877990724,271.9158887786865
2025-11-20 16:30:00+00:00,268.94000244140625,271.7799987792969,268.04998779296875,271.7799987792969,4056106,268.8055324401856,269.0744724426269
2025-11-20 17:30:00+00:00,268.80999755859375,269.25,267.0201110839844,268.8699951171875,2981937,268.67559255981445,268.94440255737305
2025-11-20 18:30:00+00:00,267.7950134277344,268.92999267578125,266.3599853515625,268.7900085449219,2392389,267.6611159210205,267.92891093444825
2025-11-20 19:30:00+00:00,267.32000732421875,267.9100036621094,267.0,267.7799987792969,2094448,267.18634732055665,267.45366732788085
2025-11-20 20:30:00+00:00,266.3800048828125,267.5799865722656,265.9200134277344,267.32000732421875,3489586,266.2468148803711,266.5131948852539
2025-11-21 14:30:00+00:00,269.8500061035156,270.45001220703125,265.82000732421875,265.8800048828125,10658658,269.71508110046386,269.9849311065674
2025-11-21 15:30:00+00:00,270.8999938964844,271.4700012207031,269.2200012207031,269.7900085449219,4761138,270.76454389953614,271.0354438934326
2025-11-21 16:30:00+00:00,270.54998779296875,271.1199951171875,269.80999755859375,270.8900146484375,2949033,270.4147127990723,270.6852627868652
2025-11-21 17:30:00+00:00,270.9800109863281,271.6000061035156,270.20001220703125,270.6300048828125,2023820,270.844520980835,271.11550099182125
2025-11-21 18:30:00+00:00,272.6099853515625,273.31500244140625,270.864990234375,270.9800109863281,3562846,272.4736803588867,272.7462903442383
2025-11-21 19:30:00+00:00,271.3699951171875,273.2799987792969,271.3500061035156,272.57501220703125,3135966,271.2343101196289,271.5056801147461
2025-11-21 20:30:00+00:00,271.5,272.1300048828125,270.5899963378906,271.3500061035156,4300075,271.36425,271.63575
2025-11-24 14:30:00+00:00,273.0950012207031,275.9200134277344,270.8999938964844,270.8999938964844,7995693,272.9584537200928,273.23154872131346
2025-11-24 15:30:00+00:00,275.0,275.38958740234375,272.6499938964844,273.0799865722656,3612728,274.8625,275.1375
2025-11-24 16:30:00+00:00,274.8500061035156,275.2699890136719,274.44000244140625,274.9700012207031,2583089,274.71258110046386,274.9874311065674
2025-11-24 17:30:00+00:00,276.1199951171875,276.510009765625,274.75,274.8500061035156,3404232,275.98193511962893,276.25805511474607
2025-11-24 18:30:00+00:00,276.2195129394531,276.45001220703125,275.8500061035156,276.1199951171875,2440121,276.0814031829834,276.3576226959228
2025-11-24 19:30:00+00:00,276.4750061035156,276.6549987792969,275.3550109863281,276.2300109863281,2989562,276.33676860046387,276.6132436065674
2025-11-24 20:30:00+00:00,275.9800109863281,276.9800109863281,275.1099853515625,276.4700012207031,4904039,275.842020980835,276.11800099182125
2025-11-25 14:30:00+00:00,278.9049987792969,280.3800048828125,275.2699890136719,275.29998779296875,9723608,278.76554627990726,279.0444512786865
2025-11-25 15:30:00+00:00,277.8299865722656,279.6300048828125,277.7799987792969,278.8900146484375,2840433,277.6910715789795,277.96890156555173
2025-11-25 16:30:00+00:00,279.0700988769531,279.30999755859375,277.5,277.82000732421875,2504679,278.9305638275147,279.2096339263916
2025-11-25 17:30:00+00:00,278.760009765625,279.3699951171875,278.2300109863281,279.0899963378906,1925113,278.6206297607422,278.8993897705078
2025-11-25 18:30:00+00:00,278.0350036621094,278.7799987792969,277.7900085449219,278.7650146484375,1727727,277.8959861602783,278.17402116394044
2025-11-25 19:30:00+00:00,277.56500244140625,278.1449890136719,277.49749755859375,278.0400085449219,1909795,277.42621994018555,277.70378494262695
2025-11-25 20:30:00+00:00,276.95001220703125,278.0,276.8599853515625,277.55999755859375,2448205,276.8115372009278,277.0884872131347
2025-11-26 14:30:00+00:00,277.80999755859375,279.0474853515625,276.6300048828125,276.9599914550781,5086107,277.6710925598145,277.948902557373
2025-11-26 15:30:00+00:00,279.0101013183594,279.1400146484375,276.80999755859375,277.7900085449219,2510611,278.8705962677002,279.14960636901856
2025-11-26 16:30:00+00:00,279.0790100097656,279.5299987792969,278.8699951171875,279.0299987792969,2586354,278.9394705047608,279.2185495147705
2025-11-26 17:30:00+00:00,278.54998779296875,279.2900085449219,278.0950012207031,279.07000732421875,1871279,278.41071279907226,278.68926278686524
2025-11-26 18:30:00+00:00,278.260009765625,278.581787109375,277.92498779296875,278.55999755859375,1426945,278.1208797607422,278.3991397705078
2025-11-26 19:30:00+00:00,278.0799865722656,278.94000244140625,278.010009765625,278.2601013183594,1953254,277.9409465789795,278.21902656555176
2025-11-26 20:30:00+00:00,277.4700012207031,278.29998779296875,277.1499938964844,278.07000732421875,9116002,277.3312662200928,277.60873622131345
2025-11-28 14:30:00+00:00,276.260009765625,278.23919677734375,276.0199890136719,277.260009765625,4040463,276.1218797607422,276.3981397705078
2025-11-28 15:30:00+00:00,276.25,276.9198913574219,275.989990234375,276.2900085449219,1743837,276.111875,276.388125
2025-11-28 16:30:00+00:00,277.04998779296875,277.16009521484375,275.98651123046875,276.2449951171875,1791406,276.9114627990723,277.1885127868652
2025-12-01 14:30:00+00:00,278.14208984375,278.7699890136719,276.1400146484375,278.1499938964844,5114373,278.0030187988281,278.2811608886719
2025-12-01 15:30:00+00:00,277.9200134277344,278.4801025390625,277.30499267578125,278.1000061035156,1731132,277.78105342102054,278.0589734344482
2025-12-01 16:30:00+00:00,279.7705078125,279.8900146484375,277.8900146484375,277.8999938964844,2091919,279.63062255859376,279.91039306640624
2025-12-01 17:30:00+00:00,280.58819580078125,280.6400146484375,279.4599914550781,279.7749938964844,2222347,280.44790170288087,280.72848989868163
2025-12-01 18:30:00+00:00,280.8900146484375,281.2200012207031,280.45001220703125,280.590087890625,2919865,280.7495696411133,281.0304596557617
2025-12-01 19:30:00+00:00,281.9100036621094,281.94000244140625,280.7099914550781,280.8800048828125,2916696,281.7690486602783,282.05095866394043
2025-12-01 20:30:00+00:00,283.32000732421875,283.4100036621094,281.7300109863281,281.9200134277344,5357873,283.17834732055667,283.46166732788083
2025-12-02 14:30:00+00:00,284.57000732421875,285.3089904785156,282.6300964355469,283.0,7878173,284.42772232055665,284.71229232788085
2025-12-02 15:30:00+00:00,285.5400085449219,287.3999938964844,284.1499938964844,284.5400085449219,6214915,285.3972385406494,285.6827785491943
2025-12-02 16:30:00+00:00,285.8699951171875,285.9999084472656,284.8299865722656,285.5400085449219,2847056,285.7270601196289,286.0129301147461
2025-12-02 17:30:00+00:00,285.2149963378906,286.3399963378906,284.94000244140625,285.8800048828125,2725658,285.07238883972167,285.3576038360596
2025-12-02 18:30:00+00:00,285.625,286.1300048828125,285.0150146484375,285.20001220703125,2146948,285.4821875,285.7678125
2025-12-02 19:30:00+00:00,286.239990234375,286.82000732421875,285.5801086425781,285.6000061035156,2898388,286.09687023925784,286.38311022949216
2025-12-02 20:30:00+00:00,286.2300109863281,286.6099853515625,285.7099914550781,286.239990234375,3132652,286.086895980835,286.37312599182127
2025-12-03 14:30:00+00:00,287.34051513671875,288.6099853515625,285.8999938964844,286.20001220703125,6627228,287.19684487915043,287.48418539428707
2025-12-03 15:30:00+00:00,286.4100036621094,287.5899963378906,285.75,287.32000732421875,3581593,286.2667986602783,286.55320866394044
2025-12-03 16:30:00+00:00,286.385009765625,286.82000732421875,285.5,286.4200134277344,2126959,286.2418172607422,286.5282022705078
2025-12-03 17:30:00+00:00,285.6792907714844,286.44000244140625,285.3399963378906,286.3500061035156,2127386,285.53645112609865,285.8221304168701
2025-12-03 18:30:00+00:00,285.2099914550781,285.94000244140625,284.8843078613281,285.67999267578125,1618603,285.0673864593506,285.35259645080566
2025-12-03 19:30:00+00:00,284.55499267578125,285.2499084472656,284.2749938964844,285.2300109863281,11158331,284.41271517944335,284.69727017211915
2025-12-03 20:30:00+00:00,284.1499938964844,284.70001220703125,283.5400085449219,284.54998779296875,0,284.00791889953615,284.2920688934326
2025-12-04 14:30:00+00:00,281.2250061035156,284.7300109863281,280.2699890136719,284.1099853515625,6410843,281.0843936004639,281.36561860656735
2025-12-04 15:30:00+00:00,280.2799987792969,281.6000061035156,279.80999755859375,281.2099914550781,2986361,280.13985877990723,280.4201387786865
2025-12-04 16:30:00+00:00,280.114990234375,280.9335021972656,279.93780517578125,280.2850036621094,2285394,279.97493273925784,280.25504772949216
2025-12-04 17:30:00+00:00,280.0050048828125,280.4866943359375,279.6400146484375,280.1300048828125,1806229,279.8650023803711,280.1450073852539
2025-12-04 18:30:00+00:00,278.8599853515625,280.1000061035156,278.5899963378906,279.989990234375,2574486,278.7205553588867,278.9994153442383
2025-12-04 19:30:00+00:00,280.125,280.7300109863281,278.82000732421875,278.8599853515625,2807996,279.9849375,280.2650625
2025-12-04 20:30:00+00:00,280.6499938964844,280.69000244140625,279.5799865722656,280.1199951171875,3165508,280.50966889953617,280.7903188934326
2025-12-05 14:30:00+00:00,280.4551086425781,281.1400146484375,279.2699890136719,280.5400085449219,4393145,280.31488108825687,280.5953361968994
2025-12-05 15:30:00+00:00,279.2950134277344,280.9800109863281,279.2900085449219,280.4599914550781,3579247,279.1553659210205,279.43466093444823
2025-12-05 16:30:00+00:00,278.31500244140625,279.3399963378906,278.114990234375,279.29998779296875,2319755,278.1758449401856,278.4541599426269
2025-12-05 17:30:00+00:00,279.44000244140625,279.4801025390625,278.04998779296875,278.31500244140625,1693305,279.3002824401856,279.5797224426269
2025-12-05 18:30:00+00:00,279.2337951660156,279.57000732421875,278.5849914550781,279.4800109863281,1553832,279.09417826843264,279.3734120635986
2025-12-05 19:30:00+00:00,278.8013916015625,279.29998779296875,278.5400085449219,279.2300109863281,1937238,278.66199090576174,278.94079229736326
2025-12-05 20:30:00+00:00,278.7900085449219,279.0249938964844,278.19000244140625,278.79998779296875,2719470,278.65061354064943,278.9294035491943
2025-12-08 14:30:00+00:00,277.55999755859375,279.6693115234375,277.45001220703125,278.1684875488281,6285926,277.42121755981447,277.69877755737303
2025-12-08 15:30:00+00:00,277.4599914550781,277.8800048828125,276.7049865722656,277.54998779296875,3326326,277.3212614593506,277.59872145080567
2025-12-08 16:30:00+00:00,277.2300109863281,277.8190002441406,277.0000915527344,277.4700012207031,1896481,277.091395980835,277.36862599182126
2025-12-08 17:30:00+00:00,276.9700012207031,277.84991455078125,276.8699951171875,277.2099914550781,1999024,276.8315162200928,277.10848622131346
2025-12-08 18:30:00+00:00,276.3599853515625,276.9494934082031,276.20001220703125,276.9494934082031,1825108,276.22180535888674,276.49816534423826
2025-12-08 19:30:00+00:00,276.92498779296875,276.9700012207031,276.1499938964844,276.3699951171875,2861661,276.7865252990723,277.0634502868652
2025-12-08 20:30:00+00:00,277.9599914550781,277.9849853515625,276.6600036621094,276.92999267578125,2613900,277.8210114593506,278.09897145080566
2025-12-09 14:30:00+00:00,277.70001220703125,280.0299987792969,277.3500061035156,277.8900146484375,5341504,277.56116220092775,277.83886221313475
2025-12-09 15:30:00+00:00,277.4100036621094,278.0,277.0299987792969,277.70001220703125,2290151,277.2712986602783,277.54870866394043
2025-12-09 16:30:00+00:00,277.875,278.1199951171875,277.20001220703125,277.4100036621094,1696929,277.7360625,278.0139375
2025-12-09 17:30:00+00:00,278.385009765625,278.739990234375,277.79998779296875,277.875,1988455,278.24581726074223,278.52420227050777
2025-12-09 18:30:00+00:00,278.69000244140625,278.8900146484375,278.1199951171875,278.385009765625,1262893,278.55065744018555,278.82934744262695
2025-12-09 19:30:00+00:00,277.864990234375,278.75,277.6499938964844,278.69000244140625,1906538,277.72605773925784,278.00392272949216
2025-12-09 20:30:00+00:00,277.2300109863281,278.25,276.9200134277344,277.864990234375,2737573,277.091395980835,277.36862599182126
2025-12-10 14:30:00+00:00,277.45001220703125,278.7929992675781,276.5849914550781,277.8699951171875,3868165,277.3112872009277,277.5887372131348
2025-12-10 15:30:00+00:00,278.2576904296875,278.2799987792969,276.44000244140625,277.4549865722656,1880040,278.1185615844727,278.3968192749023
2025-12-10 16:30:00+00:00,278.5264892578125,278.8900146484375,277.9750061035156,278.2300109863281,1611918,278.38722601318364,278.66575250244136
2025-12-10 17:30:00+00:00,278.1199951171875,279.2799987792969,278.0849914550781,278.5199890136719,1374275,277.9809351196289,278.2590551147461
2025-12-10 18:30:00+00:00,278.2200012207031,279.2200012207031,277.9100036621094,278.1199951171875,1631790,278.0808912200928,278.35911122131347
2025-12-10 19:30:00+00:00,278.9800109863281,279.75,277.70001220703125,278.2200012207031,2578278,278.840520980835,279.11950099182127
2025-12-10 20:30:00+00:00,278.7200012207031,279.3699951171875,278.5899963378906,278.989990234375,2242651,278.5806412200928,278.85936122131346
2025-12-11 14:30:00+00:00,276.1199951171875,279.5799865722656,273.80999755859375,279.0950012207031,6887208,275.98193511962893,276.25805511474607
2025-12-11 15:30:00+00:00,275.82501220703125,276.5899963378906,275.20001220703125,276.114990234375,2343607,275.6870997009278,275.9629247131347
2025-12-11 16:30:00+00:00,277.9049987792969,278.17999267578125,275.80999755859375,275.82000732421875,2412367,277.76604627990724,278.0439512786865
2025-12-11 17:30:00+00:00,277.5226135253906,278.3500061035156,277.3800048828125,277.9200134277344,1473658,277.38385221862796,277.6613748321533
2025-12-11 18:30:00+00:00,277.760009765625,278.2099914550781,277.510009765625,277.5249938964844,1432317,277.6211297607422,277.8988897705078
2025-12-11 19:30:00+00:00,278.0950012207031,278.2149963378906,277.59130859375,277.760009765625,1817634,277.9559537200928,278.23404872131346
2025-12-11 20:30:00+00:00,278.05999755859375,278.2099914550781,277.4700012207031,278.0899963378906,1985352,277.92096755981447,278.19902755737303
2025-12-12 14:30:00+00:00,277.8699951171875,279.2200012207031,276.9700927734375,277.0,3907328,277.7310601196289,278.0089301147461
2025-12-12 15:30:00+00:00,277.739990234375,278.8599853515625,277.44000244140625,277.8800048828125,3485545,277.60112023925785,277.87886022949215
2025-12-12 16:30:00+00:00,277.8550109863281,278.44000244140625,277.2807922363281,277.7699890136719,2096132,277.716083480835,277.99393849182127
2025-12-12 17:30:00+00:00,279.04998779296875,279.19000244140625,277.8349914550781,277.8349914550781,2564725,278.91046279907226,279.18951278686524
2025-12-12 18:30:00+00:00,277.95001220703125,279.04998779296875,277.7300109863281,279.0400085449219,2354465,277.81103720092773,278.08898721313477
2025-12-12 19:30:00+00:00,278.05499267578125,278.80999755859375,277.80999755859375,277.95001220703125,2391168,277.9159651794434,278.1940201721191
2025-12-12 20:30:00+00:00,278.3699951171875,278.5,276.94500732421875,278.04998779296875,2787871,278.2308101196289,278.5091801147461
2025-12-15 14:30:00+00:00,274.1449890136719,279.79168701171875,273.6199951171875,279.75,8113962,274.00791651916506,274.2820615081787
2025-12-15 15:30:00+00:00,275.510009765625,275.6404113769531,273.7200012207031,274.1700134277344,3495538,275.3722547607422,275.6477647705078
2025-12-15 16:30:00+00:00,274.9200134277344,275.69500732421875,274.1499938964844,275.5400085449219,2136284,274.7825534210205,275.05747343444824
2025-12-15 17:30:00+00:00,274.0400085449219,275.1000061035156,273.7300109863281,274.92498779296875,1992688,273.9029885406494,274.17702854919435
2025-12-15 18:30:00+00:00,273.3699951171875,274.25,273.0799865722656,274.0199890136719,2430153,273.2333101196289,273.5066801147461
2025-12-15 19:30:00+00:00,273.80499267578125,273.8424987792969,272.8399963378906,273.3800048828125,2804616,273.66809017944337,273.94189517211913
2025-12-15 20:30:00+00:00,274.114990234375,274.7200012207031,273.5199890136719,273.80999755859375,4104430,273.9779327392578,274.2520477294922
2025-12-16 14:30:00+00:00,273.1700134277344,274.0299987792969,271.7900085449219,272.82000732421875,4976091,273.0334284210205,273.30659843444823
2025-12-16 15:30:00+00:00,272.80999755859375,273.82000732421875,272.5,273.1700134277344,2282059,272.6735925598145,272.946402557373
2025-12-16 16:30:00+00:00,273.20001220703125,274.2799987792969,272.69000244140625,272.79998779296875,1929804,273.06341220092776,273.33661221313474
2025-12-16 17:30:00+00:00,272.1300048828125,273.489990234375,271.79998779296875,273.19989013671875,2118531,271.9939398803711,272.2660698852539
2025-12-16 18:30:00+00:00,273.56500244140625,273.9100036621094,272.135009765625,272.135009765625,2008038,273.42821994018556,273.70178494262694
2025-12-16 19:30:00+00:00,274.55999755859375,274.79998779296875,273.5400085449219,273.56500244140625,1912589,274.4227175598145,274.697277557373
2025-12-16 20:30:00+00:00,274.4700012207031,275.5,274.45001220703125,274.54998779296875,2361847,274.33276622009276,274.6072362213135
2025-12-17 14:30:00+00:00,275.4949951171875,276.1600036621094,274.8299865722656,275.010009765625,4574850,275.35724761962894,275.63274261474606
2025-12-17 15:30:00+00:00,273.489990234375,275.7300109863281,273.0450134277344,275.4700012207031,3354929,273.35324523925783,273.62673522949217
2025-12-17 16:30:00+00:00,272.8699951171875,273.489990234375,272.2799987792969,273.489990234375,2372809,272.7335601196289,273.0064301147461
2025-12-17 17:30:00+00:00,273.0199890136719,273.69000244140625,272.6499938964844,272.8800048828125,1699122,272.88347901916507,273.1564990081787
2025-12-17 18:30:00+00:00,273.7850036621094,273.9700012207031,272.44000244140625,272.9901123046875,2046363,273.64811116027835,273.9218961639404
2025-12-17 19:30:00+00:00,273.65008544921875,274.1099853515625,273.57000732421875,273.7699890136719,2167480,273.51326040649417,273.78691049194333
2025-12-17 20:30:00+00:00,271.8599853515625,273.8699951171875,271.69000244140625,273.6700134277344,5130736,271.72405535888674,271.99591534423826
2025-12-18 14:30:00+00:00,270.8999938964844,273.6199951171875,266.9599914550781,273.6050109863281,10127086,270.76454389953614,271.0354438934326
2025-12-18 15:30:00+00:00,272.29998779296875,272.7200012207031,270.80999755859375,270.86199951171875,3659235,272.16383779907227,272.43613778686523
2025-12-18 16:30:00+00:00,270.25,273.16400146484375,269.94000244140625,272.2900085449219,3692916,270.11487500000004,270.38512499999996
2025-12-18 17:30:00+00:00,272.6499938964844,272.75,270.1199951171875,270.20001220703125,1920512,272.5136688995361,272.7863188934326
2025-12-18 18:30:00+00:00,271.3699951171875,272.9599914550781,271.0899963378906,272.6700134277344,2108845,271.2343101196289,271.5056801147461
2025-12-18 19:30:00+00:00,271.8399963378906,271.96990966796875,270.5,271.3699951171875,2747038,271.70407633972167,271.9759163360596
2025-12-18 20:30:00+00:00,272.1600036621094,273.20001220703125,271.7850036621094,271.8500061035156,2956766,272.02392366027834,272.2960836639404
2025-12-19 14:30:00+00:00,271.7349853515625,272.9200134277344,270.95001220703125,272.1449890136719,18574766,271.59911785888676,271.87085284423824
2025-12-19 15:30:00+00:00,271.26080322265625,272.82000732421875,270.9949951171875,271.7200927734375,2919546,271.12517282104494,271.39643362426756
2025-12-19 16:30:00+00:00,270.6549987792969,271.4599914550781,270.2699890136719,271.2622985839844,2629565,270.51967127990724,270.7903262786865
2025-12-19 17:30:00+00:00,270.75,271.80950927734375,270.3399963378906,270.6600036621094,3085614,270.614625,270.885375
2025-12-19 18:30:00+00:00,271.3699951171875,271.5098876953125,270.3999938964844,270.760009765625,2544938,271.2343101196289,271.5056801147461
2025-12-19 19:30:00+00:00,270.79998779296875,271.739990234375,270.17498779296875,271.3800048828125,3108119,270.6645877990723,270.9353877868652
2025-12-19 20:30:00+00:00,273.6700134277344,274.5762939453125,269.8999938964844,270.80999755859375,8193309,273.5331784210205,273.8068484344482
2025-12-22 14:30:00+00:00,272.0150146484375,273.8800048828125,271.57000732421875,272.8599853515625,6084655,271.8790071411133,272.1510221557617
2025-12-22 15:30:00+00:00,272.44000244140625,272.79998779296875,271.510009765625,272.0299987792969,2467910,272.30378244018556,272.57622244262694
2025-12-22 16:30:00+00:00,271.94000244140625,272.510009765625,271.5199890136719,272.4200134277344,2114933,271.80403244018555,272.07597244262695
2025-12-22 17:30:00+00:00,270.9399108886719,272.1400146484375,270.739990234375,271.9200134277344,2226647,270.80444093322757,271.0753808441162
2025-12-22 18:30:00+00:00,270.864990234375,271.1400146484375,270.510009765625,270.93499755859375,1960079,270.7295577392578,271.0004227294922
2025-12-22 19:30:00+00:00,270.7200012207031,271.1099853515625,270.7149963378906,270.8699951171875,1999793,270.5846412200928,270.85536122131344
2025-12-22 20:30:00+00:00,270.82000732421875,271.19989013671875,270.5050048828125,270.7149963378906,2599971,270.68459732055663,270.95541732788087
2025-12-23 14:30:00+00:00,270.8399963378906,271.92999267578125,269.55999755859375,270.0,5104762,270.7045763397217,270.97541633605954
2025-12-23 15:30:00+00:00,271.7814025878906,271.95001220703125,270.70001220703125,270.8399963378906,2241209,271.6455118865967,271.91729328918456
2025-12-23 16:30:00+00:00,271.5299987792969,272.3111877441406,271.4729919433594,271.81500244140625,2086319,271.39423377990727,271.6657637786865
2025-12-23 17:30:00+00:00,271.70001220703125,271.80999755859375,271.1099853515625,271.5400085449219,1310733,271.56416220092774,271.83586221313476
2025-12-23 18:30:00+00:00,271.80999755859375,272.1199951171875,271.5,271.70001220703125,1442128,271.6740925598145,271.945902557373
2025-12-23 19:30:00+00:00,272.10699462890625,272.44000244140625,271.760009765625,271.80999755859375,1857021,271.9709411315918,272.2430481262207
2025-12-23 20:30:00+00:00,272.239990234375,272.45001220703125,271.8399963378906,272.1000061035156,2287709,272.10387023925784,272.37611022949216
2025-12-24 14:30:00+00:00,274.03509521484375,274.739990234375,273.0899963378906,273.25,4589623,273.89807766723635,274.17211276245115
2025-12-24 15:30:00+00:00,274.85101318359375,275.04998779296875,273.9100036621094,274.0400085449219,2096233,274.71358767700195,274.98843869018555
2025-12-24 16:30:00+00:00,275.3599853515625,275.42999267578125,274.8299865722656,274.8599853515625,2055154,275.22230535888673,275.49766534423827
2025-12-26 14:30:00+00:00,274.8247985839844,275.3699951171875,274.05999755859375,274.385009765625,2899986,274.6873861846924,274.96221098327635
2025-12-26 15:30:00+00:00,274.8800048828125,274.9800109863281,274.3699951171875,274.81500244140625,1434883,274.7425648803711,275.0174448852539
2025-12-26 16:30:00+00:00,274.6400146484375,274.93499755859375,274.4100036621094,274.8800048828125,1079100,274.5026946411133,274.7773346557617
2025-12-26 17:30:00+00:00,274.5199890136719,274.6499938964844,274.2250061035156,274.6300048828125,903247,274.382729019165,274.6572490081787
2025-12-26 18:30:00+00:00,274.7601013183594,274.9849853515625,274.3800048828125,274.5249938964844,1447341,274.62272126770023,274.8974813690185
2025-12-26 19:30:00+00:00,273.9800109863281,274.8299865722656,273.8700866699219,274.7650146484375,1463547,273.843020980835,274.11700099182127
2025-12-26 20:30:00+00:00,273.25,273.989990234375,272.8699951171875,273.9800109863281,2563251,273.113375,273.386625
2025-12-29 14:30:00+00:00,273.9543151855469,274.3599853515625,272.3900146484375,272.69000244140625,3705071,273.8173380279541,274.0912923431396
2025-12-29 15:30:00+00:00,273.2200012207031,274.0299987792969,272.989990234375,273.95001220703125,1533379,273.0833912200928,273.35661122131347
2025-12-29 16:30:00+00:00,273.0400085449219,273.2900085449219,272.8299865722656,273.21881103515625,1203367,272.90348854064945,273.1765285491943
2025-12-29 17:30:00+00:00,273.6400146484375,273.6700134277344,272.9502868652344,273.0400085449219,3234552,273.5031946411133,273.7768346557617
2025-12-29 18:30:00+00:00,273.67999267578125,274.0,273.44000244140625,273.6300048828125,0,273.5431526794434,273.8168326721191
2025-12-29 19:30:00+00:00,273.9028015136719,274.0,273.6700134277344,273.67999267578125,1410063,273.7658501129151,274.0397529144287
2025-12-29 20:30:00+00:00,273.79901123046875,273.94000244140625,273.4599914550781,273.9100036621094,1452813,273.6621117248535,273.935910736084
2025-12-30 14:30:00+00:00,272.5899963378906,274.07000732421875,272.3948059082031,274.0,3335833,272.4537013397217,272.72629133605955
2025-12-30 15:30:00+00:00,272.85980224609375,273.32000732421875,272.4200134277344,272.5799865722656,1711221,272.7233723449707,272.9962321472168
2025-12-30 16:30:00+00:00,272.5899963378906,272.9200134277344,272.2799987792969,272.8299865722656,1582688,272.4537013397217,272.72629133605955
2025-12-30 17:30:00+00:00,273.1000061035156,273.19000244140625,272.55999755859375,272.5899963378906,1137372,272.9634561004639,273.2365561065674
2025-12-30 18:30:00+00:00,273.3900146484375,273.52178955078125,273.0101013183594,273.1000061035156,1396303,273.2533196411133,273.5267096557617
2025-12-30 19:30:00+00:00,273.1650085449219,273.4744873046875,273.0899963378906,273.3800048828125,1396305,273.02842604064944,273.3015910491943
2025-12-30 20:30:00+00:00,272.989990234375,273.2550048828125,272.739990234375,273.1600036621094,2121973,272.8534952392578,273.1264852294922
2025-12-31 14:30:00+00:00,272.489990234375,273.67999267578125,272.2318115234375,273.04998779296875,2706559,272.3537452392578,272.6262352294922
2025-12-31 15:30:00+00:00,272.489990234375,272.5849914550781,271.760009765625,272.4949951171875,1886713,272.3537452392578,272.6262352294922
2025-12-31 16:30:00+00:00,272.6700134277344,272.79998779296875,272.2699890136719,272.489990234375,1322310,272.5336784210205,272.80634843444824
2025-12-31 17:30:00+00:00,272.625,273.1000061035156,272.54998779296875,272.6600036621094,1445671,272.4886875,272.7613125
2025-12-31 18:30:00+00:00,272.9609069824219,273.42999267578125,272.5799865722656,272.625,1456290,272.8244265289307,273.09738743591305
2025-12-31 19:30:00+00:00,272.0799865722656,273.0068054199219,271.9599914550781,272.97021484375,1417798,271.94394657897953,272.2160265655517
2025-12-31 20:30:00+00:00,271.8399963378906,272.75,271.75,272.0899963378906,2509865,271.70407633972167,271.9759163360596
2026-01-02 14:30:00+00:00,273.3900146484375,277.8247985839844,272.3800048828125,272.69000244140625,7596139,273.2533196411133,273.5267096557617
2026-01-02 15:30:00+00:00,270.3245849609375,273.3900146484375,269.8299865722656,273.3699951171875,4078484,270.18942266845704,270.45974725341796
2026-01-02 16:30:00+00:00,270.1499938964844,270.9599914550781,269.1099853515625,270.29998779296875,2431873,270.01491889953616,270.2850688934326
2026-01-02 17:30:00+00:00,270.0799865722656,270.4800109863281,269.7300109863281,270.17999267578125,1780091,269.9449465789795,270.21502656555174
2026-01-02 18:30:00+00:00,270.1300048828125,270.2499084472656,269.0199890136719,270.0899963378906,2020830,269.99493988037113,270.26506988525387
2026-01-02 19:30:00+00:00,270.510009765625,270.8399963378906,270.0899963378906,270.1400146484375,2106622,270.3747547607422,270.6452647705078
2026-01-02 20:30:00+00:00,270.9800109863281,271.04998779296875,270.3500061035156,270.5299987792969,2650904,270.844520980835,271.11550099182125
2026-01-05 14:30:00+00:00,269.80999755859375,271.17999267578125,267.8599853515625,270.635009765625,7189336,269.67509255981446,269.94490255737304
2026-01-05 15:30:00+00:00,268.7900085449219,270.2200012207031,268.70001220703125,269.79998779296875,3119976,268.6556135406494,268.9244035491943
2026-01-05 16:30:00+00:00,266.9700012207031,268.8500061035156,266.9200134277344,268.7799987792969,3085098,266.8365162200928,267.10348622131346
2026-01-05 17:30:00+00:00,267.4200134277344,267.8900146484375,266.7701110839844,266.989990234375,2496455,267.28630342102053,267.5537234344482
2026-01-05 18:30:00+00:00,266.2698974609375,267.6650085449219,266.1400146484375,267.4100036621094,2514491,266.13676251220704,266.40303240966796
2026-01-05 19:30:00+00:00,267.0190124511719,267.0400085449219,266.20001220703125,266.2699890136719,2686552,266.8855029449463,267.1525219573974
2026-01-05 20:30:00+00:00,267.260009765625,267.739990234375,266.45001220703125,267.0299987792969,2894622,267.1263797607422,267.3936397705078
2026-01-06 14:30:00+00:00,264.0299987792969,267.54998779296875,263.0299987792969,267.00799560546875,8140729,263.89798377990724,264.1620137786865
2026-01-06 15:30:00+00:00,262.4198913574219,265.1000061035156,262.29998779296875,264.0299987792969,4820286,262.2886814117432,262.55110130310055
2026-01-06 16:30:00+00:00,262.8846130371094,263.0,262.2099914550781,262.4200134277344,3187699,262.75317073059085,263.0160553436279
2026-01-06 17:30:00+00:00,262.5400085449219,263.79998779296875,262.4901123046875,262.8900146484375,2583269,262.40873854064944,262.6712785491943
2026-01-06 18:30:00+00:00,262.87701416015625,263.07000732421875,262.5400085449219,262.92999267578125,2024107,262.7455756530762,263.0084526672363
2026-01-06 19:30:00+00:00,262.82000732421875,263.0150146484375,262.260009765625,262.7799987792969,3190757,262.68859732055665,262.95141732788085
2026-01-06 20:30:00+00:00,262.42498779296875,262.9601135253906,262.3999938964844,262.8299865722656,2355864,262.2937752990723,262.5562002868652
2026-01-07 14:30:00+00:00,262.0299987792969,263.67999267578125,261.2099914550781,263.2699890136719,7368698,261.89898377990727,262.1610137786865
2026-01-07 15:30:00+00:00,261.0837097167969,262.2900085449219,260.9100036621094,262.0199890136719,3565599,260.9531678619385,261.21425157165527
2026-01-07 16:30:00+00:00,262.3599853515625,262.57000732421875,261.07000732421875,261.0849914550781,3336015,262.22880535888675,262.49116534423825
2026-01-07 17:30:00+00:00,261.2200012207031,262.70001220703125,261.0799865722656,262.3699951171875,2890664,261.0893912200928,261.35061122131344
2026-01-07 18:30:00+00:00,261.5899963378906,262.20001220703125,261.1300048828125,261.2449951171875,2574362,261.4592013397217,261.72079133605956
2026-01-07 19:30:00+00:00,261.3299865722656,262.5199890136719,261.260009765625,261.5899963378906,2727906,261.1993215789795,261.46065156555176
2026-01-07 20:30:00+00:00,260.3599853515625,261.3299865722656,259.82000732421875,261.3299865722656,4547876,260.2298053588867,260.4901653442383
2026-01-08 14:30:00+00:00,256.7449951171875,257.7699890136719,255.6999969482422,256.375,10183679,256.6166226196289,256.8733676147461
2026-01-08 15:30:00+00:00,256.1099853515625,257.19000244140625,255.9499969482422,256.7200927734375,4167093,255.98193035888673,256.23804034423824
2026-01-08 16:30:00+00:00,256.7090148925781,258.6000061035156,255.97000122070312,256.1099853515625,3892484,256.58066038513186,256.8373694000244
2026-01-08 17:30:00+00:00,257.4800109863281,257.6300048828125,256.5979919433594,256.6900939941406,2448318,257.35127098083495,257.6087509918213
2026-01-08 18:30:00+00:00,256.6000061035156,257.5199890136719,256.29998779296875,257.510009765625,2399355,256.4717061004639,256.72830610656735
2026-01-08 19:30:00+00:00,258.2799987792969,258.3299865722656,256.3800048828125,256.6050109863281,3537960,258.15085877990725,258.4091387786865
2026-01-08 20:30:00+00:00,259.05999755859375,259.2799987792969,257.9601135253906,258.2799987792969,3213685,258.9304675598145,259.189527557373
2026-01-09 14:30:00+00:00,258.4599914550781,260.0,256.2200927734375,259.0,7220053,258.3307614593506,258.58922145080567
2026-01-09 15:30:00+00:00,256.9599914550781,258.75,256.8800048828125,258.4599914550781,3212319,256.8315114593506,257.0884714508056
2026-01-09 16:30:00+00:00,258.92999267578125,259.05499267578125,256.7663879394531,256.9512939453125,3345096,258.80052767944335,259.05945767211915
2026-01-09 17:30:00+00:00,259.1199951171875,259.1600036621094,258.2401123046875,258.9100036621094,2173770,258.9904351196289,259.2495551147461
2026-01-09 18:30:00+00:00,259.7300109863281,259.95001220703125,259.010009765625,259.1300048828125,1971968,259.60014598083495,259.8598759918213
2026-01-09 19:30:00+00:00,259.9649963378906,260.2099914550781,259.67999267578125,259.7300109863281,2732054,259.8350138397217,260.09497883605957
2026-01-09 20:30:00+00:00,259.3500061035156,260.05499267578125,258.95001220703125,259.95001220703125,2303687,259.2203311004639,259.47968110656734
2026-01-12 14:30:00+00:00,260.3500061035156,261.29998779296875,256.79998779296875,259.4100036621094,8505619,260.21983110046386,260.4801811065674
2026-01-12 15:30:00+00:00,260.2300109863281,260.45001220703125,259.04998779296875,260.364990234375,3280015,260.09989598083496,260.3601259918213
2026-01-12 16:30:00+00:00,260.60931396484375,261.1099853515625,259.7099914550781,260.2300109863281,2709473,260.47900930786136,260.73961862182614
2026-01-12 17:30:00+00:00,260.8900146484375,261.29998779296875,260.3500061035156,260.6000061035156,2160352,260.7595696411133,261.0204596557617
2026-01-12 18:30:00+00:00,260.6400146484375,260.94000244140625,260.19000244140625,260.8909912109375,1974059,260.5096946411133,260.7703346557617
2026-01-12 19:30:00+00:00,260.9700012207031,261.19000244140625,260.48529052734375,260.6499938964844,2654547,260.8395162200928,261.1004862213135
2026-01-12 20:30:00+00:00,260.2099914550781,261.1300048828125,260.010009765625,260.9599914550781,2380012,260.0798864593506,260.3400964508057
2026-01-13 14:30:00+00:00,260.090087890625,261.80999755859375,258.3900146484375,258.7200012207031,8478567,259.9600428466797,260.2201329345703
2026-01-13 15:30:00+00:00,259.9100036621094,260.2799072265625,259.489990234375,260.1400146484375,2608808,259.78004866027834,260.0399586639404
2026-01-13 16:30:00+00:00,260.8399963378906,261.1600036621094,259.8500061035156,259.8999938964844,2483937,260.7095763397217,260.97041633605954
2026-01-13 17:30:00+00:00,259.989990234375,261.44000244140625,259.989990234375,260.8500061035156,2059870,259.85999523925784,260.11998522949216
2026-01-13 18:30:00+00:00,259.739990234375,260.6736145019531,259.1499938964844,259.9800109863281,2357708,259.6101202392578,259.8698602294922
2026-01-13 19:30:00+00:00,259.0199890136719,259.79998779296875,258.7601013183594,259.7398986816406,1960648,258.89047901916507,259.1494990081787
2026-01-13 20:30:00+00:00,261.04998779296875,261.20001220703125,258.8399963378906,259.010009765625,12843144,260.9194627990723,261.1805127868652
2026-01-14 14:30:00+00:00,259.75,261.80999755859375,258.82000732421875,259.4800109863281,5147768,259.62012500000003,259.87987499999997
2026-01-14 15:30:00+00:00,258.739990234375,260.0,257.8599853515625,259.7550048828125,2978461,258.6106202392578,258.8693602294922
2026-01-14 16:30:00+00:00,257.3800048828125,258.80999755859375,256.7099914550781,258.739990234375,2333928,257.2513148803711,257.5086948852539
2026-01-14 17:30:00+00:00,257.5299987792969,257.7149963378906,256.9100036621094,257.3900146484375,1604961,257.4012337799072,257.65876377868653
2026-01-14 18:30:00+00:00,257.79998779296875,258.1000061035156,257.05499267578125,257.5299987792969,1777225,257.67108779907227,257.92888778686523
2026-01-14 19:30:00+00:00,259.9700012207031,259.9800109863281,257.7900085449219,257.79998779296875,2443932,259.84001622009276,260.0999862213135
2026-01-14 20:30:00+00:00,259.95001220703125,260.6000061035156,258.6841125488281,259.9800109863281,14485668,259.82003720092774,260.07998721313476
2026-01-15 14:30:00+00:00,260.10009765625,261.0299987792969,259.6199951171875,260.6499938964844,5046140,259.97004760742186,260.23014770507814
2026-01-15 15:30:00+00:00,260.4949951171875,260.78509521484375,259.19000244140625,260.1400146484375,2795244,260.36474761962893,260.62524261474607
2026-01-15 16:30:00+00:00,259.3299865722656,260.6300048828125,259.29998779296875,260.5,2122658,259.2003215789795,259.4596515655517
2026-01-15 17:30:00+00:00,259.5299987792969,259.56500244140625,258.0,259.3399963378906,2472715,259.40023377990724,259.6597637786865
2026-01-15 18:30:00+00:00,258.32000732421875,259.75,258.260009765625,259.54998779296875,2003848,258.19084732055666,258.44916732788084
2026-01-15 19:30:00+00:00,257.6700134277344,258.45001220703125,257.04998779296875,258.3434143066406,3158266,257.5411784210205,257.79884843444825
2026-01-15 20:30:00+00:00,258.3299865722656,258.3800048828125,257.1099853515625,257.6575012207031,2733911,258.2008215789795,258.45915156555174
2026-01-16 14:30:00+00:00,256.80999755859375,258.8999938964844,256.4601135253906,258.20001220703125,11278805,256.6815925598145,256.938402557373
2026-01-16 15:30:00+00:00,256.4399108886719,256.9200134277344,256.05999755859375,256.80999755859375,2790833,256.31169093322757,256.5681308441162
2026-01-16 16:30:00+00:00,255.8300018310547,256.6300048828125,255.82000732421875,256.426513671875,2796717,255.70208683013917,255.9579168319702
2026-01-16 17:30:00+00:00,256.0299987792969,256.08990478515625,254.92999267578125,255.8300018310547,3606144,255.90198377990725,256.1580137786865
2026-01-16 18:30:00+00:00,256.0,257.1499938964844,255.9149932861328,256.0299987792969,2811980,255.872,256.128
2026-01-16 19:30:00+00:00,256.17999267578125,256.9700012207031,255.94000244140625,256.0,2648818,256.0519026794434,256.3080826721191
2026-01-16 20:30:00+00:00,255.47999572753906,256.4725036621094,255.1300048828125,256.1700134277344,3511559,255.3522557296753,255.60773572540282
2026-01-20 14:30:00+00:00,251.61570739746094,254.7899932861328,250.85000610351562,252.50999450683594,9087553,251.48989954376222,251.74151525115965
2026-01-20 15:30:00+00:00,251.30499267578125,252.1300048828125,250.69000244140625,251.63999938964844,3367134,251.1793401794434,251.4306451721191
2026-01-20 16:30:00+00:00,250.55999755859375,251.58999633789062,250.35000610351562,251.3000030517578,2677257,250.43471755981446,250.68527755737304
2026-01-20 17:30:00+00:00,249.19500732421875,250.6999969482422,249.0800018310547,250.52000427246094,2979236,249.07040982055665,249.31960482788085
2026-01-20 18:30:00+00:00,247.45249938964844,249.22999572753906,247.4199981689453,249.17999267578125,3351984,247.32877313995363,247.57622563934325
2026-01-20 19:30:00+00:00,245.4600067138672,248.17999267578125,245.0800018310547,247.4499969482422,5956327,245.33727671051028,245.5827367172241
2026-01-20 20:30:00+00:00,246.67999267578125,246.92999267578125,243.4199981689453,245.4600067138672,10058590,246.55665267944337,246.80333267211913
2026-01-21 14:30:00+00:00,247.57000732421875,248.75,246.02999877929688,248.7100067138672,7234453,247.44622232055664,247.69379232788086
2026-01-21 15:30:00+00:00,247.3000030517578,248.72000122070312,246.8300018310547,247.57000732421875,3802836,247.17635305023194,247.4236530532837
2026-01-21 16:30:00+00:00,245.8300018310547,247.36000061035156,245.19000244140625,247.30999755859375,3521906,245.70708683013916,245.9529168319702
2026-01-21 17:30:00+00:00,245.8800048828125,246.47000122070312,245.5800018310547,245.82009887695312,2014674,245.7570648803711,246.0029448852539
2026-01-21 18:30:00+00:00,247.1103057861328,247.33999633789062,245.5,245.8800048828125,2357430,246.98675063323975,247.23386093902587
2026-01-21 19:30:00+00:00,248.38279724121094,251.55999755859375,247.10000610351562,247.1300048828125,7875948,248.25860584259036,248.50698863983152
2026-01-21 20:30:00+00:00,247.6300048828125,248.5800018310547,246.83999633789062,248.38999938964844,4345116,247.5061898803711,247.7538198852539
2026-01-22 14:30:00+00:00,250.1300048828125,250.7799072265625,248.38499450683594,249.36000061035156,7300630,250.0049398803711,250.2550698852539
2026-01-22 15:30:00+00:00,249.6999053955078,250.16000366210938,249.0,250.14999389648438,3165743,249.57505544281008,249.82475534820554
2026-01-22 16:30:00+00:00,249.74000549316406,249.89999389648438,249.25999450683594,249.69500732421875,1884417,249.6151354904175,249.86487549591064
2026-01-22 17:30:00+00:00,250.67999267578125,250.82000732421875,249.72999572753906,249.75,1833609,250.55465267944336,250.80533267211914
2026-01-22 18:30:00+00:00,250.52000427246094,251.0,249.75010681152344,250.6699981689453,2047891,250.3947442703247,250.64526427459717
2026-01-22 19:30:00+00:00,248.3699951171875,250.625,248.26510620117188,250.50999450683594,3355209,248.2458101196289,248.4941801147461
2026-01-22 20:30:00+00:00,248.33999633789062,248.9199981689453,248.17999267578125,248.33999633789062,2783413,248.2158263397217,248.46416633605955
2026-01-23 14:30:00+00:00,247.01010131835938,247.24000549316406,244.67999267578125,247.24000549316406,7601136,246.8865962677002,247.13360636901854
2026-01-23 15:30:00+00:00,248.35000610351562,249.41000366210938,246.97000122070312,247.02000427246094,3278816,248.2258311004639,248.47418110656736
2026-01-23 16:30:00+00:00,248.73989868164062,248.8000030517578,247.8800048828125,248.3699951171875,2265060,248.61552873229982,248.86426863098143
2026-01-23 17:30:00+00:00,247.92999267578125,248.80990600585938,247.61000061035156,248.72000122070312,1917334,247.80602767944336,248.05395767211914
2026-01-23 18:30:00+00:00,247.47500610351562,248.0299072265625,246.97000122070312,247.9600067138672,2288849,247.35126860046387,247.59874360656738
2026-01-23 19:30:00+00:00,248.19000244140625,248.47000122070312,247.40499877929688,247.47000122070312,1941323,248.06590744018555,248.31409744262695
2026-01-23 20:30:00+00:00,247.97000122070312,248.85000610351562,247.7449951171875,248.19000244140625,2635711,247.8460162200928,248.09398622131346
2026-01-26 14:30:00+00:00,254.0399932861328,254.88999938964844,249.8000030517578,251.47999572753906,9810606,253.91297328948977,254.16701328277586
2026-01-26 15:30:00+00:00,255.0998992919922,255.5,253.9199981689453,254.0399932861328,4941159,254.9723493423462,255.22744924163817
2026-01-26 16:30:00+00:00,254.5,255.4199981689453,254.25999450683594,255.0850067138672,3015226,254.37275000000002,254.62724999999998
2026-01-26 17:30:00+00:00,254.64999389648438,254.75,254.0800018310547,254.47000122070312,1861533,254.52266889953614,254.7773188934326
2026-01-26 18:30:00+00:00,255.94000244140625,255.97000122070312,254.32000732421875,254.63999938964844,3013817,255.81203244018556,256.06797244262697
2026-01-26 19:30:00+00:00,255.72500610351562,256.55999755859375,255.47000122070312,255.92999267578125,3495145,255.59714360046388,255.85286860656737
2026-01-26 20:30:00+00:00,255.4199981689453,255.99000549316406,254.89999389648438,255.72999572753906,14219113,255.29228816986085,255.54770816802977
2026-01-27 14:30:00+00:00,259.8450012207031,261.95001220703125,258.6600036621094,259.1400146484375,10912773,259.7150787200928,259.9749237213135
2026-01-27 15:30:00+00:00,260.7200012207031,261.3900146484375,259.760009765625,259.8599853515625,3262895,260.5896412200928,260.85036122131345
2026-01-27 16:30:00+00:00,261.30999755859375,261.3599853515625,260.4700012207031,260.7200012207031,2175987,261.1793425598145,261.440652557373
2026-01-27 17:30:00+00:00,260.2550048828125,261.3500061035156,260.2301025390625,261.30010986328125,1989091,260.1248773803711,260.3851323852539
2026-01-27 18:30:00+00:00,259.875,260.3599853515625,259.5199890136719,260.2699890136719,2504629,259.7450625,260.0049375
2026-01-27 19:30:00+00:00,259.3800048828125,260.0400085449219,259.1499938964844,259.875,2602286,259.2503148803711,259.5096948852539
2026-01-27 20:30:00+00:00,258.2799987792969,259.67498779296875,258.2099914550781,259.385009765625,2715151,258.15085877990725,258.4091387786865
2026-01-28 14:30:00+00:00,256.0899963378906,258.8550109863281,255.21499633789062,257.55999755859375,6604210,255.9619513397217,256.21804133605957
2026-01-28 15:30:00+00:00,255.49000549316406,256.7099914550781,255.25999450683594,256.05999755859375,2745774,255.3622604904175,255.61775049591063
2026-01-28 16:30:00+00:00,254.82000732421875,255.47999572753906,254.66000366210938,255.47000122070312,2230506,254.69259732055664,254.94741732788086
2026-01-28 17:30:00+00:00,255.2550048828125,255.38999938964844,254.50999450683594,254.8000030517578,1683148,255.12737738037112,255.38263238525388
2026-01-28 18:30:00+00:00,255.11000061035156,255.8800048828125,254.77999877929688,255.25999450683594,1899457,254.9824456100464,255.23755561065673
2026-01-28 19:30:00+00:00,256.4750061035156,256.6400146484375,255.0500030517578,255.0800018310547,3391568,256.34676860046386,256.6032436065674
2026-01-28 20:30:00+00:00,256.44000244140625,256.8999938964844,255.92999267578125,256.4599914550781,3092338,256.31178244018554,256.56822244262696
2026-01-29 14:30:00+00:00,256.8999938964844,259.6499938964844,255.49000549316406,258.07000732421875,7282171,256.77154389953614,257.0284438934326
2026-01-29 15:30:00+00:00,256.1700134277344,257.0400085449219,254.41000366210938,256.8900146484375,4801889,256.04192842102054,256.2980984344482
2026-01-29 16:30:00+00:00,257.2200012207031,257.4100036621094,255.1199951171875,256.1300048828125,3524580,257.09139122009276,257.3486112213135
2026-01-29 17:30:00+00:00,257.3800048828125,257.6700134277344,256.54998779296875,257.20001220703125,3232719,257.2513148803711,257.5086948852539
2026-01-29 18:30:00+00:00,258.1449890136719,258.1816101074219,257.1600036621094,257.364990234375,3079026,258.01591651916505,258.2740615081787
2026-01-29 19:30:00+00:00,258.2950134277344,258.5683898925781,257.7401123046875,258.1449890136719,4240841,258.1658659210205,258.42416093444825
2026-01-29 20:30:00+00:00,258.17498779296875,259.3500061035156,257.75,258.30999755859375,5837763,258.0459002990723,258.3040752868652
2026-01-30 14:30:00+00:00,254.0,258.70001220703125,252.17999267578125,255.1649932861328,18411294,253.87300000000002,254.12699999999998
2026-01-30 15:30:00+00:00,254.9199981689453,254.9499969482422,253.69500732421875,254.0800018310547,595102,254.79253816986085,255.04745816802978
2026-02-02 18:30:00+00:00,267.17999267578125,267.3500061035156,266.6199951171875,266.7900085449219,7990643,267.04640267944336,267.31358267211914
2026-02-02 19:30:00+00:00,268.9800109863281,269.56988525390625,266.82000732421875,267.125,6110168,268.845520980835,269.1145009918213
2026-02-02 20:30:00+00:00,269.9599914550781,270.489990234375,268.8399963378906,268.9750061035156,6031354,269.8250114593506,270.09497145080564
2026-02-03 14:30:00+00:00,269.885009765625,271.5799865722656,267.69000244140625,269.1300048828125,9032813,269.7500672607422,270.0199522705078
2026-02-03 15:30:00+00:00,268.8949890136719,271.2850036621094,267.6099853515625,269.8500061035156,5335029,268.76054151916503,269.0294365081787
2026-02-03 16:30:00+00:00,268.8999938964844,270.5,268.2900085449219,268.8999938964844,3977028,268.76554389953617,269.0344438934326
2026-02-03 17:30:00+00:00,269.3399963378906,270.3699951171875,268.7550048828125,268.8900146484375,3592052,269.2053263397217,269.47466633605956
2026-02-03 18:30:00+00:00,271.4800109863281,271.875,268.8500061035156,269.3349914550781,4426151,271.34427098083495,271.6157509918213
2026-02-03 19:30:00+00:00,269.2099914550781,271.70001220703125,268.6700134277344,271.4700012207031,3448770,269.0753864593506,269.3445964508056
2026-02-03 20:30:00+00:00,269.4599914550781,270.04998779296875,268.8399963378906,269.2149963378906,3048085,269.3252614593506,269.59472145080565
2026-02-04 14:30:00+00:00,276.1000061035156,278.80999755859375,272.2850036621094,272.30999755859375,14363169,275.9619561004639,276.23805610656734
2026-02-04 15:30:00+00:00,277.21380615234375,277.3900146484375,275.29998779296875,276.125,5901048,277.0751992492676,277.3524130554199
2026-02-04 16:30:00+00:00,275.25,277.260009765625,273.8999938964844,277.1935119628906,5657904,275.11237500000004,275.38762499999996
2026-02-04 17:30:00+00:00,275.6000061035156,276.114990234375,273.1400146484375,275.2699890136719,5072262,275.4622061004639,275.73780610656735
2026-02-04 18:30:00+00:00,274.9100036621094,275.760009765625,274.3500061035156,275.6199951171875,3128540,274.77254866027835,275.0474586639404
2026-02-04 19:30:00+00:00,277.6099853515625,278.0799865722656,274.8299865722656,274.90020751953125,5267006,277.4711803588867,277.7487903442383
2026-02-04 20:30:00+00:00,276.4599914550781,278.95001220703125,276.3599853515625,277.6099853515625,7312922,276.3217614593506,276.5982214508056
2026-02-05 14:30:00+00:00,276.7850036621094,279.44000244140625,273.2300109863281,278.0199890136719,9310150,276.6466111602783,276.9233961639404
2026-02-05 15:30:00+00:00,275.2200012207031,277.3999938964844,273.2900085449219,276.7900085449219,4526349,275.0823912200928,275.35761122131345
2026-02-05 16:30:00+00:00,274.739990234375,275.5,273.5249938964844,275.2900085449219,2531820,274.6026202392578,274.8773602294922
2026-02-05 17:30:00+00:00,274.32000732421875,274.9800109863281,273.9100036621094,274.7200012207031,1764770,274.1828473205567,274.4571673278808
2026-02-05 18:30:00+00:00,277.0450134277344,277.57000732421875,274.114990234375,274.260009765625,2995492,276.9064909210205,277.18353593444823
2026-02-05 19:30:00+00:00,276.6300048828125,277.7200012207031,276.085693359375,277.06500244140625,3087121,276.4916898803711,276.7683198852539
2026-02-05 20:30:00+00:00,275.9200134277344,276.9100036621094,275.3500061035156,276.6300048828125,3990713,275.7820534210205,276.05797343444823
2026-02-06 14:30:00+00:00,279.2900085449219,280.9049987792969,277.0,277.1600036621094,10301776,279.15036354064944,279.4296535491943
2026-02-06 15:30:00+00:00,279.114990234375,279.95001220703125,278.53021240234375,279.29998779296875,3913103,278.9754327392578,279.2545477294922
2026-02-06 16:30:00+00:00,278.67999267578125,279.7749938964844,278.239990234375,279.1000061035156,3039580,278.5406526794434,278.8193326721191
2026-02-06 17:30:00+00:00,277.7749938964844,278.79998779296875,277.4901123046875,278.7099914550781,2618460,277.6361063995362,277.9138813934326
2026-02-06 18:30:00+00:00,277.1300048828125,277.9599914550781,276.92498779296875,277.79998779296875,2548586,276.9914398803711,277.2685698852539
2026-02-06 19:30:00+00:00,277.6600036621094,278.75,276.9949951171875,277.1300048828125,3186499,277.52117366027835,277.7988336639404
2026-02-06 20:30:00+00:00,278.0799865722656,279.010009765625,277.57000732421875,277.6549987792969,3255323,277.9409465789795,278.21902656555176
2026-02-09 14:30:00+00:00,273.08270263671875,278.20001220703125,273.04998779296875,277.9049987792969,6334544,272.9461612854004,273.2192439880371
2026-02-09 15:30:00+00:00,273.398193359375,273.75,272.7699890136719,273.0899963378906,2792572,273.26149426269535,273.53489245605465
2026-02-09 16:30:00+00:00,272.0115051269531,273.79998779296875,271.70001220703125,273.3699951171875,3245579,271.8754993743897,272.1475108795166
2026-02-09 17:30:00+00:00,271.9800109863281,272.3399963378906,271.7699890136719,272.0400085449219,1937150,271.84402098083496,272.1160009918213
2026-02-09 18:30:00+00:00,273.6199951171875,273.7099914550781,271.8399963378906,271.9800109863281,2566471,273.4831851196289,273.7568051147461
2026-02-09 19:30:00+00:00,274.0400085449219,274.25,272.9150085449219,273.6300048828125,2368415,273.9029885406494,274.17702854919435
2026-02-09 20:30:00+00:00,274.5400085449219,275.1199951171875,273.510009765625,274.0299987792969,3837569,274.4027385406494,274.67727854919434
2026-02-10 14:30:00+00:00,274.4200134277344,275.3599853515625,273.2099914550781,274.885009765625,4751268,274.2828034210205,274.55722343444825
2026-02-10 15:30:00+00:00,274.05999755859375,274.9100036621094,273.989990234375,274.3900146484375,1866180,273.9229675598145,274.197027557373
2026-02-10 16:30:00+00:00,273.3500061035156,274.0498962402344,272.94000244140625,274.0199890136719,2051404,273.2133311004639,273.48668110656735
2026-02-10 17:30:00+00:00,274.05499267578125,274.19000244140625,273.1499938964844,273.3500061035156,1646593,273.9179651794434,274.1920201721191
2026-02-10 18:30:00+00:00,273.9649963378906,274.2699890136719,273.6600036621094,274.05499267578125,1371940,273.8280138397217,274.1019788360596
2026-02-10 19:30:00+00:00,274.07000732421875,274.29998779296875,273.5199890136719,273.9700012207031,1515644,273.93297232055664,274.20704232788086
2026-02-10 20:30:00+00:00,273.7900085449219,274.489990234375,273.30999755859375,274.0799865722656,2174373,273.65311354064943,273.9269035491943
2026-02-11 14:30:00+00:00,277.05010986328125,277.44000244140625,274.45001220703125,274.69500732421875,9496956,276.91158480834963,277.18863491821287
2026-02-11 15:30:00+00:00,278.19000244140625,279.9800109863281,277.0400085449219,277.1000061035156,4696556,278.05090744018554,278.32909744262696
2026-02-11 16:30:00+00:00,279.94500732421875,280.17999267578125,278.1600036621094,278.19000244140625,2685096,279.80503482055667,280.08497982788083
2026-02-11 17:30:00+00:00,278.9599914550781,280.1499938964844,278.5,279.910400390625,1893097,278.8205114593506,279.09947145080565
2026-02-11 18:30:00+00:00,279.5799865722656,279.6700134277344,278.5,278.93499755859375,1790251,279.4401965789795,279.71977656555174
2026-02-11 19:30:00+00:00,276.04998779296875,279.5899963378906,274.81060791015625,279.5799865722656,6599667,275.9119627990723,276.1880127868652
2026-02-11 20:30:00+00:00,275.5400085449219,276.54998779296875,275.4599914550781,276.010009765625,2931248,275.4022385406494,275.67777854919433
2026-02-12 14:30:00+00:00,271.25,275.7200012207031,270.05999755859375,275.6000061035156,7475539,271.114375,271.385625
2026-02-12 15:30:00+00:00,266.1700134277344,271.75,266.1499938964844,271.260009765625,5405536,266.03692842102055,266.3030984344482
2026-02-12 16:30:00+00:00,264.6000061035156,267.0400085449219,264.4200134277344,266.19000244140625,4717401,264.4677061004639,264.73230610656736
2026-02-12 17:30:00+00:00,262.3299865722656,264.6499938964844,260.17999267578125,264.57000732421875,7147306,262.1988215789795,262.46115156555175
2026-02-12 18:30:00+00:00,261.7799987792969,262.6700134277344,261.2300109863281,262.30999755859375,4007694,261.64910877990724,261.9108887786865
2026-02-12 19:30:00+00:00,261.489990234375,262.489990234375,261.1000061035156,261.7699890136719,3918342,261.3592452392578,261.6207352294922
2026-02-12 20:30:00+00:00,261.5899963378906,262.510009765625,260.2799987792969,261.4800109863281,5638818,261.4592013397217,261.72079133605956
2026-02-13 14:30:00+00:00,260.5950012207031,262.2300109863281,258.79998779296875,262.010009765625,9803254,260.4647037200928,260.72529872131344
2026-02-13 15:30:00+00:00,259.2875061035156,261.489990234375,258.3699951171875,260.5799865722656,3397399,259.15786235046386,259.4171498565674
2026-02-13 16:30:00+00:00,259.5899963378906,260.2099914550781,258.6000061035156,259.2984924316406,2315506,259.4602013397217,259.71979133605953
2026-02-13 17:30:00+00:00,258.9100036621094,260.2699890136719,258.7699890136719,259.5899963378906,2742312,258.7805486602783,259.0394586639404
2026-02-13 18:30:00+00:00,258.4599914550781,259.30999755859375,258.2799987792969,258.94000244140625,2401615,258.3307614593506,258.58922145080567
2026-02-13 19:30:00+00:00,255.91000366210938,258.7300109863281,255.8173065185547,258.4800109863281,3979292,255.78204866027832,256.0379586639404
2026-02-13 20:30:00+00:00,255.82000732421875,256.6600036621094,255.4499969482422,255.91000366210938,6720926,255.69209732055666,255.94791732788084
2026-02-17 14:30:00+00:00,259.6400146484375,261.3900146484375,255.55299377441406,258.04998779296875,8096132,259.5101946411133,259.7698346557617
2026-02-17 15:30:00+00:00,260.2650146484375,260.9800109863281,258.739990234375,259.6300048828125,3490944,260.1348821411133,260.3951471557617
2026-02-17 16:30:00+00:00,261.84991455078125,262.2300109863281,259.92999267578125,260.2550048828125,3136235,261.71898959350585,261.98083950805665
2026-02-17 17:30:00+00:00,263.3999938964844,263.67999267578125,260.9100036621094,261.8500061035156,3395782,263.26829389953616,263.5316938934326
2026-02-17 18:30:00+00:00,265.2850036621094,266.2900085449219,263.32000732421875,263.4599914550781,4164675,265.15236116027836,265.4176461639404
2026-02-17 19:30:00+00:00,264.2900085449219,266.14990234375,264.0201110839844,265.260009765625,2825612,264.15786354064943,264.4221535491943
2026-02-17 20:30:00+00:00,263.75,264.5299987792969,262.5,264.2950134277344,4178204,263.618125,263.881875
2026-02-18 14:30:00+00:00,265.398193359375,265.6499938964844,262.45001220703125,263.5,7797779,265.2654942626953,265.5308924560547
2026-02-18 15:30:00+00:00,266.0400085449219,266.0899963378906,265.0400085449219,265.3900146484375,2372744,265.9069885406494,266.1730285491943
2026-02-18 16:30:00+00:00,265.4200134277344,266.82000732421875,265.1700134277344,266.0249938964844,1840765,265.2873034210205,265.55272343444824
2026-02-18 17:30:00+00:00,265.39990234375,265.9599914550781,265.0,265.4100036621094,1335418,265.26720239257816,265.53260229492184
2026-02-18 18:30:00+00:00,264.57000732421875,265.5790100097656,264.52301025390625,265.3800048828125,1312561,264.43772232055665,264.70229232788085
2026-02-18 19:30:00+00:00,263.739990234375,264.6299133300781,263.2099914550781,264.5950012207031,1727473,263.6081202392578,263.8718602294922
2026-02-18 20:30:00+00:00,264.32000732421875,265.5299987792969,263.739990234375,263.739990234375,3105119,264.18784732055667,264.45216732788083
2026-02-19 14:30:00+00:00,262.8699951171875,264.3500061035156,262.2900085449219,262.6000061035156,4372727,262.7385601196289,263.0014301147461
2026-02-19 15:30:00+00:00,263.6199951171875,264.4800109863281,262.7601013183594,262.8800048828125,1726762,263.4881851196289,263.7518051147461
2026-02-19 16:30:00+00:00,262.94000244140625,264.1400146484375,262.6900939941406,263.6700134277344,1785992,262.80853244018556,263.07147244262694
2026-02-19 17:30:00+00:00,261.7699890136719,263.05999755859375,261.4200134277344,262.8999938964844,1237800,261.6391040191651,261.9008740081787
2026-02-19 18:30:00+00:00,261.5400085449219,262.368896484375,261.5,261.739990234375,1203819,261.4092385406494,261.6707785491943
2026-02-19 19:30:00+00:00,260.760009765625,261.6700134277344,260.2699890136719,261.510009765625,1954329,260.6296297607422,260.8903897705078
2026-02-19 20:30:00+00:00,260.510009765625,261.29998779296875,260.04998779296875,260.760009765625,2956715,260.37975476074223,260.64026477050777
2026-02-20 14:30:00+00:00,260.57049560546875,262.3500061035156,258.1600036621094,258.9549865722656,6967496,260.44021035766605,260.70078085327145
2026-02-20 15:30:00+00:00,261.42999267578125,263.260009765625,260.2773132324219,260.54998779296875,2960036,261.2992776794434,261.5607076721191
2026-02-20 16:30:00+00:00,262.29998779296875,264.75,261.2300109863281,261.4200134277344,3078479,262.16883779907226,262.43113778686524
2026-02-20 17:30:00+00:00,263.6099853515625,263.92999267578125,261.6099853515625,262.2695007324219,2014188,263.47818035888673,263.74179034423827
2026-02-20 18:30:00+00:00,264.42999267578125,264.7300109863281,263.1600036621094,263.57501220703125,1630010,264.29777767944336,264.56220767211914
2026-02-20 19:30:00+00:00,263.3301086425781,264.7099914550781,263.2850036621094,264.44000244140625,1887447,263.19844358825685,263.4617736968994
2026-02-20 20:30:00+00:00,264.5899963378906,264.7449951171875,263.0899963378906,263.3450012207031,13540364,264.45770133972167,264.7222913360596
2026-02-23 14:30:00+00:00,267.04998779296875,267.739990234375,263.3810119628906,263.489990234375,7631864,266.9164627990723,267.1835127868652
2026-02-23 15:30:00+00:00,266.5899963378906,267.5299072265625,264.75,267.0899963378906,1006448,266.4567013397217,266.72329133605956
2026-02-23 16:30:00+00:00,267.1297912597656,267.34588623046875,265.8399963378906,266.57000732421875,2169664,266.99622636413574,267.2633561553955
2026-02-23 17:30:00+00:00,269.3349914550781,269.3699951171875,266.8612060546875,267.10699462890625,2699181,269.2003239593506,269.46965895080564
2026-02-23 18:30:00+00:00,267.29998779296875,269.42999267578125,267.25,269.3399963378906,2303781,267.16633779907227,267.43363778686523
2026-02-23 19:30:00+00:00,266.7799987792969,267.3299865722656,266.2799987792969,267.2701110839844,2444216,266.64660877990724,266.9133887786865
2026-02-23 20:30:00+00:00,266.3900146484375,267.20001220703125,265.989990234375,266.80999755859375,2450818,266.2568196411133,266.5232096557617
2026-02-24 14:30:00+00:00,273.6700134277344,274.8900146484375,267.739990234375,268.0,8122809,273.5331784210205,273.8068484344482
2026-02-24 15:30:00+00:00,273.2200012207031,274.82000732421875,272.3599853515625,273.67999267578125,10039980,273.0833912200928,273.35661122131347
2026-02-24 16:30:00+00:00,272.510009765625,273.239990234375,271.989990234375,273.2250061035156,0,272.3737547607422,272.6462647705078
2026-02-24 17:30:00+00:00,271.5950012207031,272.7900085449219,271.5950012207031,272.489990234375,1641925,271.4592037200928,271.7307987213135
2026-02-24 18:30:00+00:00,272.2900085449219,272.54998779296875,271.3699951171875,271.6000061035156,1871775,272.1538635406494,272.42615354919434
2026-02-24 19:30:00+00:00,271.909912109375,272.7200012207031,271.3800048828125,272.2799987792969,2122079,271.77395715332034,272.04586706542966
2026-02-24 20:30:00+00:00,272.1700134277344,272.4299011230469,271.4800109863281,271.9100036621094,13328406,272.0339284210205,272.30609843444824
2026-02-25 14:30:00+00:00,273.6300048828125,274.0799865722656,271.04998779296875,271.67999267578125,5230897,273.4931898803711,273.7668198852539
2026-02-25 15:30:00+00:00,273.9649963378906,274.58990478515625,272.9200134277344,273.6300048828125,2463949,273.8280138397217,274.1019788360596
2026-02-25 16:30:00+00:00,273.6099853515625,274.06988525390625,272.9599914550781,273.9150085449219,1694059,273.47318035888674,273.74679034423826
2026-02-25 17:30:00+00:00,274.3500061035156,274.6300048828125,273.4200134277344,273.6099853515625,1522519,274.21283110046386,274.4871811065674
2026-02-25 18:30:00+00:00,274.4100036621094,274.94000244140625,274.17999267578125,274.3299865722656,1635951,274.27279866027834,274.5472086639404
2026-02-25 19:30:00+00:00,273.75,274.5400085449219,273.2099914550781,274.4100036621094,1879899,273.613125,273.886875
2026-02-25 20:30:00+00:00,274.17999267578125,274.7200012207031,273.625,273.7200012207031,2422723,274.0429026794434,274.3170826721191
2026-02-26 14:30:00+00:00,272.0,276.1099853515625,270.8399963378906,274.9549865722656,5054219,271.86400000000003,272.13599999999997
2026-02-26 15:30:00+00:00,272.5400085449219,272.78509521484375,270.7950134277344,271.9200134277344,2579542,272.40373854064944,272.6762785491943
2026-02-26 16:30:00+00:00,271.760009765625,272.7300109863281,271.5126953125,272.5299987792969,1300410,271.6241297607422,271.8958897705078
2026-02-26 17:30:00+00:00,271.3900146484375,272.0249938964844,270.9100036621094,271.7550048828125,1189482,271.2543196411133,271.5257096557617
2026-02-26 18:30:00+00:00,272.79998779296875,272.94000244140625,270.8529968261719,271.4100036621094,1838921,272.6635877990723,272.9363877868652
2026-02-26 19:30:00+00:00,272.6300048828125,273.5,272.5799865722656,272.80499267578125,1756013,272.4936898803711,272.7663198852539
2026-02-26 20:30:00+00:00,272.989990234375,273.07000732421875,272.20001220703125,272.6449890136719,1906660,272.8534952392578,273.1264852294922
2026-02-27 14:30:00+00:00,268.5050048828125,272.80999755859375,268.29998779296875,272.80999755859375,8446879,268.37075238037113,268.63925738525387
2026-02-27 15:30:00+00:00,269.05499267578125,269.6400146484375,268.1919860839844,268.4700927734375,0,268.9204651794434,269.1895201721191
2026-02-27 16:30:00+00:00,267.8841857910156,269.5199890136719,267.2699890136719,269.07000732421875,1958841,267.75024369812013,268.0181278839111
2026-02-27 17:30:00+00:00,265.9508056640625,268.260009765625,265.8800048828125,267.8699951171875,8433506,265.8178302612305,266.0837810668945
2026-02-27 18:30:00+00:00,265.7300109863281,266.4800109863281,265.4801025390625,265.95001220703125,0,265.59714598083497,265.8628759918213
2026-02-27 19:30:00+00:00,266.6400146484375,266.8999938964844,265.260009765625,265.7300109863281,2562786,266.5066946411133,266.7733346557617
2026-02-27 20:30:00+00:00,264.1700134277344,266.6300048828125,262.8900146484375,266.6300048828125,9125681,264.0379284210205,264.3020984344482
2026-03-02 14:30:00+00:00,263.80999755859375,264.5398864746094,260.20001220703125,262.44000244140625,9648357,263.67809255981444,263.94190255737306
2026-03-02 15:30:00+00:00,264.3599853515625,265.0299987792969,262.0,263.82000732421875,439306,264.2278053588867,264.4921653442383
2026-03-02 16:30:00+00:00,266.0,266.20001220703125,264.0,264.3599853515625,2203439,265.867,266.133
2026-03-02 17:30:00+00:00,265.5,266.2900085449219,265.25,265.9949951171875,1644931,265.36725,265.63275
2026-03-02 18:30:00+00:00,266.05999755859375,266.1499938964844,264.3599853515625,265.52801513671875,6993135,265.92696755981444,266.19302755737306
2026-03-02 19:30:00+00:00,264.30999755859375,266.5299987792969,264.1400146484375,266.0450134277344,3422545,264.17784255981445,264.44215255737305
2026-03-02 20:30:00+00:00,264.6000061035156,265.54998779296875,263.6099853515625,264.31500244140625,5738581,264.4677061004639,264.73230610656736
2026-03-03 14:30:00+00:00,262.260009765625,265.55999755859375,261.2200012207031,263.4800109863281,8047558,262.1288797607422,262.3911397705078
2026-03-03 15:30:00+00:00,262.57000732421875,263.94000244140625,261.9100036621094,262.2799987792969,4016845,262.4387223205567,262.7012923278808
2026-03-03 16:30:00+00:00,261.80999755859375,263.7799987792969,261.5799865722656,262.4800109863281,2940122,261.6790925598145,261.940902557373
2026-03-03 17:30:00+00:00,261.4800109863281,261.8699951171875,260.1300048828125,261.79998779296875,2901307,261.349270980835,261.61075099182125
2026-03-03 18:30:00+00:00,263.6549987792969,263.9100036621094,261.3699951171875,261.44000244140625,2917518,263.5231712799072,263.78682627868653
2026-03-03 19:30:00+00:00,263.2799987792969,264.614990234375,262.510009765625,263.6700134277344,2571377,263.14835877990726,263.4116387786865
2026-03-03 20:30:00+00:00,263.6889953613281,263.9599914550781,262.3399963378906,263.239990234375,4138461,263.55715086364745,263.8208398590088
2026-03-04 14:30:00+00:00,264.1300048828125,266.1499938964844,261.4200134277344,264.6499938964844,7214854,263.9979398803711,264.2620698852539
2026-03-04 15:30:00+00:00,264.5299987792969,264.7200012207031,262.81500244140625,264.125,3576211,264.39773377990724,264.6622637786865
2026-03-04 16:30:00+00:00,264.8999938964844,265.510009765625,264.29998779296875,264.5199890136719,3050842,264.7675438995361,265.0324438934326
2026-03-04 17:30:00+00:00,263.7799987792969,265.3599853515625,263.3399963378906,264.9100036621094,2827303,263.64810877990726,263.9118887786865
2026-03-04 18:30:00+00:00,263.3500061035156,264.19500732421875,263.05999755859375,263.79998779296875,2889009,263.2183311004639,263.48168110656735
2026-03-04 19:30:00+00:00,262.7300109863281,263.67999267578125,262.0599060058594,263.3399963378906,3383632,262.598645980835,262.86137599182126
2026-03-04 20:30:00+00:00,262.45001220703125,263.1600036621094,262.16461181640625,262.7099914550781,4837636,262.3187872009278,262.5812372131347
2026-03-05 14:30:00+00:00,258.8699951171875,261.45001220703125,258.5400085449219,260.7449951171875,10468747,258.7405601196289,258.9994301147461
2026-03-05 15:30:00+00:00,260.7550048828125,261.2250061035156,258.07501220703125,258.9100036621094,4851072,260.6246273803711,260.8853823852539
2026-03-05 16:30:00+00:00,259.0199890136719,261.55499267578125,258.9700012207031,260.760009765625,3933354,258.89047901916507,259.1494990081787
2026-03-05 17:30:00+00:00,258.9090881347656,259.489990234375,258.4949951171875,259.0400085449219,3426289,258.77963359069827,259.038542678833
2026-03-05 18:30:00+00:00,257.8599853515625,259.17999267578125,257.760009765625,258.9200134277344,3356489,257.73105535888675,257.98891534423825
2026-03-05 19:30:00+00:00,258.69000244140625,259.489990234375,257.25,257.8450012207031,4038383,258.56065744018554,258.81934744262696
2026-03-05 20:30:00+00:00,260.260009765625,260.55999755859375,258.4100036621094,258.67999267578125,7022514,260.1298797607422,260.3901397705078
2026-03-06 14:30:00+00:00,256.70001220703125,258.760009765625,254.3699951171875,258.739990234375,8565069,256.57166220092773,256.82836221313477
2026-03-06 15:30:00+00:00,257.25,257.95001220703125,256.0799865722656,256.69500732421875,3270567,257.121375,257.378625
2026-03-06 16:30:00+00:00,256.7699890136719,257.489990234375,256.3900146484375,257.29998779296875,3297640,256.6416040191651,256.8983740081787
2026-03-06 17:30:00+00:00,256.4750061035156,257.5899963378906,256.05999755859375,256.7699890136719,2387760,256.34676860046386,256.6032436065674
2026-03-06 18:30:00+00:00,257.17999267578125,257.2300109863281,255.91000366210938,256.4750061035156,2090262,257.05140267944336,257.30858267211914
2026-03-06 19:30:00+00:00,256.9100036621094,257.96990966796875,256.8005065917969,257.1700134277344,2795477,256.78154866027836,257.0384586639404
2026-03-06 20:30:00+00:00,257.44000244140625,258.010009765625,256.44000244140625,256.9200134277344,5129423,257.31128244018555,257.56872244262695
2026-03-09 13:30:00+00:00,255.7100067138672,257.0198974609375,253.6804962158203,255.69000244140625,7181497,255.58215171051026,255.83786171722411
2026-03-09 14:30:00+00:00,257.7300109863281,257.8800048828125,255.6300048828125,255.66000366210938,3727402,257.601145980835,257.85887599182126
2026-03-09 15:30:00+00:00,257.57000732421875,258.2699890136719,257.1499938964844,257.7200012207031,3050497,257.4412223205567,257.6987923278808
2026-03-09 16:30:00+00:00,256.6300048828125,258.0899963378906,256.5400085449219,257.5799865722656,2401092,256.5016898803711,256.7583198852539
2026-03-09 17:30:00+00:00,257.1499938964844,257.364990234375,255.9499969482422,256.6499938964844,2688859,257.0214188995362,257.2785688934326
2026-03-09 18:30:00+00:00,259.4800109863281,259.57000732421875,256.5199890136719,257.1317138671875,4105990,259.350270980835,259.6097509918213
2026-03-09 19:30:00+00:00,259.8900146484375,261.1499938964844,259.010009765625,259.4599914550781,4821540,259.7600696411133,260.0199596557617
2026-03-10 13:30:00+00:00,259.9700012207031,260.25,256.95001220703125,257.69500732421875,5290551,259.84001622009276,260.0999862213135
2026-03-10 14:30:00+00:00,261.30999755859375,261.7799987792969,259.9150085449219,259.9400939941406,3031430,261.1793425598145,261.440652557373
2026-03-10 15:30:00+00:00,261.8699951171875,261.9800109863281,261.0,261.29998779296875,2380233,261.7390601196289,262.0009301147461
2026-03-10 16:30:00+00:00,262.20001220703125,262.4800109863281,260.82000732421875,261.8900146484375,2603212,262.06891220092774,262.33111221313476
2026-03-10 17:30:00+00:00,261.6700134277344,262.4800109863281,260.4700012207031,262.19000244140625,3001027,261.5391784210205,261.80084843444826
2026-03-10 18:30:00+00:00,260.5050048828125,261.9700012207031,260.42999267578125,261.70001220703125,2377024,260.3747523803711,260.6352573852539
2026-03-10 19:30:00+00:00,260.7200012207031,261.20001220703125,260.35009765625,260.4700012207031,3231160,260.5896412200928,260.85036122131345
2026-03-11 13:30:00+00:00,259.9949951171875,262.1300048828125,259.54998779296875,261.2099914550781,4281023,259.8649976196289,260.1249926147461
2026-03-11 14:30:00+00:00,260.1000061035156,260.9599914550781,259.8599853515625,260.0,2604285,259.9699561004639,260.23005610656736
2026-03-11 15:30:00+00:00,260.6449890136719,260.8680114746094,259.8500061035156,260.1199951171875,1954747,260.5146665191651,260.7753115081787
2026-03-11 16:30:00+00:00,261.02508544921875,261.20001220703125,260.5,260.6199951171875,1517902,260.89457290649415,261.15559799194335
2026-03-11 17:30:00+00:00,260.1099853515625,261.1300048828125,259.6300048828125,261.0400085449219,1845686,259.97993035888675,260.24004034423825
2026-03-11 18:30:00+00:00,260.1317138671875,260.3999938964844,259.80999755859375,260.1000061035156,1606862,260.0016480102539,260.2617797241211
2026-03-11 19:30:00+00:00,260.80999755859375,261.1000061035156,260.0400085449219,260.1400146484375,3235002,260.67959255981447,260.94040255737303
2026-03-12 13:30:00+00:00,254.6699981689453,258.95001220703125,254.6699981689453,258.6400146484375,7250332,254.54266316986084,254.79733316802978
2026-03-12 14:30:00+00:00,255.35499572753906,255.7899932861328,254.35000610351562,254.66000366210938,3974410,255.22731822967532,255.4826732254028
2026-03-12 15:30:00+00:00,255.65780639648438,256.25,254.17999267578125,255.3300018310547,3679550,255.52997749328614,255.7856352996826
2026-03-12 16:30:00+00:00,255.0500030517578,255.9499969482422,254.77000427246094,255.6300048828125,3104437,254.92247805023194,255.17752805328368
2026-03-12 17:30:00+00:00,255.39500427246094,255.67999267578125,254.80999755859375,255.04010009765625,2746542,255.26730677032472,255.52270177459715
2026-03-12 18:30:00+00:00,256.0899963378906,256.25,254.88999938964844,255.3699951171875,3162742,255.9619513397217,256.21804133605957
2026-03-12 19:30:00+00:00,255.75,256.2051086425781,254.97000122070312,256.09991455078125,4532523,255.622125,255.877875
2026-03-13 13:30:00+00:00,255.4250030517578,256.3299865722656,254.6407012939453,255.39999389648438,5452768,255.29729055023193,255.5527155532837
2026-03-13 14:30:00+00:00,253.3007049560547,255.80999755859375,253.27000427246094,255.42999267578125,3280492,253.17405460357668,253.4273553085327
2026-03-13 15:30:00+00:00,252.65499877929688,253.50999450683594,251.85000610351562,253.3300018310547,3395163,252.52867127990723,252.78132627868652
2026-03-13 16:30:00+00:00,251.17999267578125,252.97000122070312,250.9600067138672,252.63999938964844,4343212,251.05440267944337,251.30558267211913
2026-03-13 17:30:00+00:00,251.26400756835938,251.65750122070312,250.779296875,251.18499755859375,2493737,251.1383755645752,251.38963957214355
2026-03-13 18:30:00+00:00,250.2949981689453,251.84500122070312,250.2100067138672,251.25999450683594,3296194,250.16985066986086,250.42014566802976
2026-03-13 19:30:00+00:00,250.11500549316406,250.6199951171875,249.52000427246094,250.27999877929688,6367474,249.9899479904175,250.24006299591062
2026-03-16 13:30:00+00:00,253.2357940673828,253.58999633789062,249.91000366210938,252.10499572753906,4604631,253.10917617034914,253.36241196441648
2026-03-16 14:30:00+00:00,253.01499938964844,253.88499450683594,252.9199981689453,253.22000122070312,2784630,252.88849188995363,253.14150688934325
2026-03-16 15:30:00+00:00,252.36500549316406,253.5399932861328,252.20010375976562,253.00999450683594,1738509,252.2388229904175,252.49118799591062
2026-03-16 16:30:00+00:00,252.92999267578125,253.3300018310547,252.1999969482422,252.35000610351562,1437485,252.80352767944336,253.05645767211914
2026-03-16 17:30:00+00:00,252.9199981689453,253.05999755859375,252.1300048828125,252.94000244140625,1544256,252.79353816986085,253.04645816802977
2026-03-16 18:30:00+00:00,252.86199951171875,253.44000244140625,252.27000427246094,252.9219970703125,1954982,252.7355685119629,252.9884305114746
2026-03-16 19:30:00+00:00,252.77999877929688,253.05999755859375,252.11000061035156,252.83999633789062,2287594,252.65360877990724,252.9063887786865
2026-03-17 13:30:00+00:00,254.44000244140625,255.0749969482422,252.17999267578125,253.07850646972656,3494086,254.31278244018557,254.56722244262693
2026-03-17 14:30:00+00:00,254.1699981689453,254.9499969482422,253.80079650878906,254.47999572753906,1412006,254.04291316986087,254.29708316802976
2026-03-17 15:30:00+00:00,254.86000061035156,255.12989807128906,253.66000366210938,254.14999389648438,1738870,254.7325706100464,254.98743061065673
2026-03-17 16:30:00+00:00,253.9199981689453,255.02999877929688,253.55999755859375,254.8699951171875,6074290,253.79303816986086,254.04695816802976
2026-03-17 17:30:00+00:00,254.10000610351562,254.6300048828125,253.88499450683594,253.91000366210938,0,253.97295610046388,254.22705610656737
2026-03-17 18:30:00+00:00,253.77000427246094,254.3300018310547,253.13009643554688,254.09500122070312,1332707,253.64311927032472,253.89688927459716
2026-03-17 19:30:00+00:00,254.22999572753906,254.5800018310547,253.67999267578125,253.77999877929688,1930468,254.10288072967532,254.3571107254028
2026-03-18 13:30:00+00:00,252.35499572753906,254.94000244140625,251.3800048828125,252.625,3152133,252.2288182296753,252.4811732254028
2026-03-18 14:30:00+00:00,252.3199005126953,253.05999755859375,252.0800018310547,252.33999633789062,2064997,252.193740562439,252.44606046295164
2026-03-18 15:30:00+00:00,251.57009887695312,252.3300018310547,251.4600067138672,252.30999755859375,1753188,251.44431382751466,251.6958839263916
2026-03-18 16:30:00+00:00,250.80499267578125,251.58999633789062,250.38999938964844,251.5749969482422,1604382,250.67959017944338,250.93039517211912
2026-03-18 17:30:00+00:00,250.9600067138672,251.64759826660156,250.5399932861328,250.7899932861328,1514045,250.83452671051026,251.08548671722411
2026-03-18 18:30:00+00:00,249.67999267578125,250.94500732421875,249.61000061035156,250.94000244140625,1957409,249.55515267944338,249.80483267211912
2026-03-18 19:30:00+00:00,249.91000366210938,250.35000610351562,249.0,249.69400024414062,2998677,249.78504866027833,250.03495866394042
2026-03-19 13:30:00+00:00,249.8000030517578,251.8300018310547,247.3000030517578,249.39999389648438,5282204,249.67510305023194,249.92490305328369
2026-03-19 14:30:00+00:00,249.41000366210938,250.7100067138672,249.14010620117188,249.80099487304688,1824930,249.28529866027833,249.53470866394042
2026-03-19 15:30:00+00:00,249.25999450683594,249.95260620117188,248.8800048828125,249.41000366210938,1704879,249.13536450958253,249.38462450408935
2026-03-19 16:30:00+00:00,248.2801055908203,249.4199981689453,247.7100067138672,249.27499389648438,7064876,248.15596553802493,248.4042456436157
2026-03-19 17:30:00+00:00,248.02200317382812,248.5299072265625,247.6699981689453,248.2949981689453,0,247.89799217224123,248.14601417541502
2026-03-19 18:30:00+00:00,248.47000122070312,249.58999633789062,247.6699981689453,248.00999450683594,2599457,248.3457662200928,248.59423622131345
2026-03-19 19:30:00+00:00,248.90699768066406,249.3300018310547,248.2899932861328,248.44000244140625,2408615,248.78254418182374,249.0314511795044
2026-03-20 13:30:00+00:00,247.75999450683594,248.75999450683594,246.61000061035156,248.11000061035156,16388329,247.63611450958254,247.88387450408933
2026-03-20 14:30:00+00:00,247.98500061035156,248.85000610351562,247.16009521484375,247.80999755859375,6539448,247.8610081100464,248.1089931106567
2026-03-20 15:30:00+00:00,248.6199951171875,249.05999755859375,247.86000061035156,247.9499969482422,2911321,248.49568511962892,248.74430511474608
2026-03-20 16:30:00+00:00,248.27000427246094,248.7899932861328,248.0800018310547,248.6300048828125,2570162,248.1458692703247,248.39413927459717
2026-03-20 17:30:00+00:00,248.0399932861328,248.75990295410156,247.5301055908203,248.2899932861328,2895312,247.91597328948976,248.16401328277587
2026-03-20 18:30:00+00:00,248.08999633789062,249.1999053955078,247.58999633789062,248.08999633789062,3994932,247.9659513397217,248.21404133605955
2026-03-20 19:30:00+00:00,248.19000244140625,248.1999969482422,246.0,248.08999633789062,6366085,248.06590744018555,248.31409744262695
2026-03-23 13:30:00+00:00,252.4398956298828,254.55999755859375,251.02000427246094,253.99000549316406,9464664,252.3136756820679,252.56611557769773
2026-03-23 14:30:00+00:00,252.57989501953125,252.9199981689453,251.52999877929688,252.4199981689453,3394637,252.4536050720215,252.706184967041
2026-03-23 15:30:00+00:00,250.80499267578125,252.90499877929688,250.6750030517578,252.58999633789062,4431092,250.67959017944338,250.93039517211912
2026-03-23 16:30:00+00:00,250.9199981689453,251.75,250.27999877929688,250.80999755859375,2569031,250.79453816986086,251.04545816802977
2026-03-23 17:30:00+00:00,251.3300018310547,251.98500061035156,250.89999389648438,250.9550018310547,2523158,251.20433683013917,251.4556668319702
2026-03-23 18:30:00+00:00,251.76499938964844,252.4149932861328,251.3699951171875,251.3699951171875,2979367,251.63911688995364,251.89088188934323
2026-03-23 19:30:00+00:00,251.44000244140625,252.52499389648438,250.97000122070312,251.76499938964844,4373303,251.31428244018556,251.56572244262694
2026-03-24 13:30:00+00:00,252.47000122070312,253.1199951171875,249.5500030517578,250.49000549316406,5324672,252.3437662200928,252.59623622131346
2026-03-24 14:30:00+00:00,253.98500061035156,254.1699981689453,251.74000549316406,252.44000244140625,4425199,253.8580081100464,254.11199311065673
2026-03-24 15:30:00+00:00,254.58999633789062,254.8249969482422,253.38490295410156,253.97999572753906,2900185,254.4627013397217,254.71729133605956
2026-03-24 16:30:00+00:00,253.05999755859375,254.7100067138672,252.76499938964844,254.59689331054688,2254333,252.93346755981446,253.18652755737304
2026-03-24 17:30:00+00:00,252.57000732421875,253.5399932861328,252.2949981689453,253.0500030517578,2463029,252.44372232055665,252.69629232788085
2026-03-24 18:30:00+00:00,252.089599609375,253.1501007080078,252.0800018310547,252.58999633789062,2249663,251.96355480957033,252.21564440917967
2026-03-24 19:30:00+00:00,251.75,252.1300048828125,251.22000122070312,252.08990478515625,3583757,251.62412500000002,251.87587499999998
2026-03-25 13:30:00+00:00,252.86000061035156,254.97999572753906,251.60000610351562,254.02000427246094,5252200,252.7335706100464,252.98643061065673
2026-03-25 14:30:00+00:00,254.2449951171875,254.2899932861328,252.60000610351562,252.8699951171875,3411621,254.1178726196289,254.3721176147461
2026-03-25 15:30:00+00:00,253.9250030517578,254.4600067138672,253.08999633789062,254.24000549316406,2284849,253.79804055023195,254.05196555328368
2026-03-25 16:30:00+00:00,254.14500427246094,254.64999389648438,253.74000549316406,254.0,2123725,254.0179317703247,254.27207677459717
2026-03-25 17:30:00+00:00,253.9600067138672,254.50999450683594,253.73500061035156,254.1199951171875,1763468,253.83302671051027,254.0869867172241
2026-03-25 18:30:00+00:00,252.625,254.05499267578125,252.25999450683594,253.9499969482422,2548509,252.49868750000002,252.75131249999998
2026-03-25 19:30:00+00:00,252.57000732421875,252.71499633789062,252.00999450683594,252.63499450683594,3058584,252.44372232055665,252.69629232788085
2026-03-26 13:30:00+00:00,255.91000366210938,256.239990234375,250.77499389648438,251.9949951171875,7345489,255.78204866027832,256.0379586639404
2026-03-26 14:30:00+00:00,255.67999267578125,257.0,255.50999450683594,255.89999389648438,5446373,255.55215267944337,255.80783267211913
2026-03-26 15:30:00+00:00,256.1000061035156,256.7699890136719,255.57000732421875,255.69000244140625,3382555,255.97195610046387,256.22805610656735
2026-03-26 16:30:00+00:00,254.99000549316406,256.4599914550781,254.59010314941406,256.1000061035156,3520903,254.8625104904175,255.11750049591063
2026-03-26 17:30:00+00:00,253.8249969482422,255.11500549316406,253.38999938964844,254.97999572753906,4260523,253.6980844497681,253.9519094467163
2026-03-26 18:30:00+00:00,253.6699981689453,254.51499938964844,253.13999938964844,253.85000610351562,3242928,253.54316316986086,253.79683316802976
2026-03-26 19:30:00+00:00,252.8800048828125,253.72500610351562,252.02000427246094,253.67999267578125,4420545,252.7535648803711,253.0064448852539
2026-03-27 13:30:00+00:00,254.47999572753906,255.4929962158203,252.7801055908203,253.91000366210938,9684416,254.3527557296753,254.60723572540283
2026-03-27 14:30:00+00:00,252.6199951171875,254.69000244140625,251.8000030517578,254.4600067138672,5252638,252.4936851196289,252.7463051147461
2026-03-27 15:30:00+00:00,251.77999877929688,253.24000549316406,251.69000244140625,252.6199951171875,3302520,251.65410877990723,251.90588877868652
2026-03-27 16:30:00+00:00,250.41000366210938,252.75999450683594,250.3699951171875,251.77499389648438,3282303,250.28479866027834,250.5352086639404
2026-03-27 17:30:00+00:00,249.38499450683594,250.5800018310547,248.63499450683594,250.41000366210938,4579763,249.26030200958255,249.50968700408933
2026-03-27 18:30:00+00:00,248.40989685058594,249.52000427246094,248.25,249.4199981689453,4113587,248.28569190216066,248.5341017990112
2026-03-27 19:30:00+00:00,248.6199951171875,249.3699951171875,248.07000732421875,248.41000366210938,5252096,248.49568511962892,248.74430511474608
2026-03-30 13:30:00+00:00,247.8300018310547,250.83999633789062,246.97000122070312,249.9949951171875,6260227,247.70608683013918,247.9539168319702
2026-03-30 14:30:00+00:00,246.52999877929688,248.0,246.0399932861328,247.82000732421875,4008529,246.40673377990723,246.65326377868652
2026-03-30 15:30:00+00:00,246.02000427246094,247.2100067138672,245.9600067138672,246.52999877929688,2817533,245.8969942703247,246.14301427459716
2026-03-30 16:30:00+00:00,246.25,247.44000244140625,245.9600067138672,246.00999450683594,2713501,246.126875,246.373125
2026-03-30 17:30:00+00:00,246.48019409179688,247.32000732421875,245.9949951171875,246.2550048828125,2877202,246.356953994751,246.60343418884275
2026-03-30 18:30:00+00:00,245.88999938964844,246.8300018310547,245.8300018310547,246.50999450683594,2969148,245.7670543899536,246.01294438934326
2026-03-30 19:30:00+00:00,246.5399932861328,247.0399932861328,245.50999450683594,245.88999938964844,4551161,246.41672328948977,246.66326328277586
2026-03-31 13:30:00+00:00,248.94009399414062,249.27000427246094,247.63999938964844,247.88999938964844,5972142,248.81562394714356,249.0645640411377
2026-03-31 14:30:00+00:00,248.42999267578125,249.00999450683594,247.1009979248047,248.94009399414062,3461229,248.30577767944337,248.55420767211913
2026-03-31 15:30:00+00:00,250.33999633789062,250.69000244140625,247.66000366210938,248.4499969482422,3436143,250.2148263397217,250.46516633605955
2026-03-31 16:30:00+00:00,253.22500610351562,253.92990112304688,250.17999267578125,250.3498992919922,5752049,253.09839360046388,253.35161860656737
2026-03-31 17:30:00+00:00,253.1300048828125,253.9600067138672,252.39999389648438,253.17999267578125,3142090,253.0034398803711,253.2565698852539
2026-03-31 18:30:00+00:00,253.6699981689453,254.125,253.02000427246094,253.1199951171875,3514497,253.54316316986086,253.79683316802976
2026-03-31 19:30:00+00:00,253.7899932861328,255.47999572753906,253.27999877929688,253.6699981689453,7002121,253.66309828948977,253.91688828277586
