Datetime,Close,High,Low,Open,Volume,Bid,Ask
2026-01-02 14:30:00+00:00,273.19000244140625,273.3900146484375,272.3800048828125,272.69000244140625,1701630,273.05340744018554,273.32659744262696
2026-01-02 14:35:00+00:00,273.989990234375,274.42999267578125,272.9200134277344,273.1600036621094,613743,273.85299523925784,274.12698522949216
2026-01-02 14:40:00+00:00,275.54998779296875,275.54998779296875,273.9580078125,274.0199890136719,765889,275.4122127990723,275.6877627868652
2026-01-02 14:45:00+00:00,277.4184875488281,277.4984130859375,275.52899169921875,275.92999267578125,954179,277.27977830505375,277.5571967926025
2026-01-02 14:50:00+00:00,277.07501220703125,277.8247985839844,276.875,277.42498779296875,753600,276.93647470092776,277.21354971313474
2026-01-02 14:55:00+00:00,276.9549865722656,277.2799072265625,276.6189880371094,277.07861328125,431058,276.8165090789795,277.09346406555176
2026-01-02 15:00:00+00:00,277.17999267578125,277.75,276.8999938964844,276.9549865722656,583223,277.04140267944337,277.31858267211913
2026-01-02 15:05:00+00:00,276.29010009765625,277.2200012207031,276.2799987792969,277.1809997558594,370284,276.15195504760743,276.42824514770507
2026-01-02 15:10:00+00:00,275.510009765625,276.4599914550781,275.510009765625,276.32000732421875,341789,275.3722547607422,275.6477647705078
2026-01-02 15:15:00+00:00,274.9599914550781,275.510009765625,274.8599853515625,275.510009765625,325861,274.8225114593506,275.09747145080564
2026-01-02 15:20:00+00:00,273.739990234375,275.010009765625,273.7099914550781,275.010009765625,411831,273.6031202392578,273.8768602294922
2026-01-02 15:25:00+00:00,273.3900146484375,273.8800048828125,273.3700866699219,273.760009765625,343052,273.2533196411133,273.5267096557617
2026-01-02 15:30:00+00:00,273.1099853515625,273.3900146484375,272.91009521484375,273.3699951171875,412445,272.97343035888673,273.24654034423827
2026-01-02 15:35:00+00:00,272.56500244140625,273.17999267578125,272.3599853515625,273.1000061035156,289003,272.42871994018554,272.70128494262696
2026-01-02 15:40:00+00:00,272.75,272.989990234375,272.3800048828125,272.56500244140625,300974,272.613625,272.886375
2026-01-02 15:45:00+00:00,272.64801025390625,273.2900085449219,272.55999755859375,272.760009765625,312074,272.5116862487793,272.7843342590332
2026-01-02 15:50:00+00:00,271.96600341796875,272.7300109863281,271.70001220703125,272.6600036621094,456754,271.8300204162598,272.1019864196777
2026-01-02 15:55:00+00:00,270.6499938964844,272.2099914550781,270.6000061035156,271.97198486328125,479356,270.51466889953616,270.7853188934326
2026-01-02 16:00:00+00:00,270.42999267578125,270.6899108886719,270.1300048828125,270.6499938964844,470258,270.29477767944337,270.56520767211913
2026-01-02 16:05:00+00:00,270.6896057128906,270.7004089355469,270.0299987792969,270.4200134277344,299934,270.5542609100342,270.82495051574705
2026-01-02 16:10:00+00:00,270.625,270.7380065917969,269.8299865722656,270.67999267578125,355347,270.4896875,270.7603125
2026-01-02 16:15:00+00:00,270.239990234375,270.848388671875,270.1300048828125,270.625,262594,270.1048702392578,270.3751102294922
2026-01-02 16:20:00+00:00,270.5299987792969,270.6600036621094,270.010009765625,270.2300109863281,228520,270.39473377990726,270.6652637786865
2026-01-02 16:25:00+00:00,270.3245849609375,270.5779113769531,270.2699890136719,270.5199890136719,211225,270.18942266845704,270.45974725341796
2026-01-02 16:30:00+00:00,270.8900146484375,270.9599914550781,270.17999267578125,270.29998779296875,221586,270.7545696411133,271.0254596557617
2026-01-02 16:35:00+00:00,270.5899963378906,270.9599914550781,270.4800109863281,270.885009765625,190255,270.4547013397217,270.72529133605957
2026-01-02 16:40:00+00:00,270.1499938964844,270.6000061035156,270.1499938964844,270.5849914550781,188709,270.01491889953616,270.2850688934326
2026-01-02 16:45:00+00:00,270.1000061035156,270.32000732421875,270.0199890136719,270.1400146484375,205337,269.9649561004639,270.23505610656736
2026-01-02 16:50:00+00:00,269.70001220703125,270.1098937988281,269.5801086425781,270.0899963378906,274360,269.5651622009278,269.8348622131347
2026-01-02 16:55:00+00:00,269.6499938964844,269.875,269.6000061035156,269.70001220703125,148834,269.51516889953615,269.7848188934326
2026-01-02 17:00:00+00:00,269.2300109863281,269.7099914550781,269.1099853515625,269.6400146484375,304978,269.09539598083495,269.3646259918213
2026-01-02 17:05:00+00:00,269.6700134277344,269.739990234375,269.2200012207031,269.2200012207031,200291,269.53517842102053,269.8048484344482
2026-01-02 17:10:00+00:00,270.2300109863281,270.2499084472656,269.6600036621094,269.67498779296875,202260,270.09489598083496,270.3651259918213
2026-01-02 17:15:00+00:00,269.9324951171875,270.2749938964844,269.9224853515625,270.2250061035156,157506,269.79752886962893,270.06746136474607
2026-01-02 17:20:00+00:00,269.9949951171875,270.1400146484375,269.7799987792969,269.9200134277344,154622,269.8599976196289,270.1299926147461
2026-01-02 17:25:00+00:00,270.1499938964844,270.1499938964844,269.8445129394531,269.989990234375,183135,270.01491889953616,270.2850688934326
2026-01-02 17:30:00+00:00,270.02679443359375,270.2699890136719,269.95001220703125,270.17999267578125,173400,269.891781036377,270.1618078308105
2026-01-02 17:35:00+00:00,270.1091003417969,270.2200012207031,270.010009765625,270.02508544921875,180320,269.974045791626,270.24415489196775
2026-01-02 17:40:00+00:00,270.135009765625,270.20001220703125,269.9100036621094,270.1000061035156,134225,269.9999422607422,270.2700772705078
2026-01-02 17:45:00+00:00,269.8599853515625,270.29998779296875,269.7650146484375,270.1499938964844,185065,269.7250553588867,269.9949153442383
2026-01-02 17:50:00+00:00,270.10699462890625,270.1199951171875,269.7300109863281,269.8500061035156,219245,269.9719411315918,270.2420481262207
2026-01-02 17:55:00+00:00,270.1400146484375,270.2300109863281,270.0150146484375,270.1000061035156,127422,270.0049446411133,270.2750846557617
2026-01-02 18:00:00+00:00,270.239990234375,270.4800109863281,270.1173095703125,270.1173095703125,156953,270.1048702392578,270.3751102294922
2026-01-02 18:05:00+00:00,270.2300109863281,270.3399963378906,270.0799865722656,270.2410888671875,122326,270.09489598083496,270.3651259918213
2026-01-02 18:10:00+00:00,269.95001220703125,270.3599853515625,269.94000244140625,270.239990234375,126963,269.81503720092775,270.08498721313475
2026-01-02 18:15:00+00:00,270.1600036621094,270.2300109863281,269.8900146484375,269.94000244140625,114731,270.0249236602783,270.29508366394043
2026-01-02 18:20:00+00:00,270.0,270.2699890136719,269.9800109863281,270.1700134277344,111194,269.865,270.135
2026-01-02 18:25:00+00:00,270.0799865722656,270.19000244140625,269.9125061035156,269.99481201171875,128247,269.9449465789795,270.21502656555174
2026-01-02 18:30:00+00:00,269.82501220703125,270.1499938964844,269.7099914550781,270.0899963378906,132960,269.69009970092776,269.95992471313474
2026-01-02 18:35:00+00:00,269.7799987792969,269.889892578125,269.6600036621094,269.80999755859375,110892,269.6451087799072,269.91488877868653
2026-01-02 18:40:00+00:00,269.92999267578125,269.94989013671875,269.6600036621094,269.7699890136719,124424,269.79502767944336,270.06495767211914
2026-01-02 18:45:00+00:00,269.26959228515625,270.0799865722656,269.260009765625,269.92999267578125,176560,269.1349574890137,269.4042270812988
2026-01-02 18:50:00+00:00,269.56500244140625,269.5985107421875,269.0199890136719,269.260009765625,193748,269.43021994018557,269.69978494262693
2026-01-02 18:55:00+00:00,269.40008544921875,269.5899963378906,269.2699890136719,269.5799865722656,175249,269.26538540649415,269.53478549194335
2026-01-02 19:00:00+00:00,269.7300109863281,269.760009765625,269.29998779296875,269.40728759765625,181036,269.59514598083496,269.8648759918213
2026-01-02 19:05:00+00:00,269.930908203125,269.9599914550781,269.67999267578125,269.7200927734375,154141,269.7959427490234,270.0658736572266
2026-01-02 19:10:00+00:00,269.9150085449219,270.2499084472656,269.8399963378906,269.92999267578125,231006,269.7800510406494,270.0499660491943
2026-01-02 19:15:00+00:00,269.6449890136719,269.9599914550781,269.6000061035156,269.92999267578125,206375,269.51016651916507,269.7798115081787
2026-01-02 19:20:00+00:00,270.0201110839844,270.0400085449219,269.4801025390625,269.6499938964844,201749,269.8851010284424,270.15512113952633
2026-01-02 19:25:00+00:00,270.1300048828125,270.17999267578125,269.8999938964844,270.0400085449219,132690,269.99493988037113,270.26506988525387
2026-01-02 19:30:00+00:00,270.54998779296875,270.55999755859375,270.0899963378906,270.1400146484375,191844,270.4147127990723,270.6852627868652
2026-01-02 19:35:00+00:00,270.55999755859375,270.7099914550781,270.42999267578125,270.5400085449219,244541,270.4247175598145,270.695277557373
2026-01-02 19:40:00+00:00,270.49859619140625,270.6600036621094,270.3500061035156,270.54998779296875,149679,270.36334689331056,270.63384548950194
2026-01-02 19:45:00+00:00,270.4096984863281,270.5899963378906,270.3500061035156,270.489990234375,177946,270.27449363708496,270.5449033355713
2026-01-02 19:50:00+00:00,270.4100036621094,270.4599914550781,270.260009765625,270.42999267578125,132199,270.27479866027835,270.5452086639404
2026-01-02 19:55:00+00:00,270.3599853515625,270.4649963378906,270.2300109863281,270.4200134277344,154901,270.2248053588867,270.4951653442383
2026-01-02 20:00:00+00:00,270.57000732421875,270.6400146484375,270.29998779296875,270.3599853515625,183579,270.43472232055666,270.70529232788084
2026-01-02 20:05:00+00:00,270.590087890625,270.6499938964844,270.44000244140625,270.57000732421875,158285,270.4547928466797,270.7253829345703
2026-01-02 20:10:00+00:00,270.6600036621094,270.7900085449219,270.5899963378906,270.6029968261719,206715,270.5246736602783,270.7953336639404
2026-01-02 20:15:00+00:00,270.7749938964844,270.7998962402344,270.44989013671875,270.6600036621094,166303,270.63960639953615,270.9103813934326
2026-01-02 20:20:00+00:00,270.5199890136719,270.8399963378906,270.489990234375,270.760009765625,179638,270.38472901916504,270.6552490081787
2026-01-02 20:25:00+00:00,270.510009765625,270.6099853515625,270.21661376953125,270.5299987792969,160992,270.3747547607422,270.6452647705078
2026-01-02 20:30:00+00:00,270.46990966796875,270.5799865722656,270.3500061035156,270.5299987792969,185784,270.3346747131348,270.6051446228027
2026-01-02 20:35:00+00:00,270.55999755859375,270.6600036621094,270.4599914550781,270.4599914550781,168087,270.4247175598145,270.695277557373
2026-01-02 20:40:00+00:00,270.6099853515625,270.7799987792969,270.5299987792969,270.5400085449219,287141,270.47468035888676,270.74529034423824
2026-01-02 20:45:00+00:00,270.4800109863281,270.7099914550781,270.364990234375,270.6099853515625,220874,270.344770980835,270.61525099182126
2026-01-02 20:50:00+00:00,270.6400146484375,270.8500061035156,270.42999267578125,270.44000244140625,416506,270.5046946411133,270.7753346557617
2026-01-02 20:55:00+00:00,270.9800109863281,271.04998779296875,270.5711975097656,270.6099853515625,1372512,270.844520980835,271.11550099182125
2026-01-05 14:30:00+00:00,268.27301025390625,270.8599853515625,268.1000061035156,270.635009765625,2127172,268.1388737487793,268.4071467590332
2026-01-05 14:35:00+00:00,268.07000732421875,269.0653076171875,267.8599853515625,268.2099914550781,773756,267.93597232055663,268.20404232788087
2026-01-05 14:40:00+00:00,269.17999267578125,269.260009765625,267.8900146484375,268.1400146484375,665899,269.0454026794434,269.3145826721191
2026-01-05 14:45:00+00:00,269.3450012207031,270.1449890136719,269.0799865722656,269.20001220703125,503388,269.2103287200928,269.4796737213135
2026-01-05 14:50:00+00:00,269.8464050292969,269.8464050292969,268.7200927734375,269.3999938964844,337576,269.71148182678223,269.9813282318115
2026-01-05 14:55:00+00:00,269.385009765625,269.92999267578125,269.3399963378906,269.82000732421875,328397,269.2503172607422,269.5197022705078
2026-01-05 15:00:00+00:00,270.17999267578125,270.2685852050781,269.29998779296875,269.44000244140625,572537,270.0449026794434,270.3150826721191
2026-01-05 15:05:00+00:00,271.1000061035156,271.17999267578125,270.0799865722656,270.1600036621094,575610,270.9644561004639,271.23555610656734
2026-01-05 15:10:00+00:00,270.30999755859375,271.1400146484375,270.2200012207031,271.1000061035156,310105,270.17484255981446,270.44515255737304
2026-01-05 15:15:00+00:00,270.0,270.4649963378906,269.7300109863281,270.3102111816406,364603,269.865,270.135
2026-01-05 15:20:00+00:00,269.9100036621094,270.07000732421875,269.70001220703125,270.0400085449219,191855,269.77504866027834,270.0449586639404
2026-01-05 15:25:00+00:00,269.80999755859375,270.1000061035156,269.6000061035156,269.8999938964844,438438,269.67509255981446,269.94490255737304
2026-01-05 15:30:00+00:00,270.0350036621094,270.2200012207031,269.7300109863281,269.79998779296875,312848,269.89998616027833,270.1700211639404
2026-01-05 15:35:00+00:00,269.489990234375,270.1000061035156,269.44000244140625,270.0400085449219,294981,269.35524523925784,269.62473522949216
2026-01-05 15:40:00+00:00,269.1199951171875,269.659912109375,268.9700012207031,269.4599914550781,337316,268.9854351196289,269.2545551147461
2026-01-05 15:45:00+00:00,269.17999267578125,269.2099914550781,268.8699951171875,269.1199951171875,308267,269.0454026794434,269.3145826721191
2026-01-05 15:50:00+00:00,269.1199951171875,269.3299865722656,269.0199890136719,269.17999267578125,211654,268.9854351196289,269.2545551147461
2026-01-05 15:55:00+00:00,269.0199890136719,269.25,268.9100036621094,269.1199951171875,231923,268.8854790191651,269.1544990081787
2026-01-05 16:00:00+00:00,268.8699951171875,269.07000732421875,268.80499267578125,269.0199890136719,253525,268.73556011962893,269.00443011474607
2026-01-05 16:05:00+00:00,269.06988525390625,269.18499755859375,268.79998779296875,268.8699951171875,202192,268.9353503112793,269.2044201965332
2026-01-05 16:10:00+00:00,268.739990234375,269.1199951171875,268.739990234375,269.07000732421875,234111,268.6056202392578,268.8743602294922
2026-01-05 16:15:00+00:00,269.1830139160156,269.2099914550781,268.7200012207031,268.739990234375,244933,269.04842240905765,269.3176054229736
2026-01-05 16:20:00+00:00,268.96990966796875,269.3500061035156,268.8865966796875,269.18499755859375,199377,268.8354247131348,269.1043946228027
2026-01-05 16:25:00+00:00,268.7900085449219,269.05999755859375,268.70001220703125,268.9549865722656,288849,268.6556135406494,268.9244035491943
2026-01-05 16:30:00+00:00,268.45001220703125,268.8500061035156,268.45001220703125,268.7799987792969,305064,268.31578720092773,268.58423721313477
2026-01-05 16:35:00+00:00,268.3996887207031,268.55999755859375,268.29998779296875,268.44000244140625,212735,268.2654888763428,268.5338885650635
2026-01-05 16:40:00+00:00,268.42010498046875,268.7300109863281,268.25,268.3999938964844,273786,268.2858949279785,268.554315032959
2026-01-05 16:45:00+00:00,268.6499938964844,268.7200012207031,268.42999267578125,268.44000244140625,184546,268.51566889953614,268.7843188934326
2026-01-05 16:50:00+00:00,268.1650085449219,268.70001220703125,268.1000061035156,268.6700134277344,238506,268.03092604064943,268.2990910491943
2026-01-05 16:55:00+00:00,268.0199890136719,268.20001220703125,267.9800109863281,268.1700134277344,283557,267.88597901916506,268.1539990081787
2026-01-05 17:00:00+00:00,268.2099914550781,268.2799987792969,267.8900146484375,268.0350036621094,230766,268.0758864593506,268.34409645080564
2026-01-05 17:05:00+00:00,267.989990234375,268.2200012207031,267.8599853515625,268.2200012207031,255458,267.8559952392578,268.1239852294922
2026-01-05 17:10:00+00:00,267.80999755859375,268.0249938964844,267.6400146484375,268.010009765625,305524,267.6760925598145,267.943902557373
2026-01-05 17:15:00+00:00,267.7287902832031,267.9200134277344,267.7200012207031,267.80999755859375,197821,267.59492588806154,267.8626546783447
2026-01-05 17:20:00+00:00,267.5050048828125,267.82501220703125,267.4200134277344,267.739990234375,216051,267.3712523803711,267.6387573852539
2026-01-05 17:25:00+00:00,266.9700012207031,267.50579833984375,266.9200134277344,267.5,381284,266.8365162200928,267.10348622131346
2026-01-05 17:30:00+00:00,266.8800048828125,267.0492858886719,266.7701110839844,266.989990234375,262090,266.7465648803711,267.0134448852539
2026-01-05 17:35:00+00:00,266.8699951171875,267.0299987792969,266.79998779296875,266.875,256261,266.7365601196289,267.0034301147461
2026-01-05 17:40:00+00:00,267.19000244140625,267.2699890136719,266.8700866699219,266.8800048828125,251560,267.0564074401856,267.3235974426269
2026-01-05 17:45:00+00:00,267.3900146484375,267.4700012207031,267.1700134277344,267.1700134277344,228872,267.2563196411133,267.5237096557617
2026-01-05 17:50:00+00:00,267.3699951171875,267.45831298828125,267.25,267.4100036621094,163168,267.2363101196289,267.5036801147461
2026-01-05 17:55:00+00:00,267.5683898925781,267.6400146484375,267.32000732421875,267.364990234375,171914,267.43460569763187,267.7021740875244
2026-01-05 18:00:00+00:00,267.8399963378906,267.8800048828125,267.5,267.57000732421875,240028,267.7060763397217,267.9739163360596
2026-01-05 18:05:00+00:00,267.7701110839844,267.8900146484375,267.6148986816406,267.8500061035156,199405,267.6362260284424,267.9039961395263
2026-01-05 18:10:00+00:00,267.5899963378906,267.80999755859375,267.510009765625,267.7699890136719,156568,267.4562013397217,267.72379133605955
2026-01-05 18:15:00+00:00,267.635009765625,267.6499938964844,267.3599853515625,267.5899963378906,155653,267.5011922607422,267.7688272705078
2026-01-05 18:20:00+00:00,267.6099853515625,267.70001220703125,267.41009521484375,267.635009765625,181736,267.4761803588867,267.7437903442383
2026-01-05 18:25:00+00:00,267.4200134277344,267.6299133300781,267.2550048828125,267.6299133300781,229200,267.28630342102053,267.5537234344482
2026-01-05 18:30:00+00:00,267.4909973144531,267.6650085449219,267.3599853515625,267.4100036621094,187688,267.3572518157959,267.62474281311034
2026-01-05 18:35:00+00:00,267.20001220703125,267.5299987792969,267.0899963378906,267.489990234375,198168,267.06641220092774,267.33361221313476
2026-01-05 18:40:00+00:00,267.2699890136719,267.4200134277344,267.19000244140625,267.2099914550781,164786,267.136354019165,267.4036240081787
2026-01-05 18:45:00+00:00,267.3599853515625,267.4800109863281,267.25,267.2699890136719,171832,267.22630535888675,267.49366534423825
2026-01-05 18:50:00+00:00,267.1499938964844,267.3699951171875,267.135009765625,267.3599853515625,146352,267.0164188995361,267.28356889343263
2026-01-05 18:55:00+00:00,267.0199890136719,267.21990966796875,267.0,267.1400146484375,181808,266.88647901916505,267.1534990081787
2026-01-05 19:00:00+00:00,267.1700134277344,267.2149963378906,266.9700012207031,267.0299987792969,213115,267.0364284210205,267.30359843444825
2026-01-05 19:05:00+00:00,267.2799987792969,267.2828063964844,266.9700012207031,267.1700134277344,193774,267.14635877990725,267.4136387786865
2026-01-05 19:10:00+00:00,267.1600036621094,267.3500061035156,267.1000061035156,267.260009765625,156334,267.02642366027834,267.2935836639404
2026-01-05 19:15:00+00:00,266.7413024902344,267.1600036621094,266.7300109863281,267.1409912109375,262487,266.60793183898926,266.8746731414795
2026-01-05 19:20:00+00:00,266.3800048828125,266.7300109863281,266.3500061035156,266.7300109863281,299031,266.2468148803711,266.5131948852539
2026-01-05 19:25:00+00:00,266.2698974609375,266.4800109863281,266.1400146484375,266.385009765625,339116,266.13676251220704,266.40303240966796
2026-01-05 19:30:00+00:00,266.6700134277344,266.7135925292969,266.20001220703125,266.2699890136719,331158,266.5366784210205,266.80334843444825
2026-01-05 19:35:00+00:00,266.6199951171875,266.7699890136719,266.55999755859375,266.6700134277344,226469,266.48668511962893,266.75330511474607
2026-01-05 19:40:00+00:00,266.6300048828125,266.67999267578125,266.45001220703125,266.6099853515625,173742,266.4966898803711,266.7633198852539
2026-01-05 19:45:00+00:00,266.5799865722656,266.6600036621094,266.4700012207031,266.6300048828125,168606,266.4466965789795,266.7132765655517
2026-01-05 19:50:00+00:00,266.41009521484375,266.5799865722656,266.3900146484375,266.5799865722656,171515,266.27689016723633,266.54330026245117
2026-01-05 19:55:00+00:00,266.25,266.4599914550781,266.25,266.4169921875,207674,266.116875,266.383125
2026-01-05 20:00:00+00:00,266.54998779296875,266.6199951171875,266.239990234375,266.25,268579,266.4167127990723,266.6832627868652
2026-01-05 20:05:00+00:00,266.760009765625,266.8599853515625,266.4700012207031,266.55999755859375,206415,266.6266297607422,266.8933897705078
2026-01-05 20:10:00+00:00,266.8804016113281,266.9700012207031,266.7200012207031,266.75,220962,266.7469614105225,267.01384181213376
2026-01-05 20:15:00+00:00,266.9800109863281,267.0199890136719,266.8599853515625,266.8999938964844,211742,266.84652098083495,267.1135009918213
2026-01-05 20:20:00+00:00,266.8699951171875,266.989990234375,266.8550109863281,266.989990234375,220431,266.7365601196289,267.0034301147461
2026-01-05 20:25:00+00:00,267.0190124511719,267.0400085449219,266.7120056152344,266.8699951171875,279259,266.8855029449463,267.1525219573974
2026-01-05 20:30:00+00:00,267.2950134277344,267.3299865722656,266.989990234375,267.0299987792969,340312,267.16136592102055,267.4286609344482
2026-01-05 20:35:00+00:00,267.4200134277344,267.489990234375,267.2650146484375,267.29998779296875,309250,267.28630342102053,267.5537234344482
2026-01-05 20:40:00+00:00,267.2799987792969,267.44000244140625,267.2099914550781,267.42498779296875,257657,267.14635877990725,267.4136387786865
2026-01-05 20:45:00+00:00,267.3450012207031,267.42999267578125,267.25,267.2799987792969,248180,267.2113287200928,267.47867372131344
2026-01-05 20:50:00+00:00,266.5450134277344,267.739990234375,266.5299987792969,267.3500061035156,595812,266.4117409210205,266.67828593444824
2026-01-05 20:55:00+00:00,267.260009765625,267.3299865722656,266.45001220703125,266.510009765625,1143411,267.1263797607422,267.3936397705078
2026-01-06 14:30:00+00:00,264.6199951171875,267.54998779296875,264.54998779296875,267.00799560546875,2091231,264.4876851196289,264.7523051147461
2026-01-06 14:35:00+00:00,263.9599914550781,264.81988525390625,263.3500061035156,264.614990234375,999331,263.8280114593506,264.09197145080566
2026-01-06 14:40:00+00:00,264.04998779296875,264.07000732421875,263.0299987792969,263.9744873046875,651308,263.91796279907226,264.18201278686524
2026-01-06 14:45:00+00:00,263.8900146484375,264.3299865722656,263.42999267578125,263.97900390625,877510,263.7580696411133,264.0219596557617
2026-01-06 14:50:00+00:00,263.8800964355469,264.31500244140625,263.5899963378906,263.8999938964844,658433,263.7481563873291,264.01203648376463
2026-01-06 14:55:00+00:00,264.4562072753906,264.69000244140625,263.57000732421875,263.9208068847656,567390,264.32397917175297,264.5884353790283
2026-01-06 15:00:00+00:00,265.10101318359375,265.1300048828125,264.4100036621094,264.4800109863281,457601,264.968462677002,265.2335636901855
2026-01-06 15:05:00+00:00,264.95001220703125,265.69000244140625,264.95001220703125,265.1293029785156,477144,264.81753720092775,265.08248721313475
2026-01-06 15:10:00+00:00,264.7550048828125,265.2099914550781,264.6310119628906,264.94500732421875,430708,264.6226273803711,264.8873823852539
2026-01-06 15:15:00+00:00,264.2349853515625,264.79998779296875,264.2200012207031,264.739990234375,344558,264.1028678588867,264.3671028442383
2026-01-06 15:20:00+00:00,264.41558837890625,264.4200134277344,264.0400085449219,264.2349853515625,257124,264.28338058471684,264.54779617309566
2026-01-06 15:25:00+00:00,264.0299987792969,264.4700012207031,263.8699951171875,264.4200134277344,328391,263.89798377990724,264.1620137786865
2026-01-06 15:30:00+00:00,264.20001220703125,264.6095886230469,263.95001220703125,264.0299987792969,322761,264.06791220092776,264.33211221313474
2026-01-06 15:35:00+00:00,264.66009521484375,264.8407897949219,264.20001220703125,264.2200012207031,195372,264.52776516723634,264.79242526245116
2026-01-06 15:40:00+00:00,265.05499267578125,265.1000061035156,264.760009765625,264.7850036621094,238628,264.92246517944335,265.18752017211915
2026-01-06 15:45:00+00:00,264.7799987792969,265.04998779296875,264.6700134277344,264.92999267578125,314624,264.6476087799072,264.91238877868653
2026-01-06 15:50:00+00:00,264.3299865722656,264.8399963378906,264.3299865722656,264.7699890136719,219482,264.19782157897953,264.4621515655517
2026-01-06 15:55:00+00:00,263.8550109863281,264.4198913574219,263.7900085449219,264.3901062011719,404939,263.723083480835,263.98693849182126
2026-01-06 16:00:00+00:00,263.1600036621094,263.8500061035156,263.010009765625,263.8500061035156,406422,263.02842366027835,263.2915836639404
2026-01-06 16:05:00+00:00,262.9700012207031,262.9700012207031,262.5332946777344,262.8099060058594,790738,262.8385162200928,263.10148622131345
2026-01-06 16:10:00+00:00,262.7099914550781,263.2300109863281,262.7099914550781,262.9800109863281,436742,262.5786364593506,262.84134645080564
2026-01-06 16:15:00+00:00,262.42999267578125,262.86749267578125,262.42999267578125,262.79998779296875,371155,262.2987776794434,262.5612076721191
2026-01-06 16:20:00+00:00,262.989990234375,263.0400085449219,262.8599853515625,262.92498779296875,462088,262.8584952392578,263.1214852294922
2026-01-06 16:25:00+00:00,262.4198913574219,262.63299560546875,262.29998779296875,262.4800109863281,657335,262.2886814117432,262.55110130310055
2026-01-06 16:30:00+00:00,262.4800109863281,262.5,262.3299865722656,262.4200134277344,355238,262.34877098083496,262.6112509918213
2026-01-06 16:35:00+00:00,262.6499938964844,262.75,262.5299987792969,262.75,481864,262.5186688995361,262.7813188934326
2026-01-06 16:40:00+00:00,262.7799987792969,262.80999755859375,262.2099914550781,262.6499938964844,356264,262.64860877990725,262.9113887786865
2026-01-06 16:45:00+00:00,262.7699890136719,262.7799987792969,262.6099853515625,262.7699890136719,48210,262.63860401916503,262.9013740081787
2026-01-06 16:50:00+00:00,262.9200134277344,262.9800109863281,262.54901123046875,262.7900085449219,375023,262.78855342102054,263.0514734344482
2026-01-06 16:55:00+00:00,262.6099853515625,262.92041015625,262.57000732421875,262.9100036621094,128917,262.4786803588867,262.7412903442383
2026-01-06 17:00:00+00:00,262.7300109863281,263.0,262.6099853515625,262.6600036621094,280232,262.598645980835,262.86137599182126
2026-01-06 17:05:00+00:00,262.66729736328125,262.92498779296875,262.57220458984375,262.9100036621094,222686,262.53596371459963,262.79863101196287
2026-01-06 17:10:00+00:00,262.63641357421875,262.67498779296875,262.5299987792969,262.6650085449219,238648,262.50509536743164,262.76773178100586
2026-01-06 17:15:00+00:00,262.3599853515625,262.7300109863281,262.3599853515625,262.625,213461,262.22880535888675,262.49116534423825
2026-01-06 17:20:00+00:00,262.510009765625,262.55999755859375,262.4700012207031,262.4986877441406,159547,262.3787547607422,262.6412647705078
2026-01-06 17:25:00+00:00,262.8846130371094,262.96990966796875,262.739990234375,262.739990234375,327609,262.75317073059085,263.0160553436279
2026-01-06 17:30:00+00:00,263.0,263.0,262.82000732421875,262.8900146484375,137846,262.86850000000004,263.13149999999996
2026-01-06 17:35:00+00:00,262.97900390625,262.9992980957031,262.8900146484375,262.92498779296875,192530,262.8475144042969,263.1104934082031
2026-01-06 17:40:00+00:00,263.3900146484375,263.4599914550781,262.9700012207031,262.989990234375,330685,263.2583196411133,263.5217096557617
2026-01-06 17:45:00+00:00,263.6549987792969,263.79998779296875,263.6400146484375,263.7850036621094,218161,263.5231712799072,263.78682627868653
2026-01-06 17:50:00+00:00,262.8399963378906,263.1700134277344,262.81280517578125,263.1700134277344,248859,262.7085763397217,262.9714163360596
2026-01-06 17:55:00+00:00,262.86151123046875,262.91009521484375,262.739990234375,262.7699890136719,253717,262.73008047485354,262.99294198608396
2026-01-06 18:00:00+00:00,262.8699951171875,262.97039794921875,262.760009765625,262.8699951171875,128347,262.7385601196289,263.0014301147461
2026-01-06 18:05:00+00:00,262.8599853515625,262.8800048828125,262.7799987792969,262.7900085449219,256133,262.72855535888675,262.99141534423825
2026-01-06 18:10:00+00:00,263.010009765625,263.0799865722656,262.8486022949219,262.8500061035156,254903,262.8785047607422,263.1415147705078
2026-01-06 18:15:00+00:00,263.125,263.125,262.9700012207031,263.0150146484375,152809,262.9934375,263.2565625
2026-01-06 18:20:00+00:00,263.09991455078125,263.20001220703125,263.04998779296875,263.07000732421875,194996,262.9683645935059,263.2314645080566
2026-01-06 18:25:00+00:00,262.5400085449219,262.8800048828125,262.4901123046875,262.8699951171875,214283,262.40873854064944,262.6712785491943
2026-01-06 18:30:00+00:00,262.94000244140625,263.068115234375,262.8800048828125,262.92999267578125,214387,262.80853244018556,263.07147244262694
2026-01-06 18:35:00+00:00,262.7799987792969,262.95001220703125,262.760009765625,262.94000244140625,124902,262.64860877990725,262.9113887786865
2026-01-06 18:40:00+00:00,262.94989013671875,263.05999755859375,262.7799987792969,262.7799987792969,176058,262.8184151916504,263.0813650817871
2026-01-06 18:45:00+00:00,262.9599914550781,263.07000732421875,262.8999938964844,262.94500732421875,180239,262.8285114593506,263.09147145080567
2026-01-06 18:50:00+00:00,262.74969482421875,262.864990234375,262.7099914550781,262.8500061035156,91037,262.6183199768067,262.8810696716308
2026-01-06 18:55:00+00:00,262.8900146484375,262.8949890136719,262.5400085449219,262.6099853515625,219201,262.7585696411133,263.0214596557617
2026-01-06 19:00:00+00:00,262.88299560546875,263.0150146484375,262.7799987792969,262.9200134277344,172410,262.75155410766604,263.01443710327146
2026-01-06 19:05:00+00:00,262.79998779296875,262.8999938964844,262.7300109863281,262.8999938964844,95128,262.66858779907227,262.93138778686523
2026-01-06 19:10:00+00:00,262.7449951171875,262.8999938964844,262.635009765625,262.8299865722656,151632,262.6136226196289,262.8763676147461
2026-01-06 19:15:00+00:00,262.92999267578125,262.94000244140625,262.7250061035156,262.760009765625,263755,262.7985276794434,263.0614576721191
2026-01-06 19:20:00+00:00,262.91009521484375,262.9800109863281,262.80999755859375,262.94000244140625,175148,262.77864016723635,263.04155026245115
2026-01-06 19:25:00+00:00,262.87701416015625,262.96990966796875,262.8599853515625,262.9100036621094,160210,262.7455756530762,263.0084526672363
2026-01-06 19:30:00+00:00,262.86871337890625,262.86871337890625,262.75,262.7799987792969,185950,262.7372790222168,263.0001477355957
2026-01-06 19:35:00+00:00,262.8999938964844,263.0150146484375,262.79010009765625,262.9715881347656,285527,262.76854389953616,263.0314438934326
2026-01-06 19:40:00+00:00,262.8800048828125,262.95001220703125,262.8699951171875,262.9100036621094,196232,262.74856488037113,263.01144488525387
2026-01-06 19:45:00+00:00,262.8500061035156,262.92999267578125,262.8399963378906,262.8900146484375,147495,262.7185811004639,262.98143110656736
2026-01-06 19:50:00+00:00,262.8299865722656,262.8800048828125,262.79998779296875,262.8699951171875,131929,262.6985715789795,262.96140156555174
2026-01-06 19:55:00+00:00,262.6499938964844,262.70001220703125,262.57000732421875,262.6983947753906,386449,262.5186688995361,262.7813188934326
2026-01-06 20:00:00+00:00,262.760009765625,262.8164978027344,262.5899963378906,262.6549987792969,312588,262.62862976074223,262.89138977050777
2026-01-06 20:05:00+00:00,262.6099853515625,262.7699890136719,262.55999755859375,262.7699890136719,227060,262.4786803588867,262.7412903442383
2026-01-06 20:10:00+00:00,262.6199951171875,262.8599853515625,262.5799865722656,262.6099853515625,260194,262.48868511962894,262.75130511474606
2026-01-06 20:15:00+00:00,262.4200134277344,262.56500244140625,262.260009765625,262.3699951171875,541000,262.28880342102053,262.5512234344482
2026-01-06 20:20:00+00:00,262.57000732421875,262.6400146484375,262.3540954589844,262.4200134277344,196958,262.4387223205567,262.7012923278808
2026-01-06 20:25:00+00:00,262.82000732421875,262.8299865722656,262.6000061035156,262.6199951171875,319375,262.68859732055665,262.95141732788085
2026-01-06 20:30:00+00:00,262.67498779296875,262.8900146484375,262.6199951171875,262.8299865722656,285997,262.5436502990723,262.8063252868652
2026-01-06 20:35:00+00:00,262.70001220703125,262.70001220703125,262.614990234375,262.67999267578125,61706,262.56866220092775,262.83136221313475
2026-01-06 20:40:00+00:00,262.8599853515625,262.94989013671875,262.79998779296875,262.8299865722656,613619,262.72855535888675,262.99141534423825
2026-01-06 20:45:00+00:00,262.8666076660156,262.9601135253906,262.82501220703125,262.9599914550781,333562,262.73517436218265,262.9980409698486
2026-01-06 20:50:00+00:00,262.4549865722656,262.79998779296875,262.44000244140625,262.677001953125,851993,262.3237590789795,262.58621406555176
2026-01-06 20:55:00+00:00,262.42498779296875,262.75,262.3999938964844,262.4599914550781,208987,262.2937752990723,262.5562002868652
2026-01-07 14:30:00+00:00,262.4200134277344,263.67999267578125,262.04998779296875,263.2699890136719,1951019,262.28880342102053,262.5512234344482
2026-01-07 14:35:00+00:00,261.9200134277344,262.58990478515625,261.239990234375,262.4200134277344,646471,261.7890534210205,262.0509734344482
2026-01-07 14:40:00+00:00,262.43499755859375,262.4800109863281,261.2349853515625,261.9049987792969,649249,262.30378005981447,262.56621505737303
2026-01-07 14:45:00+00:00,262.2300109863281,262.8500061035156,262.0,262.42498779296875,623878,262.098895980835,262.36112599182127
2026-01-07 14:50:00+00:00,261.9364013671875,262.2799987792969,261.66949462890625,262.20001220703125,472446,261.8054331665039,262.0673695678711
2026-01-07 14:55:00+00:00,261.4100036621094,262.1700134277344,261.4100036621094,262.0,455699,261.27929866027836,261.5407086639404
2026-01-07 15:00:00+00:00,261.5249938964844,261.8299865722656,261.2825012207031,261.44000244140625,664286,261.3942313995361,261.6557563934326
2026-01-07 15:05:00+00:00,261.37908935546875,261.7388000488281,261.2099914550781,261.5199890136719,361606,261.24839981079106,261.50977890014644
2026-01-07 15:10:00+00:00,262.0398864746094,262.1300048828125,261.3699951171875,261.42999267578125,462250,261.9088665313721,262.17090641784665
2026-01-07 15:15:00+00:00,262.364990234375,262.3988037109375,261.78009033203125,262.0249938964844,399979,262.2338077392578,262.4961727294922
2026-01-07 15:20:00+00:00,261.9649963378906,262.42999267578125,261.8599853515625,262.375,397055,261.8340138397217,262.09597883605954
2026-01-07 15:25:00+00:00,262.0299987792969,262.0899963378906,261.6600036621094,262.0199890136719,284760,261.89898377990727,262.1610137786865
2026-01-07 15:30:00+00:00,262.17999267578125,262.2699890136719,261.8999938964844,262.0199890136719,498751,262.04890267944336,262.31108267211914
2026-01-07 15:35:00+00:00,261.54998779296875,262.2799987792969,261.3399963378906,262.1700134277344,311976,261.4192127990723,261.6807627868652
2026-01-07 15:40:00+00:00,261.6199951171875,261.739990234375,261.32501220703125,261.55999755859375,280618,261.4891851196289,261.7508051147461
2026-01-07 15:45:00+00:00,261.95001220703125,262.1499938964844,261.6000061035156,261.6300048828125,335016,261.81903720092777,262.08098721313473
2026-01-07 15:50:00+00:00,262.239990234375,262.2900085449219,261.9443054199219,261.97320556640625,226566,262.10887023925784,262.37111022949216
2026-01-07 15:55:00+00:00,261.9898986816406,262.2349853515625,261.9700012207031,262.2349853515625,236148,261.85890373229984,262.1208936309814
2026-01-07 16:00:00+00:00,262.0,262.0400085449219,261.79998779296875,261.989990234375,186322,261.869,262.131
2026-01-07 16:05:00+00:00,261.9624938964844,262.0050048828125,261.9549865722656,262.0,9619,261.83151264953614,262.0934751434326
2026-01-07 16:10:00+00:00,261.6400146484375,261.6549987792969,261.6300048828125,261.6499938964844,408934,261.5091946411133,261.7708346557617
2026-01-07 16:15:00+00:00,261.55999755859375,261.6419982910156,261.385009765625,261.6278076171875,293289,261.42921755981445,261.69077755737305
2026-01-07 16:20:00+00:00,261.260009765625,261.5669860839844,261.1300048828125,261.55999755859375,390763,261.1293797607422,261.3906397705078
2026-01-07 16:25:00+00:00,261.0837097167969,261.3656005859375,260.9100036621094,261.2699890136719,387597,260.9531678619385,261.21425157165527
2026-01-07 16:30:00+00:00,261.7699890136719,261.8399963378906,261.07000732421875,261.0849914550781,440309,261.6391040191651,261.9008740081787
2026-01-07 16:35:00+00:00,261.510009765625,261.9100036621094,261.489990234375,261.7699890136719,269626,261.3792547607422,261.6407647705078
2026-01-07 16:40:00+00:00,262.0000915527344,262.1000061035156,261.489990234375,261.489990234375,271087,261.869091506958,262.13109159851075
2026-01-07 16:45:00+00:00,262.0299987792969,262.2699890136719,261.8999938964844,262.0,356529,261.89898377990727,262.1610137786865
2026-01-07 16:50:00+00:00,262.260009765625,262.2699890136719,261.9700012207031,262.04168701171875,223627,262.1288797607422,262.3911397705078
2026-01-07 16:55:00+00:00,262.17999267578125,262.3599853515625,261.9800109863281,262.260009765625,262850,262.04890267944336,262.31108267211914
2026-01-07 17:00:00+00:00,262.406494140625,262.5050048828125,262.1789855957031,262.17999267578125,264038,262.2752908935547,262.5376973876953
2026-01-07 17:05:00+00:00,262.4100036621094,262.57000732421875,262.3299865722656,262.4100036621094,293378,262.2787986602783,262.54120866394044
2026-01-07 17:10:00+00:00,262.3399963378906,262.44000244140625,262.2300109863281,262.4150085449219,182996,262.20882633972167,262.4711663360596
2026-01-07 17:15:00+00:00,262.1400146484375,262.3399963378906,261.989990234375,262.3399963378906,234555,262.0089446411133,262.2710846557617
2026-01-07 17:20:00+00:00,262.3500061035156,262.389892578125,262.1199951171875,262.1300048828125,320096,262.2188311004639,262.48118110656736
2026-01-07 17:25:00+00:00,262.3599853515625,262.4800109863281,262.260009765625,262.3399963378906,216924,262.22880535888675,262.49116534423825
2026-01-07 17:30:00+00:00,262.31500244140625,262.5199890136719,262.260009765625,262.3699951171875,225013,262.18384494018557,262.44615994262693
2026-01-07 17:35:00+00:00,262.30999755859375,262.30999755859375,262.1549987792969,262.30999755859375,142831,262.1788425598145,262.441152557373
2026-01-07 17:40:00+00:00,262.3599853515625,262.3999938964844,262.2749938964844,262.30999755859375,175609,262.22880535888675,262.49116534423825
2026-01-07 17:45:00+00:00,262.4649963378906,262.5199890136719,262.30999755859375,262.364990234375,205294,262.3337638397217,262.59622883605954
2026-01-07 17:50:00+00:00,262.4800109863281,262.5763854980469,262.4100036621094,262.4599914550781,208243,262.34877098083496,262.6112509918213
2026-01-07 17:55:00+00:00,262.31500244140625,262.70001220703125,262.30999755859375,262.4700012207031,246701,262.18384494018557,262.44615994262693
2026-01-07 18:00:00+00:00,261.489990234375,262.32000732421875,261.44000244140625,262.31500244140625,388827,261.3592452392578,261.6207352294922
2026-01-07 18:05:00+00:00,261.7200012207031,261.8399963378906,261.3096923828125,261.4801025390625,380206,261.5891412200928,261.85086122131344
2026-01-07 18:10:00+00:00,261.69000244140625,261.7799987792969,261.4700012207031,261.7200012207031,185621,261.5591574401856,261.8208474426269
2026-01-07 18:15:00+00:00,261.3699951171875,261.7099914550781,261.260009765625,261.67999267578125,236449,261.2393101196289,261.5006801147461
2026-01-07 18:20:00+00:00,261.19000244140625,261.3999938964844,261.1600036621094,261.3699951171875,272964,261.05940744018557,261.32059744262693
2026-01-07 18:25:00+00:00,261.2200012207031,261.3099060058594,261.0799865722656,261.20001220703125,222906,261.0893912200928,261.35061122131344
2026-01-07 18:30:00+00:00,261.43011474609375,261.54998779296875,261.1300048828125,261.2449951171875,361506,261.2993996887207,261.5608298034668
2026-01-07 18:35:00+00:00,261.4599914550781,261.5,261.32000732421875,261.42999267578125,172073,261.3292614593506,261.59072145080563
2026-01-07 18:40:00+00:00,261.8500061035156,261.8699951171875,261.4700012207031,261.489990234375,323016,261.7190811004639,261.98093110656737
2026-01-07 18:45:00+00:00,261.8999938964844,261.9200134277344,261.7099914550781,261.8500061035156,212096,261.76904389953614,262.0309438934326
2026-01-07 18:50:00+00:00,261.9750061035156,262.1499938964844,261.8949890136719,261.8949890136719,169089,261.84401860046387,262.1059936065674
2026-01-07 18:55:00+00:00,262.010009765625,262.0899963378906,261.8503112792969,261.9599914550781,170677,261.8790047607422,262.1410147705078
2026-01-07 19:00:00+00:00,261.9360046386719,262.20001220703125,261.8999938964844,262.0249938964844,236914,261.80503663635255,262.0669726409912
2026-01-07 19:05:00+00:00,262.04998779296875,262.1809997558594,261.8399963378906,261.94000244140625,201832,261.9189627990723,262.1810127868652
2026-01-07 19:10:00+00:00,261.7650146484375,262.04998779296875,261.70001220703125,262.0400085449219,228922,261.6341321411133,261.8958971557617
2026-01-07 19:15:00+00:00,261.5299987792969,261.7749938964844,261.4801025390625,261.7601013183594,165114,261.39923377990726,261.6607637786865
2026-01-07 19:20:00+00:00,261.381591796875,261.5325012207031,261.2665100097656,261.5249938964844,155057,261.25090100097657,261.51228259277343
2026-01-07 19:25:00+00:00,261.5899963378906,261.6499938964844,261.3599853515625,261.385009765625,178066,261.4592013397217,261.72079133605956
2026-01-07 19:30:00+00:00,261.885009765625,261.91009521484375,261.5101013183594,261.5899963378906,169151,261.7540672607422,262.0159522705078
2026-01-07 19:35:00+00:00,262.3599853515625,262.3999938964844,261.7799987792969,261.8800048828125,252176,262.22880535888675,262.49116534423825
2026-01-07 19:40:00+00:00,262.32501220703125,262.5199890136719,262.2900085449219,262.3500061035156,208500,262.19384970092773,262.45617471313477
2026-01-07 19:45:00+00:00,261.95001220703125,262.3299865722656,261.95001220703125,262.32000732421875,211948,261.81903720092777,262.08098721313473
2026-01-07 19:50:00+00:00,262.0199890136719,262.07000732421875,261.8550109863281,261.9599914550781,188868,261.88897901916505,262.1509990081787
2026-01-07 19:55:00+00:00,261.8399963378906,262.0400085449219,261.7699890136719,262.0199890136719,188206,261.7090763397217,261.97091633605953
2026-01-07 20:00:00+00:00,261.75,261.8500061035156,261.5719909667969,261.8500061035156,256613,261.619125,261.880875
2026-01-07 20:05:00+00:00,261.80999755859375,261.9700012207031,261.7200012207031,261.7300109863281,225697,261.6790925598145,261.940902557373
2026-01-07 20:10:00+00:00,261.49798583984375,261.80621337890625,261.3999938964844,261.7900085449219,205011,261.36723684692384,261.62873483276366
2026-01-07 20:15:00+00:00,261.5799865722656,261.6600036621094,261.3247985839844,261.4800109863281,262470,261.4491965789795,261.7107765655517
2026-01-07 20:20:00+00:00,261.3411865234375,261.5950012207031,261.2799987792969,261.57000732421875,250419,261.2105159301758,261.4718571166992
2026-01-07 20:25:00+00:00,261.3299865722656,261.489990234375,261.260009765625,261.3399963378906,308847,261.1993215789795,261.46065156555176
2026-01-07 20:30:00+00:00,260.7950134277344,261.3299865722656,260.7099914550781,261.3299865722656,598898,260.6646159210205,260.9254109344482
2026-01-07 20:35:00+00:00,260.8900146484375,260.95001220703125,260.6499938964844,260.7900085449219,438087,260.7595696411133,261.0204596557617
2026-01-07 20:40:00+00:00,260.68499755859375,260.94000244140625,260.6000061035156,260.8699951171875,377479,260.5546550598145,260.815340057373
2026-01-07 20:45:00+00:00,260.30499267578125,260.7900085449219,260.20001220703125,260.6814880371094,465191,260.1748401794434,260.4351451721191
2026-01-07 20:50:00+00:00,259.9800109863281,260.5249938964844,259.82000732421875,260.30999755859375,1058548,259.850020980835,260.11000099182127
2026-01-07 20:55:00+00:00,260.3599853515625,260.3999938964844,259.82000732421875,259.95001220703125,1609673,260.2298053588867,260.4901653442383
2026-01-08 14:30:00+00:00,257.3500061035156,257.7699890136719,256.2500915527344,256.375,3344081,257.2213311004639,257.47868110656736
2026-01-08 14:35:00+00:00,257.0249938964844,257.3800048828125,256.5,257.30999755859375,814191,256.8964813995361,257.1535063934326
2026-01-08 14:40:00+00:00,256.1000061035156,257.2900085449219,256.0,257.0,914168,255.97195610046387,256.22805610656735
2026-01-08 14:45:00+00:00,256.5400085449219,257.05999755859375,256.239990234375,256.5299987792969,753187,256.4117385406494,256.6682785491943
2026-01-08 14:50:00+00:00,256.6300048828125,257.0400085449219,256.3599853515625,256.5299987792969,607723,256.5016898803711,256.7583198852539
2026-01-08 14:55:00+00:00,256.2900085449219,256.7300109863281,256.17999267578125,256.6300048828125,572350,256.16186354064945,256.4181535491943
2026-01-08 15:00:00+00:00,256.1499938964844,256.5,255.6999969482422,256.2799987792969,750015,256.02191889953616,256.2780688934326
2026-01-08 15:05:00+00:00,256.7300109863281,256.81500244140625,256.010009765625,256.1200866699219,508014,256.601645980835,256.8583759918213
2026-01-08 15:10:00+00:00,256.92999267578125,256.9700012207031,256.489990234375,256.7200012207031,573611,256.8015276794434,257.0584576721191
2026-01-08 15:15:00+00:00,256.3999938964844,256.92999267578125,256.135009765625,256.92999267578125,499193,256.27179389953614,256.5281938934326
2026-01-08 15:20:00+00:00,256.614990234375,256.67999267578125,256.1499938964844,256.3999938964844,360939,256.48668273925784,256.74329772949216
2026-01-08 15:25:00+00:00,256.7449951171875,257.0199890136719,256.5600891113281,256.6000061035156,486207,256.6166226196289,256.8733676147461
2026-01-08 15:30:00+00:00,256.8399963378906,257.0199890136719,256.6700134277344,256.7200927734375,357606,256.7115763397217,256.96841633605953
2026-01-08 15:35:00+00:00,256.9750061035156,257.05999755859375,256.510009765625,256.8299865722656,345703,256.84651860046387,257.1034936065674
2026-01-08 15:40:00+00:00,256.739990234375,257.19000244140625,256.5101013183594,256.989990234375,544231,256.61162023925783,256.86836022949217
2026-01-08 15:45:00+00:00,256.3699951171875,256.8999938964844,256.32000732421875,256.75,369450,256.2418101196289,256.4981801147461
2026-01-08 15:50:00+00:00,256.2900085449219,256.6199951171875,256.25,256.3800048828125,279495,256.16186354064945,256.4181535491943
2026-01-08 15:55:00+00:00,256.69000244140625,256.7699890136719,255.9499969482422,256.2900085449219,463376,256.56165744018557,256.81834744262693
2026-01-08 16:00:00+00:00,256.72698974609375,256.9599914550781,256.57000732421875,256.70001220703125,313397,256.5986262512207,256.8553532409668
2026-01-08 16:05:00+00:00,256.4849853515625,256.9700012207031,256.3800048828125,256.7099914550781,314195,256.3567428588867,256.6132278442383
2026-01-08 16:10:00+00:00,256.1400146484375,256.57989501953125,256.0799865722656,256.5450134277344,283734,256.0119446411133,256.2680846557617
2026-01-08 16:15:00+00:00,256.1000061035156,256.25,256.0,256.1199951171875,258426,255.97195610046387,256.22805610656735
2026-01-08 16:20:00+00:00,256.30999755859375,256.4599914550781,256.05999755859375,256.1099853515625,315908,256.18184255981447,256.43815255737303
2026-01-08 16:25:00+00:00,256.1099853515625,256.3800048828125,256.0,256.31500244140625,321572,255.98193035888673,256.23804034423824
2026-01-08 16:30:00+00:00,256.3299865722656,256.45001220703125,255.97000122070312,256.1099853515625,268426,256.2018215789795,256.45815156555176
2026-01-08 16:35:00+00:00,256.875,256.9750061035156,256.1099853515625,256.30999755859375,352162,256.74656250000004,257.00343749999996
2026-01-08 16:40:00+00:00,257.8900146484375,257.95001220703125,256.8699951171875,256.8900146484375,619639,257.7610696411133,258.0189596557617
2026-01-08 16:45:00+00:00,258.281005859375,258.6000061035156,257.85009765625,257.9079895019531,674698,258.15186535644534,258.41014636230466
2026-01-08 16:50:00+00:00,257.3500061035156,258.3800048828125,257.1900939941406,258.2749938964844,476883,257.2213311004639,257.47868110656736
2026-01-08 16:55:00+00:00,257.69500732421875,257.8699951171875,257.260009765625,257.36700439453125,242768,257.56615982055666,257.82385482788084
2026-01-08 17:00:00+00:00,257.4599914550781,257.8599853515625,257.3399963378906,257.7049865722656,205107,257.3312614593506,257.5887214508056
2026-01-08 17:05:00+00:00,257.3888854980469,257.6000061035156,257.20001220703125,257.4599914550781,200580,257.26019105529787,257.5175799407959
2026-01-08 17:10:00+00:00,257.2749938964844,257.5400085449219,257.05999755859375,257.3799133300781,231295,257.14635639953616,257.4036313934326
2026-01-08 17:15:00+00:00,257.3900146484375,257.4440002441406,257.1199951171875,257.25,224548,257.2613196411133,257.5187096557617
2026-01-08 17:20:00+00:00,257.0201110839844,257.3999938964844,256.94000244140625,257.3900146484375,186529,256.8916010284424,257.14862113952637
2026-01-08 17:25:00+00:00,256.7090148925781,257.0398864746094,256.67999267578125,257.0199890136719,209849,256.58066038513186,256.8373694000244
2026-01-08 17:30:00+00:00,257.0299987792969,257.04998779296875,256.5979919433594,256.6900939941406,236239,256.90148377990727,257.1585137786865
2026-01-08 17:35:00+00:00,256.8900146484375,257.04998779296875,256.7200012207031,257.0249938964844,232467,256.7615696411133,257.0184596557617
2026-01-08 17:40:00+00:00,257.159912109375,257.3500061035156,256.8599853515625,256.8999938964844,303206,257.0313321533203,257.2884920654297
2026-01-08 17:45:00+00:00,257.25,257.260009765625,257.04998779296875,257.1600036621094,197515,257.121375,257.378625
2026-01-08 17:50:00+00:00,257.4200134277344,257.57000732421875,257.25,257.2593078613281,206326,257.29130342102053,257.5487234344482
2026-01-08 17:55:00+00:00,257.3900146484375,257.6300048828125,257.3500061035156,257.4200134277344,164190,257.2613196411133,257.5187096557617
2026-01-08 18:00:00+00:00,257.5799865722656,257.6199951171875,257.260009765625,257.3902893066406,159100,257.45119657897953,257.7087765655517
2026-01-08 18:05:00+00:00,257.04998779296875,257.55999755859375,256.94000244140625,257.55999755859375,172053,256.9214627990723,257.1785127868652
2026-01-08 18:10:00+00:00,256.70001220703125,257.07000732421875,256.69000244140625,257.07000732421875,132516,256.57166220092773,256.82836221313477
2026-01-08 18:15:00+00:00,256.9844970703125,257.0,256.67999267578125,256.7049865722656,152687,256.85600482177733,257.11298931884767
2026-01-08 18:20:00+00:00,257.2200012207031,257.25,256.9800109863281,256.989990234375,195341,257.09139122009276,257.3486112213135
2026-01-08 18:25:00+00:00,257.4800109863281,257.57000732421875,257.07000732421875,257.2300109863281,296678,257.35127098083495,257.6087509918213
2026-01-08 18:30:00+00:00,257.1499938964844,257.5199890136719,257.05999755859375,257.510009765625,206234,257.0214188995362,257.2785688934326
2026-01-08 18:35:00+00:00,257.260009765625,257.4200134277344,257.1199951171875,257.1199951171875,142990,257.1313797607422,257.3886397705078
2026-01-08 18:40:00+00:00,257.3299865722656,257.3599853515625,257.2300109863281,257.260009765625,119477,257.2013215789795,257.45865156555175
2026-01-08 18:45:00+00:00,257.42999267578125,257.5,257.32501220703125,257.3280029296875,131329,257.3012776794434,257.5587076721191
2026-01-08 18:50:00+00:00,257.1700134277344,257.45001220703125,257.1600036621094,257.44000244140625,159733,257.0414284210205,257.29859843444825
2026-01-08 18:55:00+00:00,256.93499755859375,257.20001220703125,256.8399963378906,257.1401062011719,165617,256.80653005981446,257.06346505737304
2026-01-08 19:00:00+00:00,256.98919677734375,257.1199951171875,256.8900146484375,256.9200134277344,186189,256.8607021789551,257.1176913757324
2026-01-08 19:05:00+00:00,257.04998779296875,257.2025146484375,256.9075012207031,256.9800109863281,187727,256.9214627990723,257.1785127868652
2026-01-08 19:10:00+00:00,256.69000244140625,257.04998779296875,256.67999267578125,257.04998779296875,219014,256.56165744018557,256.81834744262693
2026-01-08 19:15:00+00:00,256.5799865722656,256.7300109863281,256.29998779296875,256.69000244140625,484999,256.4516965789795,256.7082765655517
2026-01-08 19:20:00+00:00,256.739990234375,256.7699890136719,256.42999267578125,256.5899963378906,222038,256.61162023925783,256.86836022949217
2026-01-08 19:25:00+00:00,256.6000061035156,256.8500061035156,256.5249938964844,256.739013671875,174008,256.4717061004639,256.72830610656735
2026-01-08 19:30:00+00:00,256.510009765625,256.6650085449219,256.3800048828125,256.6050109863281,204808,256.3817547607422,256.6382647705078
2026-01-08 19:35:00+00:00,256.6099853515625,256.6499938964844,256.43499755859375,256.5299987792969,152601,256.4816803588867,256.7382903442383
2026-01-08 19:40:00+00:00,257.0199890136719,257.05999755859375,256.5899963378906,256.6199951171875,277238,256.89147901916505,257.1484990081787
2026-01-08 19:45:00+00:00,257.07501220703125,257.1099853515625,256.8999938964844,257.0350036621094,355422,256.94647470092775,257.20354971313475
2026-01-08 19:50:00+00:00,257.1499938964844,257.3299865722656,257.010009765625,257.0801086425781,204912,257.0214188995362,257.2785688934326
2026-01-08 19:55:00+00:00,257.2300109863281,257.2449951171875,256.92999267578125,257.1400146484375,200586,257.101395980835,257.35862599182127
2026-01-08 20:00:00+00:00,257.489990234375,257.489990234375,257.20001220703125,257.2200012207031,281910,257.3612452392578,257.6187352294922
2026-01-08 20:05:00+00:00,257.4800109863281,257.5350036621094,257.2250061035156,257.489990234375,305241,257.35127098083495,257.6087509918213
2026-01-08 20:10:00+00:00,257.4200134277344,257.6199951171875,257.2699890136719,257.4700012207031,434881,257.29130342102053,257.5487234344482
2026-01-08 20:15:00+00:00,257.4100036621094,257.57000732421875,257.3901062011719,257.44000244140625,233844,257.2812986602783,257.53870866394044
2026-01-08 20:20:00+00:00,258.010009765625,258.0400085449219,257.4049987792969,257.4049987792969,547550,257.8810047607422,258.1390147705078
2026-01-08 20:25:00+00:00,258.2799987792969,258.3299865722656,258.0150146484375,258.0199890136719,338967,258.15085877990725,258.4091387786865
2026-01-08 20:30:00+00:00,258.5799865722656,258.6099853515625,258.010009765625,258.2799987792969,397791,258.4506965789795,258.70927656555176
2026-01-08 20:35:00+00:00,258.57000732421875,258.9100036621094,258.539794921875,258.6000061035156,435190,258.44072232055663,258.69929232788087
2026-01-08 20:40:00+00:00,258.3100891113281,258.7300109863281,257.9601135253906,258.6000061035156,382889,258.18093406677247,258.4392441558838
2026-01-08 20:45:00+00:00,258.5799865722656,258.7200012207031,258.29998779296875,258.32000732421875,292057,258.4506965789795,258.70927656555176
2026-01-08 20:50:00+00:00,258.94000244140625,259.1799011230469,258.3299865722656,258.5799865722656,534649,258.81053244018557,259.06947244262693
2026-01-08 20:55:00+00:00,259.05999755859375,259.2799987792969,258.78009033203125,258.9100036621094,1171109,258.9304675598145,259.189527557373
2026-01-09 14:30:00+00:00,258.6099853515625,260.0,258.6099853515625,259.0,1792271,258.48068035888673,258.73929034423827
2026-01-09 14:35:00+00:00,258.0849914550781,258.8297119140625,257.9100036621094,258.6451110839844,586810,257.9559489593506,258.21403395080563
2026-01-09 14:40:00+00:00,258.2900085449219,258.4800109863281,257.70001220703125,258.0899963378906,561841,258.1608635406494,258.41915354919433
2026-01-09 14:45:00+00:00,257.0400085449219,258.54998779296875,256.9100036621094,258.29998779296875,554481,256.91148854064943,257.1685285491943
2026-01-09 14:50:00+00:00,256.7300109863281,257.1698913574219,256.4649963378906,257.0299987792969,612701,256.601645980835,256.8583759918213
2026-01-09 14:55:00+00:00,256.93499755859375,257.0899963378906,256.3800048828125,256.739990234375,542165,256.80653005981446,257.06346505737304
2026-01-09 15:00:00+00:00,257.6000061035156,257.70001220703125,256.2200927734375,256.8800048828125,506565,257.47120610046386,257.7288061065674
2026-01-09 15:05:00+00:00,257.4049987792969,257.6099853515625,256.92999267578125,257.59368896484375,438462,257.2762962799072,257.5337012786865
2026-01-09 15:10:00+00:00,258.2900085449219,258.3999938964844,257.3500061035156,257.4049987792969,438214,258.1608635406494,258.41915354919433
2026-01-09 15:15:00+00:00,258.3900146484375,258.6700134277344,258.010009765625,258.2934875488281,372444,258.2608196411133,258.5192096557617
2026-01-09 15:20:00+00:00,257.9700012207031,258.4700012207031,257.8999938964844,258.4100036621094,313899,257.8410162200928,258.09898622131345
2026-01-09 15:25:00+00:00,258.4599914550781,258.5,257.68499755859375,257.9700012207031,500200,258.3307614593506,258.58922145080567
2026-01-09 15:30:00+00:00,258.7099914550781,258.75,258.20001220703125,258.4599914550781,322816,258.5806364593506,258.83934645080564
2026-01-09 15:35:00+00:00,258.5299987792969,258.75,258.2300109863281,258.7099914550781,241992,258.4007337799072,258.6592637786865
2026-01-09 15:40:00+00:00,257.8305969238281,258.5299987792969,257.7550048828125,258.5299987792969,254064,257.70168162536623,257.95951222229
2026-01-09 15:45:00+00:00,257.7300109863281,258.0,257.6400146484375,257.8299865722656,266844,257.601145980835,257.85887599182126
2026-01-09 15:50:00+00:00,257.9049987792969,258.1400146484375,257.6499938964844,257.7300109863281,208669,257.77604627990723,258.0339512786865
2026-01-09 15:55:00+00:00,257.7699890136719,257.9339904785156,257.54998779296875,257.9100036621094,224583,257.641104019165,257.8988740081787
2026-01-09 16:00:00+00:00,258.218994140625,258.260009765625,257.7099914550781,257.7749938964844,234861,258.0898846435547,258.3481036376953
2026-01-09 16:05:00+00:00,258.489990234375,258.54998779296875,258.0899963378906,258.2200012207031,224339,258.3607452392578,258.6192352294922
2026-01-09 16:10:00+00:00,258.19000244140625,258.6000061035156,258.1199951171875,258.4849853515625,235528,258.0609074401856,258.3190974426269
2026-01-09 16:15:00+00:00,257.7799987792969,258.2699890136719,257.6499938964844,258.17999267578125,261984,257.65110877990725,257.9088887786865
2026-01-09 16:20:00+00:00,257.6099853515625,257.8550109863281,257.510009765625,257.7799987792969,346131,257.4811803588867,257.7387903442383
2026-01-09 16:25:00+00:00,256.9599914550781,257.6300048828125,256.8800048828125,257.6300048828125,390508,256.8315114593506,257.0884714508056
2026-01-09 16:30:00+00:00,257.0350036621094,257.17999267578125,256.8146057128906,256.9512939453125,371924,256.90648616027835,257.1635211639404
2026-01-09 16:35:00+00:00,256.9800109863281,257.1600036621094,256.8299865722656,257.0249938964844,250616,256.85152098083495,257.1085009918213
2026-01-09 16:40:00+00:00,256.93499755859375,257.0899963378906,256.7663879394531,256.9700012207031,264854,256.80653005981446,257.06346505737304
2026-01-09 16:45:00+00:00,257.2900085449219,257.3999938964844,256.8500061035156,256.9292907714844,341270,257.1613635406494,257.41865354919435
2026-01-09 16:50:00+00:00,257.4599914550781,257.4750061035156,257.2699890136719,257.2900085449219,238235,257.3312614593506,257.5887214508056
2026-01-09 16:55:00+00:00,257.67999267578125,257.6877136230469,257.3299865722656,257.4566955566406,301543,257.55115267944336,257.80883267211914
2026-01-09 17:00:00+00:00,258.3900146484375,258.3999938964844,257.54998779296875,257.67498779296875,345230,258.2608196411133,258.5192096557617
2026-01-09 17:05:00+00:00,258.5835876464844,258.6000061035156,258.2300109863281,258.41009521484375,341242,258.4542958526611,258.71287944030763
2026-01-09 17:10:00+00:00,258.5799865722656,258.6499938964844,258.3450012207031,258.57000732421875,219069,258.4506965789795,258.70927656555176
2026-01-09 17:15:00+00:00,258.2900085449219,258.6000061035156,258.1600036621094,258.5799865722656,234485,258.1608635406494,258.41915354919433
2026-01-09 17:20:00+00:00,258.8299865722656,258.9200134277344,258.29998779296875,258.29998779296875,201121,258.7005715789795,258.95940156555173
2026-01-09 17:25:00+00:00,258.92999267578125,259.05499267578125,258.78009033203125,258.8299865722656,235507,258.80052767944335,259.05945767211915
2026-01-09 17:30:00+00:00,258.9599914550781,259.0150146484375,258.7601013183594,258.9100036621094,174587,258.8305114593506,259.08947145080566
2026-01-09 17:35:00+00:00,258.8800048828125,258.989990234375,258.67999267578125,258.9599914550781,167761,258.7505648803711,259.0094448852539
2026-01-09 17:40:00+00:00,258.6400146484375,258.8800048828125,258.5299987792969,258.8800048828125,195317,258.5106946411133,258.7693346557617
2026-01-09 17:45:00+00:00,259.0199890136719,259.0799865722656,258.6600036621094,258.6700134277344,287669,258.89047901916507,259.1494990081787
2026-01-09 17:50:00+00:00,258.8699951171875,259.1600036621094,258.75,259.0299987792969,228217,258.7405601196289,258.9994301147461
2026-01-09 17:55:00+00:00,258.7607116699219,258.9599914550781,258.75,258.8699951171875,157230,258.63133131408694,258.8900920257568
2026-01-09 18:00:00+00:00,258.6000061035156,258.875,258.5,258.760009765625,186680,258.4707061004639,258.7293061065674
2026-01-09 18:05:00+00:00,258.3699951171875,258.7099914550781,258.3500061035156,258.6000061035156,164428,258.2408101196289,258.4991801147461
2026-01-09 18:10:00+00:00,258.2900085449219,258.4599914550781,258.2401123046875,258.385498046875,154171,258.1608635406494,258.41915354919433
2026-01-09 18:15:00+00:00,258.590087890625,258.6000061035156,258.2662048339844,258.32000732421875,163176,258.4607928466797,258.7193829345703
2026-01-09 18:20:00+00:00,258.6499938964844,258.69000244140625,258.510009765625,258.59130859375,116238,258.52066889953613,258.7793188934326
2026-01-09 18:25:00+00:00,259.1199951171875,259.1499938964844,258.5799865722656,258.6449890136719,178296,258.9904351196289,259.2495551147461
2026-01-09 18:30:00+00:00,259.1737976074219,259.25,259.010009765625,259.1300048828125,216104,259.04421070861815,259.3033845062256
2026-01-09 18:35:00+00:00,259.30999755859375,259.3599853515625,259.135009765625,259.1600036621094,182008,259.18034255981445,259.43965255737305
2026-01-09 18:40:00+00:00,259.19000244140625,259.5,259.0899963378906,259.32000732421875,184371,259.06040744018554,259.31959744262696
2026-01-09 18:45:00+00:00,259.25,259.3949890136719,259.1600036621094,259.239990234375,109847,259.120375,259.379625
2026-01-09 18:50:00+00:00,259.1700134277344,259.510009765625,259.1400146484375,259.260009765625,139692,259.0404284210205,259.2995984344482
2026-01-09 18:55:00+00:00,259.4800109863281,259.5400085449219,259.1000061035156,259.1700134277344,129230,259.350270980835,259.6097509918213
2026-01-09 19:00:00+00:00,259.4100036621094,259.60400390625,259.3800048828125,259.4750061035156,147734,259.28029866027833,259.5397086639404
2026-01-09 19:05:00+00:00,259.6199951171875,259.6199951171875,259.3900146484375,259.4150085449219,150040,259.4901851196289,259.7498051147461
2026-01-09 19:10:00+00:00,259.4800109863281,259.6310119628906,259.4200134277344,259.6099853515625,131868,259.350270980835,259.6097509918213
2026-01-09 19:15:00+00:00,259.7200012207031,259.75,259.4800109863281,259.4800109863281,168119,259.5901412200928,259.84986122131346
2026-01-09 19:20:00+00:00,259.9200134277344,259.95001220703125,259.69000244140625,259.7349853515625,196066,259.7900534210205,260.04997343444825
2026-01-09 19:25:00+00:00,259.7300109863281,259.94000244140625,259.6400146484375,259.9200134277344,216889,259.60014598083495,259.8598759918213
2026-01-09 19:30:00+00:00,259.82000732421875,259.8869934082031,259.67999267578125,259.7300109863281,211027,259.6900973205567,259.9499173278808
2026-01-09 19:35:00+00:00,259.8949890136719,259.9599914550781,259.80010986328125,259.8175964355469,146862,259.76504151916504,260.0249365081787
2026-01-09 19:40:00+00:00,259.82000732421875,260.0,259.7699890136719,259.8999938964844,230026,259.6900973205567,259.9499173278808
2026-01-09 19:45:00+00:00,259.9649963378906,259.9798889160156,259.67999267578125,259.80999755859375,209301,259.8350138397217,260.09497883605957
2026-01-09 19:50:00+00:00,260.1549987792969,260.20001220703125,259.9549865722656,259.9700012207031,346258,260.02492127990723,260.2850762786865
2026-01-09 19:55:00+00:00,259.9700927734375,260.1549987792969,259.7300109863281,260.1549987792969,231827,259.8401077270508,260.1000778198242
2026-01-09 20:00:00+00:00,259.93060302734375,260.2099914550781,259.860107421875,259.9599914550781,287496,259.8006377258301,260.0605683288574
2026-01-09 20:05:00+00:00,259.8949890136719,259.94000244140625,259.8009948730469,259.94000244140625,164723,259.76504151916504,260.0249365081787
2026-01-09 20:10:00+00:00,259.9800109863281,259.9800109863281,259.8399963378906,259.8999938964844,172171,259.850020980835,260.11000099182127
2026-01-09 20:15:00+00:00,259.95001220703125,260.1199951171875,259.8999938964844,259.9800109863281,229196,259.82003720092774,260.07998721313476
2026-01-09 20:20:00+00:00,260.0400085449219,260.17999267578125,259.94000244140625,259.95001220703125,301754,259.9099885406494,260.17002854919434
2026-01-09 20:25:00+00:00,259.9649963378906,260.06500244140625,259.82000732421875,260.010009765625,201413,259.8350138397217,260.09497883605957
2026-01-09 20:30:00+00:00,260.010009765625,260.05499267578125,259.82000732421875,259.95001220703125,251916,259.8800047607422,260.1400147705078
2026-01-09 20:35:00+00:00,259.9049987792969,260.0350036621094,259.8800048828125,260.0,229342,259.77504627990726,260.0349512786865
2026-01-09 20:40:00+00:00,259.7770080566406,259.9110107421875,259.6199951171875,259.90899658203125,258356,259.6471195526123,259.90689656066894
2026-01-09 20:45:00+00:00,259.7449951171875,259.8900146484375,259.6300048828125,259.7699890136719,210162,259.61512261962895,259.87486761474605
2026-01-09 20:50:00+00:00,259.260009765625,259.739990234375,259.07000732421875,259.739990234375,534781,259.1303797607422,259.3896397705078
2026-01-09 20:55:00+00:00,259.3500061035156,259.5799865722656,258.95001220703125,259.239990234375,819130,259.2203311004639,259.47968110656734
2026-01-12 14:30:00+00:00,258.0299987792969,260.2699890136719,257.9200134277344,259.4100036621094,2124779,257.9009837799072,258.15901377868653
2026-01-12 14:35:00+00:00,257.3013916015625,258.4798889160156,257.0899963378906,258.02960205078125,709104,257.1727409057617,257.4300422973633
2026-01-12 14:40:00+00:00,257.54998779296875,257.6600036621094,256.79998779296875,257.2699890136719,662598,257.4212127990723,257.6787627868652
2026-01-12 14:45:00+00:00,258.29998779296875,258.5400085449219,257.4750061035156,257.55999755859375,699501,258.1708377990723,258.4291377868652
2026-01-12 14:50:00+00:00,258.1499938964844,258.6400146484375,258.07080078125,258.3299865722656,354780,258.0209188995361,258.2790688934326
2026-01-12 14:55:00+00:00,258.3299865722656,258.7200012207031,258.0799865722656,258.1300048828125,764775,258.2008215789795,258.45915156555174
2026-01-12 15:00:00+00:00,258.6099853515625,258.82000732421875,258.1499938964844,258.2699890136719,345576,258.48068035888673,258.73929034423827
2026-01-12 15:05:00+00:00,259.3399963378906,259.6600036621094,258.5050048828125,258.5899963378906,452668,259.2103263397217,259.46966633605956
2026-01-12 15:10:00+00:00,259.6300048828125,259.8699951171875,259.3299865722656,259.3599853515625,324874,259.5001898803711,259.7598198852539
2026-01-12 15:15:00+00:00,259.1000061035156,259.6099853515625,259.05999755859375,259.6099853515625,336018,258.9704561004639,259.2295561065674
2026-01-12 15:20:00+00:00,259.07000732421875,259.5799865722656,258.8900146484375,259.0979919433594,496760,258.94047232055664,259.19954232788086
2026-01-12 15:25:00+00:00,260.3500061035156,261.29998779296875,258.92999267578125,259.07000732421875,1234186,260.21983110046386,260.4801811065674
2026-01-12 15:30:00+00:00,259.1700134277344,260.43231201171875,259.04998779296875,260.364990234375,422448,259.0404284210205,259.2995984344482
2026-01-12 15:35:00+00:00,259.7200012207031,259.7699890136719,259.1600036621094,259.1697998046875,326809,259.5901412200928,259.84986122131346
2026-01-12 15:40:00+00:00,259.69000244140625,260.0400085449219,259.6499938964844,259.7900085449219,372646,259.56015744018555,259.81984744262695
2026-01-12 15:45:00+00:00,259.5220031738281,259.7398986816406,259.4150085449219,259.67999267578125,213032,259.3922421722412,259.65176417541505
2026-01-12 15:50:00+00:00,259.5799865722656,259.5899963378906,259.2300109863281,259.489990234375,227088,259.4501965789795,259.70977656555175
2026-01-12 15:55:00+00:00,259.3900146484375,259.6499938964844,259.30999755859375,259.5799865722656,200944,259.2603196411133,259.5197096557617
2026-01-12 16:00:00+00:00,259.6499938964844,259.7799987792969,259.1600036621094,259.3999938964844,231322,259.52016889953615,259.7798188934326
2026-01-12 16:05:00+00:00,259.7900085449219,259.8599853515625,259.54998779296875,259.6512145996094,212082,259.66011354064943,259.9199035491943
2026-01-12 16:10:00+00:00,260.31500244140625,260.3299865722656,259.75,259.7900085449219,358448,260.18484494018554,260.44515994262696
2026-01-12 16:15:00+00:00,260.1200866699219,260.3999938964844,259.9750061035156,260.31500244140625,277764,259.99002662658694,260.2501467132568
2026-01-12 16:20:00+00:00,260.260009765625,260.2699890136719,260.0600891113281,260.1199951171875,179491,260.1298797607422,260.3901397705078
2026-01-12 16:25:00+00:00,260.2300109863281,260.45001220703125,260.20001220703125,260.2799987792969,257941,260.09989598083496,260.3601259918213
2026-01-12 16:30:00+00:00,260.2669982910156,260.5,259.9599914550781,260.2300109863281,228685,260.13686479187015,260.3971317901611
2026-01-12 16:35:00+00:00,259.94000244140625,260.3351135253906,259.7300109863281,260.260009765625,227076,259.8100324401856,260.0699724426269
2026-01-12 16:40:00+00:00,259.760009765625,260.07000732421875,259.7099914550781,259.94000244140625,223812,259.6301297607422,259.8898897705078
2026-01-12 16:45:00+00:00,260.2701110839844,260.2701110839844,259.7200012207031,259.75,241171,260.1399760284424,260.40024613952636
2026-01-12 16:50:00+00:00,260.9283142089844,261.0199890136719,260.0367126464844,260.2699890136719,327475,260.7978500518799,261.05877836608886
2026-01-12 16:55:00+00:00,261.0,261.1099853515625,260.8299865722656,260.9200134277344,333795,260.8695,261.1305
2026-01-12 17:00:00+00:00,260.760009765625,261.0799865722656,260.6549987792969,260.989990234375,234924,260.6296297607422,260.8903897705078
2026-01-12 17:05:00+00:00,260.5150146484375,260.8699951171875,260.4100036621094,260.760009765625,205961,260.3847571411133,260.6452721557617
2026-01-12 17:10:00+00:00,260.5849914550781,260.6400146484375,260.4336853027344,260.5299987792969,133747,260.4546989593506,260.71528395080566
2026-01-12 17:15:00+00:00,260.3301086425781,260.6000061035156,260.29998779296875,260.57000732421875,152881,260.1999435882569,260.4602736968994
2026-01-12 17:20:00+00:00,260.3299865722656,260.489990234375,260.2349853515625,260.3299865722656,216524,260.1998215789795,260.46015156555177
2026-01-12 17:25:00+00:00,260.60931396484375,260.6600036621094,260.29998779296875,260.3299865722656,183422,260.47900930786136,260.73961862182614
2026-01-12 17:30:00+00:00,260.5350036621094,260.6700134277344,260.4800109863281,260.6000061035156,188095,260.40473616027833,260.6652711639404
2026-01-12 17:35:00+00:00,260.3599853515625,260.5199890136719,260.3500061035156,260.5199890136719,129814,260.2298053588867,260.4901653442383
2026-01-12 17:40:00+00:00,260.5299987792969,260.54998779296875,260.3599853515625,260.3699951171875,158320,260.39973377990725,260.6602637786865
2026-01-12 17:45:00+00:00,260.7900085449219,261.1099853515625,260.42999267578125,260.5299987792969,261451,260.65961354064945,260.9204035491943
2026-01-12 17:50:00+00:00,260.8999938964844,260.8999938964844,260.4100036621094,260.7934875488281,269002,260.76954389953613,261.0304438934326
2026-01-12 17:55:00+00:00,260.67498779296875,261.0,260.61370849609375,260.8900146484375,149949,260.54465029907226,260.80532528686524
2026-01-12 18:00:00+00:00,260.9750061035156,261.0,260.6400146484375,260.6600036621094,175318,260.84451860046386,261.1054936065674
2026-01-12 18:05:00+00:00,261.0259094238281,261.29998779296875,260.9700012207031,260.9869079589844,240208,260.89539646911624,261.15642237854
2026-01-12 18:10:00+00:00,260.75,261.0400085449219,260.7200012207031,261.0400085449219,176389,260.61962500000004,260.88037499999996
2026-01-12 18:15:00+00:00,260.7799987792969,260.8399963378906,260.67999267578125,260.739990234375,134541,260.6496087799072,260.9103887786865
2026-01-12 18:20:00+00:00,261.0115051269531,261.1099853515625,260.7699890136719,260.7699890136719,144140,260.88099937438966,261.1420108795166
2026-01-12 18:25:00+00:00,260.8900146484375,261.0299987792969,260.860107421875,261.010009765625,133125,260.7595696411133,261.0204596557617
2026-01-12 18:30:00+00:00,260.82000732421875,260.9100036621094,260.7601013183594,260.8909912109375,120875,260.68959732055663,260.95041732788087
2026-01-12 18:35:00+00:00,260.9150085449219,260.94000244140625,260.7799987792969,260.8299865722656,161977,260.78455104064943,261.0454660491943
2026-01-12 18:40:00+00:00,260.67999267578125,260.92498779296875,260.6300048828125,260.8999938964844,143855,260.5496526794434,260.8103326721191
2026-01-12 18:45:00+00:00,260.5299987792969,260.81988525390625,260.5199890136719,260.6700134277344,152927,260.39973377990725,260.6602637786865
2026-01-12 18:50:00+00:00,260.4549865722656,260.55999755859375,260.29998779296875,260.5199890136719,140442,260.3247590789795,260.5852140655517
2026-01-12 18:55:00+00:00,260.4100036621094,260.510009765625,260.3500061035156,260.4599914550781,121238,260.27979866027835,260.5402086639404
2026-01-12 19:00:00+00:00,260.5150146484375,260.5400085449219,260.3699951171875,260.3999938964844,122056,260.3847571411133,260.6452721557617
2026-01-12 19:05:00+00:00,260.32501220703125,260.5199890136719,260.19000244140625,260.5199890136719,190405,260.19484970092776,260.45517471313474
2026-01-12 19:10:00+00:00,260.260009765625,260.4100036621094,260.2099914550781,260.32000732421875,170155,260.1298797607422,260.3901397705078
2026-01-12 19:15:00+00:00,260.54998779296875,260.55999755859375,260.2699890136719,260.2699890136719,194911,260.4197127990723,260.6802627868652
2026-01-12 19:20:00+00:00,260.82501220703125,260.8800048828125,260.55999755859375,260.55999755859375,241703,260.69459970092777,260.95542471313473
2026-01-12 19:25:00+00:00,260.6400146484375,260.8399963378906,260.6199951171875,260.82000732421875,213515,260.5096946411133,260.7703346557617
2026-01-12 19:30:00+00:00,260.80999755859375,260.8800048828125,260.5899963378906,260.6499938964844,209162,260.67959255981447,260.94040255737303
2026-01-12 19:35:00+00:00,260.7300109863281,261.0199890136719,260.7099914550781,260.82000732421875,184705,260.59964598083496,260.8603759918213
2026-01-12 19:40:00+00:00,260.55999755859375,260.7391052246094,260.48529052734375,260.7300109863281,149367,260.4297175598145,260.690277557373
2026-01-12 19:45:00+00:00,260.6099853515625,260.7650146484375,260.5299987792969,260.54998779296875,173687,260.47968035888675,260.74029034423825
2026-01-12 19:50:00+00:00,260.9010009765625,260.9100036621094,260.50250244140625,260.6099853515625,203223,260.7705504760742,261.0314514770508
2026-01-12 19:55:00+00:00,261.1300048828125,261.1700134277344,260.8900146484375,260.8999938964844,197852,260.9994398803711,261.2605698852539
2026-01-12 20:00:00+00:00,261.07000732421875,261.19000244140625,260.9599914550781,261.1199951171875,185233,260.93947232055666,261.20054232788084
2026-01-12 20:05:00+00:00,261.0899963378906,261.1600036621094,260.9750061035156,261.0799865722656,251410,260.9594513397217,261.22054133605957
2026-01-12 20:10:00+00:00,261.0400085449219,261.19000244140625,260.93499755859375,261.07501220703125,367362,260.9094885406494,261.17052854919433
2026-01-12 20:15:00+00:00,260.7799987792969,261.1099853515625,260.739990234375,261.0400085449219,246454,260.6496087799072,260.9103887786865
2026-01-12 20:20:00+00:00,260.79998779296875,260.8399963378906,260.7300109863281,260.7799987792969,206757,260.6695877990723,260.9303877868652
2026-01-12 20:25:00+00:00,260.9700012207031,261.0118103027344,260.7699890136719,260.7900085449219,279335,260.8395162200928,261.1004862213135
2026-01-12 20:30:00+00:00,261.06500244140625,261.1300048828125,260.8699951171875,260.9599914550781,207776,260.9344699401856,261.1955349426269
2026-01-12 20:35:00+00:00,260.8800048828125,261.0686950683594,260.8299865722656,261.05999755859375,231746,260.7495648803711,261.0104448852539
2026-01-12 20:40:00+00:00,260.9377136230469,261.07000732421875,260.5849914550781,260.8900146484375,298293,260.8072447662354,261.06818247985836
2026-01-12 20:45:00+00:00,260.7200012207031,260.9649963378906,260.6700134277344,260.94000244140625,281333,260.5896412200928,260.85036122131345
2026-01-12 20:50:00+00:00,260.32501220703125,260.70001220703125,260.07000732421875,260.70001220703125,581529,260.19484970092776,260.45517471313474
2026-01-12 20:55:00+00:00,260.2099914550781,260.4100036621094,260.010009765625,260.2900085449219,779335,260.0798864593506,260.3400964508057
2026-01-13 14:30:00+00:00,259.7300109863281,260.1300048828125,258.3900146484375,258.7200012207031,4069633,259.60014598083495,259.8598759918213
2026-01-13 14:35:00+00:00,261.6199951171875,261.80999755859375,259.739990234375,259.739990234375,721806,261.4891851196289,261.7508051147461
2026-01-13 14:40:00+00:00,260.2149963378906,261.6199951171875,259.9599914550781,261.6199951171875,553187,260.0848888397217,260.34510383605954
2026-01-13 14:45:00+00:00,260.29998779296875,260.3324890136719,259.739990234375,260.2149963378906,413128,260.1698377990723,260.4301377868652
2026-01-13 14:50:00+00:00,259.9849853515625,260.5400085449219,259.5199890136719,260.3399963378906,450244,259.85499285888676,260.11497784423824
2026-01-13 14:55:00+00:00,259.9100036621094,260.32000732421875,259.79998779296875,260.010009765625,274921,259.78004866027834,260.0399586639404
2026-01-13 15:00:00+00:00,259.9200134277344,260.2799987792969,259.2799987792969,259.8999938964844,510269,259.7900534210205,260.04997343444825
2026-01-13 15:05:00+00:00,260.2349853515625,260.489990234375,259.92010498046875,259.9800109863281,302965,260.10486785888673,260.36510284423827
2026-01-13 15:10:00+00:00,260.0299987792969,260.4299011230469,259.92999267578125,260.239990234375,267593,259.89998377990725,260.1600137786865
2026-01-13 15:15:00+00:00,259.739990234375,260.0400085449219,259.60101318359375,260.0400085449219,236337,259.6101202392578,259.8698602294922
2026-01-13 15:20:00+00:00,259.6600036621094,259.8399963378906,259.4200134277344,259.7900085449219,261048,259.5301736602783,259.78983366394044
2026-01-13 15:25:00+00:00,260.090087890625,260.2850036621094,259.55999755859375,259.6680908203125,417436,259.9600428466797,260.2201329345703
2026-01-13 15:30:00+00:00,259.8599853515625,260.1799011230469,259.65008544921875,260.1400146484375,248463,259.7300553588867,259.9899153442383
2026-01-13 15:35:00+00:00,259.7500915527344,260.0400085449219,259.7099914550781,259.8599853515625,247842,259.620216506958,259.87996659851075
2026-01-13 15:40:00+00:00,259.8299865722656,259.8999938964844,259.6199951171875,259.739990234375,182463,259.70007157897953,259.9599015655517
2026-01-13 15:45:00+00:00,259.60009765625,260.0,259.489990234375,259.82000732421875,198890,259.4702976074219,259.7298977050781
2026-01-13 15:50:00+00:00,260.1300048828125,260.19000244140625,259.56500244140625,259.6000061035156,324429,259.99993988037113,260.26006988525387
2026-01-13 15:55:00+00:00,259.92999267578125,260.1199951171875,259.67010498046875,260.1099853515625,270461,259.80002767944336,260.05995767211914
2026-01-13 16:00:00+00:00,259.80499267578125,260.0799865722656,259.7650146484375,259.94000244140625,213846,259.6750901794434,259.9348951721191
2026-01-13 16:05:00+00:00,260.06988525390625,260.0899963378906,259.7699890136719,259.82000732421875,146844,259.9398503112793,260.1999201965332
2026-01-13 16:10:00+00:00,260.0,260.2799072265625,259.9872131347656,260.04998779296875,264481,259.87,260.13
2026-01-13 16:15:00+00:00,260.07501220703125,260.1199951171875,259.94000244140625,260.0050048828125,155120,259.94497470092773,260.20504971313477
2026-01-13 16:20:00+00:00,259.95001220703125,260.1400146484375,259.92999267578125,260.07000732421875,170831,259.82003720092774,260.07998721313476
2026-01-13 16:25:00+00:00,259.9100036621094,260.04998779296875,259.6199951171875,259.94000244140625,185138,259.78004866027834,260.0399586639404
2026-01-13 16:30:00+00:00,260.3800048828125,260.42999267578125,259.8500061035156,259.8999938964844,270329,260.2498148803711,260.5101948852539
2026-01-13 16:35:00+00:00,260.7349853515625,260.760009765625,260.3205871582031,260.3999938964844,275129,260.60461785888674,260.86535284423826
2026-01-13 16:40:00+00:00,260.82000732421875,261.0199890136719,260.7049865722656,260.739990234375,265977,260.68959732055663,260.95041732788087
2026-01-13 16:45:00+00:00,260.88031005859375,260.9599914550781,260.6199951171875,260.82000732421875,231396,260.74986990356444,261.01075021362306
2026-01-13 16:50:00+00:00,260.9800109863281,261.010009765625,260.760009765625,260.9100036621094,212838,260.849520980835,261.11050099182125
2026-01-13 16:55:00+00:00,260.8999938964844,261.0299987792969,260.79998779296875,260.989990234375,216711,260.76954389953613,261.0304438934326
2026-01-13 17:00:00+00:00,260.989990234375,261.010009765625,260.81500244140625,260.8900146484375,150896,260.85949523925785,261.12048522949215
2026-01-13 17:05:00+00:00,260.95001220703125,261.010009765625,260.87030029296875,260.9849853515625,126762,260.81953720092775,261.08048721313475
2026-01-13 17:10:00+00:00,260.739990234375,261.1600036621094,260.7200012207031,260.9599914550781,196318,260.6096202392578,260.8703602294922
2026-01-13 17:15:00+00:00,260.4800109863281,260.79998779296875,260.17999267578125,260.7449951171875,221133,260.349770980835,260.61025099182126
2026-01-13 17:20:00+00:00,260.9100036621094,260.9346008300781,260.3599853515625,260.4800109863281,160668,260.77954866027835,261.0404586639404
2026-01-13 17:25:00+00:00,260.8399963378906,260.9700012207031,260.7099914550781,260.9100036621094,155780,260.7095763397217,260.97041633605954
2026-01-13 17:30:00+00:00,261.05999755859375,261.07000732421875,260.7200012207031,260.8500061035156,295704,260.92946755981444,261.19052755737306
2026-01-13 17:35:00+00:00,261.239990234375,261.3800048828125,261.04998779296875,261.0635070800781,168068,261.1093702392578,261.3706102294922
2026-01-13 17:40:00+00:00,261.1300048828125,261.44000244140625,261.0132141113281,261.2799072265625,150759,260.9994398803711,261.2605698852539
2026-01-13 17:45:00+00:00,261.0799865722656,261.20001220703125,260.9049987792969,261.1300048828125,122290,260.9494465789795,261.21052656555173
2026-01-13 17:50:00+00:00,260.62548828125,261.07000732421875,260.5799865722656,261.07000732421875,134778,260.4951755371094,260.7558010253906
2026-01-13 17:55:00+00:00,260.5199890136719,260.6510009765625,260.4100036621094,260.625,221009,260.38972901916503,260.6502490081787
2026-01-13 18:00:00+00:00,260.3299865722656,260.5299072265625,260.2301025390625,260.5,188347,260.1998215789795,260.46015156555177
2026-01-13 18:05:00+00:00,260.2900085449219,260.6499938964844,260.2200012207031,260.3399963378906,155934,260.15986354064944,260.4201535491943
2026-01-13 18:10:00+00:00,260.8500061035156,260.8699951171875,260.239990234375,260.29998779296875,195454,260.71958110046387,260.9804311065674
2026-01-13 18:15:00+00:00,260.7900085449219,260.92999267578125,260.7699890136719,260.8599853515625,147104,260.65961354064945,260.9204035491943
2026-01-13 18:20:00+00:00,260.2099914550781,260.8301086425781,260.1600036621094,260.7900085449219,139331,260.0798864593506,260.3400964508057
2026-01-13 18:25:00+00:00,259.989990234375,260.2598876953125,259.989990234375,260.239990234375,141092,259.85999523925784,260.11998522949216
2026-01-13 18:30:00+00:00,260.409912109375,260.44000244140625,259.9649963378906,259.9800109863281,175478,260.2797071533203,260.5401170654297
2026-01-13 18:35:00+00:00,260.5400085449219,260.6736145019531,260.38031005859375,260.3999938964844,138988,260.4097385406494,260.67027854919434
2026-01-13 18:40:00+00:00,260.1807861328125,260.53509521484375,260.1600036621094,260.5299987792969,201768,260.0506957397461,260.3108765258789
2026-01-13 18:45:00+00:00,260.31500244140625,260.489990234375,260.1700134277344,260.18499755859375,193219,260.18484494018554,260.44515994262696
2026-01-13 18:50:00+00:00,260.07769775390625,260.31500244140625,260.0400085449219,260.31500244140625,154306,259.9476589050293,260.2077366027832
2026-01-13 18:55:00+00:00,259.9599914550781,260.19989013671875,259.760009765625,260.05999755859375,190653,259.8300114593506,260.08997145080565
2026-01-13 19:00:00+00:00,259.8699951171875,260.0899963378906,259.8550109863281,259.9599914550781,170685,259.74006011962894,259.99993011474606
2026-01-13 19:05:00+00:00,259.5899963378906,259.8999938964844,259.5450134277344,259.8599853515625,207831,259.4602013397217,259.71979133605953
2026-01-13 19:10:00+00:00,259.25,259.7300109863281,259.2099914550781,259.6099853515625,5769685,259.120375,259.379625
2026-01-13 19:15:00+00:00,259.67999267578125,259.78399658203125,259.1499938964844,259.25,0,259.5501526794434,259.8098326721191
2026-01-13 19:20:00+00:00,259.6700134277344,259.9100036621094,259.45001220703125,259.67999267578125,192374,259.5401784210205,259.7998484344482
2026-01-13 19:25:00+00:00,259.739990234375,259.75,259.4849853515625,259.6449890136719,198054,259.6101202392578,259.8698602294922
2026-01-13 19:30:00+00:00,259.6199951171875,259.79998779296875,259.55999755859375,259.7398986816406,170684,259.4901851196289,259.7498051147461
2026-01-13 19:35:00+00:00,259.55999755859375,259.760009765625,259.3999938964844,259.6199951171875,124782,259.4302175598145,259.689777557373
2026-01-13 19:40:00+00:00,259.5199890136719,259.70001220703125,259.4901123046875,259.57501220703125,122477,259.3902290191651,259.6497490081787
2026-01-13 19:45:00+00:00,259.4700012207031,259.6409912109375,259.4200134277344,259.5,123938,259.3402662200928,259.59973622131344
2026-01-13 19:50:00+00:00,259.7149963378906,259.739990234375,259.44000244140625,259.4649963378906,150348,259.5851388397217,259.84485383605954
2026-01-13 19:55:00+00:00,259.4599914550781,259.75,259.2900085449219,259.69000244140625,138157,259.3302614593506,259.58972145080565
2026-01-13 20:00:00+00:00,259.2300109863281,259.4649963378906,259.1199951171875,259.4649963378906,125705,259.100395980835,259.35962599182125
2026-01-13 20:05:00+00:00,259.2699890136719,259.3699035644531,259.1700134277344,259.2200012207031,144200,259.14035401916504,259.3996240081787
2026-01-13 20:10:00+00:00,258.9599914550781,259.260009765625,258.92999267578125,259.260009765625,311806,258.8305114593506,259.08947145080566
2026-01-13 20:15:00+00:00,258.9649963378906,259.0199890136719,258.8800048828125,258.9649963378906,164575,258.83551383972167,259.0944788360596
2026-01-13 20:20:00+00:00,259.2008056640625,259.2300109863281,258.7601013183594,258.9599914550781,201980,259.0712052612305,259.3304060668945
2026-01-13 20:25:00+00:00,259.0199890136719,259.2955017089844,258.9200134277344,259.20001220703125,181996,258.89047901916507,259.1494990081787
2026-01-13 20:30:00+00:00,258.875,259.0640869140625,258.8399963378906,259.010009765625,179270,258.7455625,259.0044375
2026-01-13 20:35:00+00:00,259.260009765625,259.31988525390625,258.8599853515625,258.8800048828125,227019,259.1303797607422,259.3896397705078
2026-01-13 20:40:00+00:00,259.44000244140625,259.5400085449219,259.2149963378906,259.2799072265625,223416,259.3102824401856,259.5697224426269
2026-01-13 20:45:00+00:00,259.7099914550781,259.7430114746094,259.3699951171875,259.42999267578125,211675,259.5801364593506,259.8398464508056
2026-01-13 20:50:00+00:00,260.8500061035156,260.8500061035156,259.67999267578125,259.67999267578125,494908,260.71958110046387,260.9804311065674
2026-01-13 20:55:00+00:00,261.04998779296875,261.20001220703125,260.6700134277344,260.8299865722656,11506856,260.9194627990723,261.1805127868652
2026-01-14 14:30:00+00:00,261.69000244140625,261.80999755859375,259.239990234375,259.4800109863281,1628976,261.5591574401856,261.8208474426269
2026-01-14 14:35:00+00:00,260.5199890136719,261.7149963378906,260.1000061035156,261.70001220703125,362351,260.38972901916503,260.6502490081787
2026-01-14 14:40:00+00:00,259.95001220703125,261.0497131347656,259.8299865722656,260.51409912109375,376274,259.82003720092774,260.07998721313476
2026-01-14 14:45:00+00:00,259.9599914550781,260.19000244140625,259.5799865722656,259.94000244140625,293557,259.8300114593506,260.08997145080565
2026-01-14 14:50:00+00:00,259.4090881347656,259.94000244140625,259.1300048828125,259.94000244140625,313930,259.2793835906983,259.538792678833
2026-01-14 14:55:00+00:00,259.1000061035156,259.8699951171875,259.04998779296875,259.3844909667969,284067,258.9704561004639,259.2295561065674
2026-01-14 15:00:00+00:00,259.25,259.6400146484375,258.82000732421875,259.17999267578125,395199,259.120375,259.379625
2026-01-14 15:05:00+00:00,259.9599914550781,260.0299987792969,259.18499755859375,259.25,324192,259.8300114593506,260.08997145080565
2026-01-14 15:10:00+00:00,260.3500061035156,260.3999938964844,259.760009765625,259.9700012207031,337797,260.21983110046386,260.4801811065674
2026-01-14 15:15:00+00:00,260.4049987792969,260.95001220703125,260.32000732421875,260.3699951171875,352870,260.27479627990726,260.5352012786865
2026-01-14 15:20:00+00:00,260.1700134277344,260.6700134277344,260.05499267578125,260.4100036621094,251689,260.03992842102053,260.3000984344482
2026-01-14 15:25:00+00:00,259.75,260.25,259.5400085449219,260.2200012207031,226866,259.62012500000003,259.87987499999997
2026-01-14 15:30:00+00:00,259.5350036621094,259.7900085449219,259.2699890136719,259.7550048828125,264173,259.4052361602783,259.66477116394043
2026-01-14 15:35:00+00:00,259.8399963378906,259.8599853515625,259.5299987792969,259.5299987792969,177075,259.7100763397217,259.96991633605955
2026-01-14 15:40:00+00:00,259.4849853515625,260.0,259.29998779296875,259.82000732421875,209820,259.35524285888675,259.61472784423825
2026-01-14 15:45:00+00:00,258.17999267578125,259.57000732421875,258.1400146484375,259.4800109863281,419887,258.05090267944337,258.30908267211913
2026-01-14 15:50:00+00:00,258.1400146484375,258.4700012207031,258.0299987792969,258.1700134277344,345684,258.01094464111327,258.26908465576173
2026-01-14 15:55:00+00:00,258.0710144042969,258.32000732421875,257.8599853515625,258.17999267578125,284174,257.9419788970947,258.20004991149904
2026-01-14 16:00:00+00:00,258.7099914550781,258.7200012207031,258.07000732421875,258.07000732421875,300382,258.5806364593506,258.83934645080564
2026-01-14 16:05:00+00:00,258.1199951171875,258.80999755859375,257.9700012207031,258.760009765625,224824,257.99093511962894,258.24905511474606
2026-01-14 16:10:00+00:00,258.0899963378906,258.2300109863281,257.8999938964844,258.1099853515625,176303,257.9609513397217,258.21904133605955
2026-01-14 16:15:00+00:00,258.1400146484375,258.3099060058594,258.0799865722656,258.0799865722656,147989,258.01094464111327,258.26908465576173
2026-01-14 16:20:00+00:00,258.614990234375,258.6310119628906,258.07000732421875,258.14990234375,175142,258.4856827392578,258.7442977294922
2026-01-14 16:25:00+00:00,258.739990234375,258.95001220703125,258.3919982910156,258.614990234375,253008,258.6106202392578,258.8693602294922
2026-01-14 16:30:00+00:00,258.5400085449219,258.80999755859375,258.3949890136719,258.739990234375,185338,258.41073854064945,258.6692785491943
2026-01-14 16:35:00+00:00,258.19000244140625,258.54998779296875,257.9649963378906,258.54998779296875,201788,258.0609074401856,258.3190974426269
2026-01-14 16:40:00+00:00,257.8804931640625,258.18499755859375,257.7900085449219,258.17999267578125,178854,257.75155291748047,258.00943341064453
2026-01-14 16:45:00+00:00,257.5,257.93170166015625,257.489990234375,257.8900146484375,207452,257.37125000000003,257.62874999999997
2026-01-14 16:50:00+00:00,257.42498779296875,257.5799865722656,257.25,257.5299987792969,218706,257.2962752990723,257.5537002868652
2026-01-14 16:55:00+00:00,257.7200012207031,257.7843933105469,257.32000732421875,257.42498779296875,144630,257.59114122009277,257.8488612213135
2026-01-14 17:00:00+00:00,257.75,257.92999267578125,257.63751220703125,257.7200012207031,167120,257.621125,257.878875
2026-01-14 17:05:00+00:00,257.9490051269531,258.04998779296875,257.7300109863281,257.760009765625,158922,257.8200306243897,258.07797962951656
2026-01-14 17:10:00+00:00,257.489990234375,257.9425048828125,257.44000244140625,257.94000244140625,173549,257.3612452392578,257.6187352294922
2026-01-14 17:15:00+00:00,257.0799865722656,257.510009765625,256.9800109863281,257.5,227556,256.9514465789795,257.2085265655517
2026-01-14 17:20:00+00:00,257.2799987792969,257.3299865722656,256.7099914550781,257.0899963378906,312686,257.15135877990724,257.4086387786865
2026-01-14 17:25:00+00:00,257.3800048828125,257.5400085449219,257.239990234375,257.2799987792969,157327,257.2513148803711,257.5086948852539
2026-01-14 17:30:00+00:00,257.20001220703125,257.4200134277344,257.1499938964844,257.3900146484375,150264,257.07141220092774,257.32861221313476
2026-01-14 17:35:00+00:00,257.260009765625,257.3699951171875,257.0849914550781,257.2099914550781,139538,257.1313797607422,257.3886397705078
2026-01-14 17:40:00+00:00,257.2300109863281,257.260009765625,257.0400085449219,257.25,118891,257.101395980835,257.35862599182127
2026-01-14 17:45:00+00:00,257.5,257.7149963378906,257.20001220703125,257.2300109863281,141963,257.37125000000003,257.62874999999997
2026-01-14 17:50:00+00:00,257.1600036621094,257.5,257.114990234375,257.5,117752,257.03142366027834,257.2885836639404
2026-01-14 17:55:00+00:00,257.260009765625,257.2799987792969,257.1199951171875,257.1650085449219,136465,257.1313797607422,257.3886397705078
2026-01-14 18:00:00+00:00,257.32000732421875,257.4200134277344,257.20001220703125,257.2300109863281,110671,257.19134732055664,257.44866732788086
2026-01-14 18:05:00+00:00,257.14129638671875,257.3500061035156,257.0950012207031,257.30999755859375,119755,257.01272573852543,257.26986703491207
2026-01-14 18:10:00+00:00,257.17999267578125,257.30999755859375,257.0899963378906,257.135009765625,149732,257.05140267944336,257.30858267211914
2026-01-14 18:15:00+00:00,256.989990234375,257.1799011230469,256.9100036621094,257.1701965332031,151704,256.8614952392578,257.1184852294922
2026-01-14 18:20:00+00:00,257.2699890136719,257.2699890136719,256.9800109863281,257.0,137300,257.1413540191651,257.3986240081787
2026-01-14 18:25:00+00:00,257.5299987792969,257.5299987792969,257.18719482421875,257.2698974609375,130926,257.4012337799072,257.65876377868653
2026-01-14 18:30:00+00:00,257.43499755859375,257.6700134277344,257.32000732421875,257.5299987792969,180923,257.30628005981447,257.56371505737303
2026-01-14 18:35:00+00:00,257.29998779296875,257.4796142578125,257.05499267578125,257.45001220703125,134990,257.17133779907226,257.42863778686524
2026-01-14 18:40:00+00:00,257.8599853515625,257.8599853515625,257.29998779296875,257.31500244140625,121168,257.73105535888675,257.98891534423825
2026-01-14 18:45:00+00:00,257.7200012207031,258.0199890136719,257.55999755859375,257.8699951171875,151063,257.59114122009277,257.8488612213135
2026-01-14 18:50:00+00:00,258.0299987792969,258.1000061035156,257.69000244140625,257.7099914550781,145350,257.9009837799072,258.15901377868653
2026-01-14 18:55:00+00:00,258.0,258.0899963378906,257.8699951171875,258.0199890136719,132504,257.87100000000004,258.12899999999996
2026-01-14 19:00:00+00:00,257.8299865722656,258.0,257.760009765625,257.989990234375,170112,257.7010715789795,257.95890156555174
2026-01-14 19:05:00+00:00,257.6470947265625,257.82000732421875,257.5299987792969,257.82000732421875,181734,257.51827117919925,257.77591827392575
2026-01-14 19:10:00+00:00,257.6199951171875,257.67999267578125,257.510009765625,257.6300048828125,138847,257.49118511962894,257.74880511474606
2026-01-14 19:15:00+00:00,257.7598876953125,257.7650146484375,257.56500244140625,257.614990234375,157673,257.63100775146484,257.88876763916016
2026-01-14 19:20:00+00:00,257.7449951171875,257.8999938964844,257.7099914550781,257.75,135958,257.6161226196289,257.8738676147461
2026-01-14 19:25:00+00:00,257.79998779296875,257.9403076171875,257.7200012207031,257.739990234375,126903,257.67108779907227,257.92888778686523
2026-01-14 19:30:00+00:00,258.07000732421875,258.239990234375,257.7900085449219,257.79998779296875,231602,257.9409723205567,258.1990423278808
2026-01-14 19:35:00+00:00,258.2200012207031,258.2900085449219,258.04998779296875,258.0799865722656,146463,258.0908912200928,258.3491112213135
2026-01-14 19:40:00+00:00,258.32000732421875,258.43170166015625,258.2300109863281,258.25,198162,258.19084732055666,258.44916732788084
2026-01-14 19:45:00+00:00,258.3500061035156,258.4112854003906,258.2099914550781,258.30999755859375,129824,258.2208311004639,258.47918110656735
2026-01-14 19:50:00+00:00,258.2947082519531,258.4800109863281,258.239990234375,258.3481140136719,120277,258.16556089782716,258.4238556060791
2026-01-14 19:55:00+00:00,258.260009765625,258.32000732421875,258.1000061035156,258.29998779296875,189842,258.1308797607422,258.3891397705078
2026-01-14 20:00:00+00:00,258.74951171875,259.0,258.1134033203125,258.2650146484375,318325,258.6201369628906,258.8788864746094
2026-01-14 20:05:00+00:00,259.30999755859375,259.5400085449219,258.67999267578125,258.710205078125,244500,259.18034255981445,259.43965255737305
2026-01-14 20:10:00+00:00,259.42010498046875,259.67181396484375,259.2650146484375,259.29998779296875,233500,259.2903949279785,259.549815032959
2026-01-14 20:15:00+00:00,259.3900146484375,259.6099853515625,259.20001220703125,259.4100036621094,231386,259.2603196411133,259.5197096557617
2026-01-14 20:20:00+00:00,259.760009765625,259.7799987792969,259.3699951171875,259.3999938964844,198399,259.6301297607422,259.8898897705078
2026-01-14 20:25:00+00:00,259.9700012207031,259.9800109863281,259.68011474609375,259.75,201652,259.84001622009276,260.0999862213135
2026-01-14 20:30:00+00:00,260.3550109863281,260.4700012207031,259.9599914550781,259.9800109863281,330673,260.224833480835,260.48518849182125
2026-01-14 20:35:00+00:00,260.2200012207031,260.6000061035156,260.1400146484375,260.3565979003906,312704,260.0898912200928,260.35011122131345
2026-01-14 20:40:00+00:00,260.0799865722656,260.4150085449219,259.9700012207031,260.2298889160156,266050,259.9499465789795,260.21002656555174
2026-01-14 20:45:00+00:00,259.8450012207031,260.239990234375,259.7900085449219,260.0799865722656,313171,259.7150787200928,259.9749237213135
2026-01-14 20:50:00+00:00,259.1099853515625,259.9599914550781,258.6841125488281,259.8500061035156,700950,258.98043035888674,259.23954034423826
2026-01-14 20:55:00+00:00,259.95001220703125,260.19000244140625,259.1600036621094,259.1600036621094,12562120,259.82003720092774,260.07998721313476
2026-01-15 14:30:00+00:00,260.6199951171875,261.0199890136719,260.1199951171875,260.6499938964844,1421174,260.4896851196289,260.7503051147461
2026-01-15 14:35:00+00:00,260.4649963378906,261.0299987792969,260.2900085449219,260.6700134277344,453589,260.3347638397217,260.59522883605956
2026-01-15 14:40:00+00:00,260.69000244140625,260.7200927734375,259.7799987792969,260.3999938964844,624809,260.55965744018556,260.82034744262694
2026-01-15 14:45:00+00:00,260.3599853515625,260.9800109863281,259.9599914550781,260.69500732421875,365294,260.2298053588867,260.4901653442383
2026-01-15 14:50:00+00:00,259.9200134277344,260.5400085449219,259.6199951171875,260.3800048828125,346157,259.7900534210205,260.04997343444825
2026-01-15 14:55:00+00:00,260.17999267578125,260.4198913574219,259.9100036621094,259.9599914550781,281315,260.0499026794434,260.3100826721191
2026-01-15 15:00:00+00:00,260.4898986816406,260.5299987792969,259.8999938964844,260.0899963378906,367268,260.3596537322998,260.62014363098143
2026-01-15 15:05:00+00:00,260.2200012207031,260.57000732421875,260.1405944824219,260.5,291070,260.0898912200928,260.35011122131345
2026-01-15 15:10:00+00:00,260.239990234375,260.5,260.0823974609375,260.2300109863281,262575,260.1098702392578,260.3701102294922
2026-01-15 15:15:00+00:00,260.32000732421875,260.44000244140625,259.8999938964844,260.2900085449219,257713,260.1898473205567,260.4501673278808
2026-01-15 15:20:00+00:00,260.2550048828125,260.4800109863281,260.1199951171875,260.3500061035156,184287,260.1248773803711,260.3851323852539
2026-01-15 15:25:00+00:00,260.10009765625,260.67999267578125,260.10009765625,260.239990234375,190889,259.97004760742186,260.23014770507814
2026-01-15 15:30:00+00:00,260.6400146484375,260.6400146484375,260.04998779296875,260.1400146484375,211058,260.5096946411133,260.7703346557617
2026-01-15 15:35:00+00:00,260.2900085449219,260.67999267578125,260.2099914550781,260.6300964355469,205129,260.15986354064944,260.4201535491943
2026-01-15 15:40:00+00:00,259.9549865722656,260.78509521484375,259.9100036621094,260.2650146484375,325840,259.8250090789795,260.08496406555173
2026-01-15 15:45:00+00:00,259.5799865722656,259.989990234375,259.5299987792969,259.92999267578125,226333,259.4501965789795,259.70977656555175
2026-01-15 15:50:00+00:00,259.55999755859375,259.7452087402344,259.29998779296875,259.5899963378906,240911,259.4302175598145,259.689777557373
2026-01-15 15:55:00+00:00,259.92999267578125,259.9649963378906,259.19000244140625,259.5899963378906,284776,259.80002767944336,260.05995767211914
2026-01-15 16:00:00+00:00,260.19989013671875,260.20001220703125,259.739990234375,259.9599914550781,277238,260.0697901916504,260.3299900817871
2026-01-15 16:05:00+00:00,260.12078857421875,260.239990234375,259.92999267578125,260.2300109863281,245465,259.99072817993164,260.25084896850586
2026-01-15 16:10:00+00:00,259.8800048828125,260.17999267578125,259.8500061035156,260.1099853515625,185578,259.7500648803711,260.0099448852539
2026-01-15 16:15:00+00:00,260.1400146484375,260.29998779296875,259.7900085449219,259.8699951171875,240683,260.0099446411133,260.2700846557617
2026-01-15 16:20:00+00:00,260.35009765625,260.55999755859375,260.05999755859375,260.1499938964844,174959,260.2199226074219,260.4802727050781
2026-01-15 16:25:00+00:00,260.4949951171875,260.6000061035156,260.260009765625,260.3699951171875,177274,260.36474761962893,260.62524261474607
2026-01-15 16:30:00+00:00,260.3500061035156,260.55999755859375,260.32000732421875,260.5,159541,260.21983110046386,260.4801811065674
2026-01-15 16:35:00+00:00,260.42999267578125,260.6199035644531,260.2900085449219,260.3500061035156,156262,260.29977767944337,260.56020767211913
2026-01-15 16:40:00+00:00,260.5400085449219,260.6300048828125,260.3999938964844,260.44500732421875,189436,260.4097385406494,260.67027854919434
2026-01-15 16:45:00+00:00,260.3500061035156,260.54998779296875,260.32000732421875,260.5400085449219,172370,260.21983110046386,260.4801811065674
2026-01-15 16:50:00+00:00,260.3500061035156,260.5400085449219,260.2650146484375,260.3500061035156,161111,260.21983110046386,260.4801811065674
2026-01-15 16:55:00+00:00,259.9849853515625,260.3399963378906,259.9200134277344,260.3399963378906,227023,259.85499285888676,260.11497784423824
2026-01-15 17:00:00+00:00,260.04998779296875,260.18780517578125,259.94000244140625,259.9700012207031,236483,259.91996279907227,260.18001278686523
2026-01-15 17:05:00+00:00,260.1700134277344,260.2850036621094,259.97198486328125,260.0450134277344,181358,260.03992842102053,260.3000984344482
2026-01-15 17:10:00+00:00,260.0199890136719,260.20001220703125,259.9930114746094,260.1700134277344,129250,259.889979019165,260.1499990081787
2026-01-15 17:15:00+00:00,260.1427001953125,260.20001220703125,260.010009765625,260.0191955566406,122591,260.01262884521486,260.27277154541014
2026-01-15 17:20:00+00:00,260.0199890136719,260.1449890136719,259.9200134277344,260.1449890136719,125583,259.889979019165,260.1499990081787
2026-01-15 17:25:00+00:00,259.3299865722656,260.05999755859375,259.29998779296875,260.010009765625,261650,259.2003215789795,259.4596515655517
2026-01-15 17:30:00+00:00,258.9649963378906,259.3999938964844,258.9599914550781,259.3399963378906,462595,258.83551383972167,259.0944788360596
2026-01-15 17:35:00+00:00,259.2099914550781,259.25,258.0,258.9700012207031,587731,259.0803864593506,259.33959645080563
2026-01-15 17:40:00+00:00,258.9901123046875,259.19000244140625,258.739990234375,259.19000244140625,169324,258.86061724853516,259.11960736083984
2026-01-15 17:45:00+00:00,258.92999267578125,259.135009765625,258.8399963378906,258.989990234375,159973,258.80052767944335,259.05945767211915
2026-01-15 17:50:00+00:00,259.06500244140625,259.1300048828125,258.8599853515625,258.8999938964844,139036,258.93546994018556,259.19453494262694
2026-01-15 17:55:00+00:00,258.94000244140625,259.17999267578125,258.8999938964844,259.05999755859375,160522,258.81053244018557,259.06947244262693
2026-01-15 18:00:00+00:00,259.0,259.0799865722656,258.8999938964844,258.9200134277344,103290,258.8705,259.1295
2026-01-15 18:05:00+00:00,259.1300048828125,259.17999267578125,258.93499755859375,258.989990234375,120393,259.0004398803711,259.2595698852539
2026-01-15 18:10:00+00:00,259.1600036621094,259.2799987792969,259.05999755859375,259.1400146484375,170614,259.03042366027836,259.2895836639404
2026-01-15 18:15:00+00:00,259.3299865722656,259.3399963378906,259.0799865722656,259.17999267578125,123607,259.2003215789795,259.4596515655517
2026-01-15 18:20:00+00:00,259.44000244140625,259.4800109863281,259.2699890136719,259.3349914550781,145451,259.3102824401856,259.5697224426269
2026-01-15 18:25:00+00:00,259.5299987792969,259.56500244140625,259.30999755859375,259.44500732421875,130179,259.40023377990724,259.6597637786865
2026-01-15 18:30:00+00:00,259.5450134277344,259.6000061035156,259.4700012207031,259.54998779296875,154270,259.41524092102054,259.6747859344482
2026-01-15 18:35:00+00:00,259.610107421875,259.75,259.5199890136719,259.55999755859375,157420,259.4803023681641,259.7399124755859
2026-01-15 18:40:00+00:00,259.6600036621094,259.7300109863281,259.5400085449219,259.6205139160156,126603,259.5301736602783,259.78983366394044
2026-01-15 18:45:00+00:00,259.6099853515625,259.6600036621094,259.5,259.6499938964844,118390,259.48018035888674,259.73979034423826
2026-01-15 18:50:00+00:00,259.5249938964844,259.5899963378906,259.45001220703125,259.5899963378906,124344,259.39523139953616,259.6547563934326
2026-01-15 18:55:00+00:00,259.2300109863281,259.5400085449219,259.2200012207031,259.5201110839844,133037,259.100395980835,259.35962599182125
2026-01-15 19:00:00+00:00,258.7650146484375,259.2200012207031,258.67498779296875,259.2200012207031,198404,258.6356321411133,258.8943971557617
2026-01-15 19:05:00+00:00,258.68499755859375,258.760009765625,258.4599914550781,258.75,195290,258.55565505981446,258.81434005737304
2026-01-15 19:10:00+00:00,258.6400146484375,258.8800048828125,258.6000061035156,258.69989013671875,143961,258.5106946411133,258.7693346557617
2026-01-15 19:15:00+00:00,258.4200134277344,258.70001220703125,258.3800048828125,258.6400146484375,235071,258.29080342102054,258.5492234344482
2026-01-15 19:20:00+00:00,258.55999755859375,258.7398986816406,258.3299865722656,258.3999938964844,203568,258.43071755981447,258.68927755737303
2026-01-15 19:25:00+00:00,258.32000732421875,258.5899963378906,258.260009765625,258.55999755859375,213490,258.19084732055666,258.44916732788084
2026-01-15 19:30:00+00:00,258.260009765625,258.45001220703125,258.05999755859375,258.3434143066406,310229,258.1308797607422,258.3891397705078
2026-01-15 19:35:00+00:00,257.81500244140625,258.3399963378906,257.7200012207031,258.2799987792969,275250,257.68609494018557,257.94390994262693
2026-01-15 19:40:00+00:00,257.69989013671875,257.92498779296875,257.66009521484375,257.80999755859375,264975,257.5710401916504,257.8287400817871
2026-01-15 19:45:00+00:00,257.9200134277344,258.010009765625,257.5199890136719,257.69000244140625,350540,257.79105342102054,258.0489734344482
2026-01-15 19:50:00+00:00,257.9849853515625,258.125,257.82330322265625,257.9200134277344,210420,257.85599285888674,258.11397784423826
2026-01-15 19:55:00+00:00,257.6099853515625,257.9800109863281,257.5,257.97650146484375,235818,257.4811803588867,257.7387903442383
2026-01-15 20:00:00+00:00,257.6300048828125,257.7898864746094,257.3900146484375,257.6000061035156,251815,257.5011898803711,257.7588198852539
2026-01-15 20:05:00+00:00,257.67999267578125,257.79998779296875,257.5899963378906,257.6499938964844,179029,257.55115267944336,257.80883267211914
2026-01-15 20:10:00+00:00,257.4092102050781,257.7799987792969,257.4092102050781,257.67999267578125,207494,257.2805055999756,257.53791481018067
2026-01-15 20:15:00+00:00,257.2799987792969,257.55999755859375,257.275390625,257.3800048828125,254330,257.15135877990724,257.4086387786865
2026-01-15 20:20:00+00:00,257.2349853515625,257.3900146484375,257.04998779296875,257.2699890136719,300882,257.10636785888676,257.36360284423824
2026-01-15 20:25:00+00:00,257.6700134277344,257.6700134277344,257.1099853515625,257.239990234375,317484,257.5411784210205,257.79884843444825
2026-01-15 20:30:00+00:00,257.4920959472656,257.6700134277344,257.3500061035156,257.6575012207031,273169,257.363349899292,257.62084199523923
2026-01-15 20:35:00+00:00,257.3699951171875,257.5199890136719,257.2349853515625,257.4800109863281,262861,257.2413101196289,257.4986801147461
2026-01-15 20:40:00+00:00,257.4512023925781,257.6499938964844,257.3500061035156,257.3800048828125,263673,257.32247679138186,257.5799279937744
2026-01-15 20:45:00+00:00,257.3599853515625,257.6499938964844,257.3399963378906,257.4599914550781,252838,257.23130535888674,257.48866534423826
2026-01-15 20:50:00+00:00,257.8999938964844,257.9049987792969,257.1099853515625,257.3699951171875,557567,257.77104389953615,258.0289438934326
2026-01-15 20:55:00+00:00,258.3299865722656,258.3800048828125,257.8500061035156,257.8699951171875,1123803,258.2008215789795,258.45915156555174
2026-01-16 14:30:00+00:00,258.3299865722656,258.8999938964844,258.04998779296875,258.20001220703125,7501002,258.2008215789795,258.45915156555174
2026-01-16 14:35:00+00:00,258.07000732421875,258.3800048828125,257.9800109863281,258.3450012207031,384854,257.9409723205567,258.1990423278808
2026-01-16 14:40:00+00:00,257.55999755859375,258.1400146484375,257.49468994140625,258.0799865722656,399230,257.43121755981446,257.68877755737304
2026-01-16 14:45:00+00:00,257.30999755859375,257.79998779296875,257.0,257.5799865722656,683064,257.1813425598145,257.438652557373
2026-01-16 14:50:00+00:00,257.1300048828125,257.54998779296875,256.95001220703125,257.30010986328125,361456,257.0014398803711,257.2585698852539
2026-01-16 14:55:00+00:00,256.8500061035156,257.34991455078125,256.7699890136719,257.1400146484375,377547,256.7215811004639,256.97843110656737
2026-01-16 15:00:00+00:00,256.8789978027344,257.1300048828125,256.6199951171875,256.8500061035156,338178,256.75055830383303,257.0074373016357
2026-01-16 15:05:00+00:00,257.0,257.25,256.75,256.89990234375,284136,256.8715,257.1285
2026-01-16 15:10:00+00:00,256.8800048828125,257.0299987792969,256.67010498046875,257.0150146484375,264554,256.7515648803711,257.0084448852539
2026-01-16 15:15:00+00:00,256.56500244140625,257.0199890136719,256.5199890136719,256.8900146484375,230173,256.4367199401856,256.6932849426269
2026-01-16 15:20:00+00:00,256.8299865722656,256.94000244140625,256.4601135253906,256.5552062988281,224155,256.7015715789795,256.95840156555175
2026-01-16 15:25:00+00:00,256.80999755859375,256.8500061035156,256.5,256.8299865722656,230456,256.6815925598145,256.938402557373
2026-01-16 15:30:00+00:00,256.6300048828125,256.9200134277344,256.54998779296875,256.80999755859375,218220,256.5016898803711,256.7583198852539
2026-01-16 15:35:00+00:00,256.2900085449219,256.6300048828125,256.2300109863281,256.6300048828125,265641,256.16186354064945,256.4181535491943
2026-01-16 15:40:00+00:00,256.3599853515625,256.44000244140625,256.05999755859375,256.2799987792969,302814,256.23180535888673,256.48816534423827
2026-01-16 15:45:00+00:00,256.510009765625,256.5249938964844,256.2401123046875,256.3599853515625,180770,256.3817547607422,256.6382647705078
2026-01-16 15:50:00+00:00,256.5000915527344,256.54998779296875,256.2799987792969,256.5,180716,256.37184150695805,256.6283415985107
2026-01-16 15:55:00+00:00,256.5799865722656,256.6300048828125,256.32501220703125,256.5199890136719,176323,256.4516965789795,256.7082765655517
2026-01-16 16:00:00+00:00,256.6199951171875,256.7699890136719,256.489990234375,256.57000732421875,200120,256.4916851196289,256.7483051147461
2026-01-16 16:05:00+00:00,256.6709899902344,256.75,256.364990234375,256.6300048828125,238449,256.5426544952393,256.7993254852295
2026-01-16 16:10:00+00:00,256.7294006347656,256.8699951171875,256.6499938964844,256.67999267578125,224740,256.60103593444825,256.857765335083
2026-01-16 16:15:00+00:00,256.6549987792969,256.739990234375,256.4800109863281,256.7200012207031,264766,256.52667127990725,256.7833262786865
2026-01-16 16:20:00+00:00,256.239990234375,256.739990234375,256.2300109863281,256.6499938964844,248891,256.1118702392578,256.3681102294922
2026-01-16 16:25:00+00:00,256.4399108886719,256.5,256.1300048828125,256.25,289383,256.31169093322757,256.5681308441162
2026-01-16 16:30:00+00:00,256.25579833984375,256.6099853515625,256.2309875488281,256.426513671875,216973,256.12767044067385,256.38392623901365
2026-01-16 16:35:00+00:00,256.26568603515625,256.3500061035156,256.2200012207031,256.2200012207031,210894,256.1375531921387,256.3938188781738
2026-01-16 16:40:00+00:00,256.54998779296875,256.54998779296875,256.2250061035156,256.260009765625,227922,256.4217127990723,256.6782627868652
2026-01-16 16:45:00+00:00,256.35650634765625,256.6300048828125,256.2300109863281,256.54998779296875,202030,256.22832809448244,256.48468460083006
2026-01-16 16:50:00+00:00,256.25970458984375,256.5299987792969,256.239990234375,256.3599853515625,257303,256.1315747375488,256.3878344421387
2026-01-16 16:55:00+00:00,256.1669921875,256.26971435546875,255.9499969482422,256.260009765625,268132,256.0389086914063,256.2950756835937
2026-01-16 17:00:00+00:00,256.27099609375,256.43499755859375,256.05999755859375,256.17999267578125,290248,256.14286059570316,256.39913159179684
2026-01-16 17:05:00+00:00,256.1401062011719,256.54998779296875,256.05999755859375,256.2701110839844,223915,256.01203614807133,256.2681762542724
2026-01-16 17:10:00+00:00,256.2799987792969,256.30499267578125,256.1300048828125,256.1400146484375,172838,256.15185877990723,256.4081387786865
2026-01-16 17:15:00+00:00,256.0299987792969,256.3699951171875,256.010009765625,256.2699890136719,236566,255.90198377990725,256.1580137786865
2026-01-16 17:20:00+00:00,256.0400085449219,256.2250061035156,255.97999572753906,256.0199890136719,224236,255.91198854064942,256.16802854919433
2026-01-16 17:25:00+00:00,255.8300018310547,256.1400146484375,255.82000732421875,256.0400085449219,265660,255.70208683013917,255.9579168319702
2026-01-16 17:30:00+00:00,255.70010375976562,255.8800048828125,255.4011993408203,255.8300018310547,472601,255.57225370788575,255.8279538116455
2026-01-16 17:35:00+00:00,255.24000549316406,255.6999969482422,255.14999389648438,255.6999969482422,432813,255.1123854904175,255.36762549591063
2026-01-16 17:40:00+00:00,255.39990234375,255.5395050048828,255.22000122070312,255.24000549316406,271706,255.27220239257815,255.52760229492185
2026-01-16 17:45:00+00:00,255.11000061035156,255.41000366210938,255.05999755859375,255.38040161132812,309601,254.9824456100464,255.23755561065673
2026-01-16 17:50:00+00:00,255.2100067138672,255.33999633789062,254.92999267578125,255.11000061035156,427016,255.08240171051025,255.33761171722412
2026-01-16 17:55:00+00:00,255.1699981689453,255.3300018310547,255.0800018310547,255.1999969482422,209171,255.04241316986085,255.29758316802977
2026-01-16 18:00:00+00:00,255.3000030517578,255.47000122070312,255.08999633789062,255.18649291992188,334055,255.17235305023195,255.42765305328368
2026-01-16 18:05:00+00:00,255.50999450683594,255.5500030517578,255.1699981689453,255.27999877929688,224901,255.38223950958255,255.63774950408933
2026-01-16 18:10:00+00:00,255.48049926757812,255.60000610351562,255.3802032470703,255.52999877929688,173137,255.35275901794435,255.6082395172119
2026-01-16 18:15:00+00:00,255.7100067138672,255.83999633789062,255.49000549316406,255.49000549316406,266301,255.58215171051026,255.83786171722411
2026-01-16 18:20:00+00:00,255.6999969482422,255.75,255.55999755859375,255.6999969482422,203139,255.57214694976807,255.8278469467163
2026-01-16 18:25:00+00:00,256.0299987792969,256.08990478515625,255.6999969482422,255.6999969482422,281703,255.90198377990725,256.1580137786865
2026-01-16 18:30:00+00:00,256.5,256.5199890136719,255.9199981689453,256.0299987792969,309257,256.37175,256.62825
2026-01-16 18:35:00+00:00,256.5,256.54998779296875,256.4200134277344,256.489990234375,220925,256.37175,256.62825
2026-01-16 18:40:00+00:00,256.7099914550781,256.7409973144531,256.4700012207031,256.4800109863281,332186,256.5816364593506,256.83834645080566
2026-01-16 18:45:00+00:00,256.6907043457031,256.8349914550781,256.6000061035156,256.7099914550781,203391,256.56235899353027,256.819049697876
2026-01-16 18:50:00+00:00,256.6636962890625,256.7701110839844,256.4849853515625,256.69500732421875,198631,256.535364440918,256.792028137207
2026-01-16 18:55:00+00:00,256.54998779296875,256.8500061035156,256.52099609375,256.6600036621094,173018,256.4217127990723,256.6782627868652
2026-01-16 19:00:00+00:00,257.010009765625,257.05999755859375,256.5249938964844,256.5400085449219,257442,256.8815047607422,257.1385147705078
2026-01-16 19:05:00+00:00,257.0,257.1499938964844,256.8599853515625,257.010009765625,234519,256.8715,257.1285
2026-01-16 19:10:00+00:00,256.2699890136719,256.989990234375,256.260009765625,256.989990234375,232731,256.14185401916507,256.3981240081787
2026-01-16 19:15:00+00:00,256.0,256.4200134277344,255.97000122070312,256.2699890136719,227993,255.872,256.128
2026-01-16 19:20:00+00:00,256.18499755859375,256.239990234375,255.92999267578125,256.0,221155,256.0569050598145,256.313090057373
2026-01-16 19:25:00+00:00,256.0,256.17999267578125,255.9149932861328,256.1700134277344,200732,255.872,256.128
2026-01-16 19:30:00+00:00,256.2699890136719,256.53851318359375,255.94000244140625,256.0,236726,256.14185401916507,256.3981240081787
2026-01-16 19:35:00+00:00,256.5199890136719,256.57000732421875,256.19000244140625,256.260009765625,195006,256.39172901916504,256.6482490081787
2026-01-16 19:40:00+00:00,256.55999755859375,256.75,256.45001220703125,256.5299987792969,176973,256.43171755981444,256.68827755737306
2026-01-16 19:45:00+00:00,256.8500061035156,256.8599853515625,256.5799865722656,256.5950012207031,166557,256.7215811004639,256.97843110656737
2026-01-16 19:50:00+00:00,256.8039855957031,256.9700012207031,256.7301025390625,256.8500061035156,247551,256.6755836029053,256.93238758850094
2026-01-16 19:55:00+00:00,256.5899963378906,256.82000732421875,256.5299987792969,256.82000732421875,212622,256.4617013397217,256.71829133605956
2026-01-16 20:00:00+00:00,256.760009765625,256.82000732421875,256.5400085449219,256.5799865722656,175168,256.6316297607422,256.8883897705078
2026-01-16 20:05:00+00:00,256.3800048828125,256.8500061035156,256.3599853515625,256.7799987792969,164290,256.2518148803711,256.5081948852539
2026-01-16 20:10:00+00:00,256.1549987792969,256.3999938964844,256.1099853515625,256.3699951171875,271153,256.02692127990724,256.2830762786865
2026-01-16 20:15:00+00:00,256.1610107421875,256.3500061035156,256.1000061035156,256.17010498046875,313030,256.0329302368164,256.2890912475586
2026-01-16 20:20:00+00:00,256.31988525390625,256.32989501953125,256.010009765625,256.1700134277344,232137,256.1917253112793,256.4480451965332
2026-01-16 20:25:00+00:00,256.17999267578125,256.3240051269531,255.97500610351562,256.30999755859375,257605,256.0519026794434,256.3080826721191
2026-01-16 20:30:00+00:00,256.19500732421875,256.260009765625,256.04998779296875,256.1700134277344,244233,256.06690982055665,256.32310482788085
2026-01-16 20:35:00+00:00,256.3699951171875,256.4725036621094,256.16009521484375,256.19500732421875,289381,256.2418101196289,256.4981801147461
2026-01-16 20:40:00+00:00,255.64999389648438,256.3800048828125,255.63999938964844,256.3699951171875,439286,255.52216889953615,255.7778188934326
2026-01-16 20:45:00+00:00,255.35000610351562,255.74000549316406,255.32000732421875,255.64999389648438,370000,255.2223311004639,255.47768110656736
2026-01-16 20:50:00+00:00,255.4969940185547,255.6999969482422,255.1300048828125,255.3699951171875,750889,255.36924552154542,255.62474251556395
2026-01-16 20:55:00+00:00,255.47999572753906,255.8800048828125,255.3300018310547,255.39999389648438,1417770,255.3522557296753,255.60773572540282
2026-01-20 14:30:00+00:00,254.07000732421875,254.7899932861328,252.36000061035156,252.50999450683594,3456679,253.94297232055666,254.19704232788084
2026-01-20 14:35:00+00:00,253.0800018310547,254.16000366210938,252.47000122070312,254.02000427246094,727981,252.95346183013916,253.2065418319702
2026-01-20 14:40:00+00:00,253.07000732421875,253.13999938964844,252.47000122070312,253.08999633789062,590597,252.94347232055665,253.19654232788085
2026-01-20 14:45:00+00:00,252.2100067138672,253.17999267578125,251.86000061035156,253.0800018310547,595067,252.08390171051028,252.3361117172241
2026-01-20 14:50:00+00:00,252.3350067138672,252.8314971923828,251.91000366210938,252.1699981689453,512594,252.20883921051026,252.4611742172241
2026-01-20 14:55:00+00:00,252.5800018310547,253.0,252.0,252.32000732421875,564112,252.45371183013918,252.7062918319702
2026-01-20 15:00:00+00:00,252.24000549316406,252.75999450683594,252.0,252.47000122070312,241339,252.1138854904175,252.36612549591064
2026-01-20 15:05:00+00:00,251.39010620117188,251.75999450683594,251.0200958251953,251.47000122070312,802537,251.2644111480713,251.51580125427245
2026-01-20 15:10:00+00:00,251.13999938964844,251.5,251.02000427246094,251.41000366210938,370857,251.01442938995362,251.26556938934326
2026-01-20 15:15:00+00:00,250.94000244140625,251.49000549316406,250.8800048828125,251.1699981689453,393221,250.81453244018556,251.06547244262694
2026-01-20 15:20:00+00:00,251.57000732421875,251.6699981689453,250.85000610351562,250.9199981689453,469162,251.44422232055666,251.69579232788084
2026-01-20 15:25:00+00:00,251.61570739746094,251.74000549316406,251.27999877929688,251.5644073486328,363407,251.48989954376222,251.74151525115965
2026-01-20 15:30:00+00:00,251.39999389648438,251.6999969482422,251.3300018310547,251.63999938964844,373975,251.27429389953613,251.52569389343262
2026-01-20 15:35:00+00:00,251.21499633789062,251.4600067138672,251.07000732421875,251.39500427246094,308492,251.0893888397217,251.34060383605956
2026-01-20 15:40:00+00:00,251.2449951171875,251.25,251.0,251.22000122070312,132976,251.11937261962893,251.37061761474607
2026-01-20 15:50:00+00:00,250.9550018310547,251.06900024414062,250.94000244140625,251.05099487304688,703308,250.82952433013918,251.0804793319702
2026-01-20 15:55:00+00:00,251.5500030517578,251.5500030517578,251.50999450683594,251.50999450683594,412940,251.42422805023196,251.67577805328366
2026-01-20 16:00:00+00:00,251.89999389648438,252.1300048828125,251.5,251.57000732421875,290908,251.77404389953614,252.0259438934326
2026-01-20 16:05:00+00:00,251.59950256347656,251.9250030517578,251.45010375976562,251.89999389648438,224533,251.47370281219483,251.7253023147583
2026-01-20 16:10:00+00:00,251.67999267578125,251.90989685058594,251.58999633789062,251.6199951171875,176430,251.55415267944338,251.80583267211912
2026-01-20 16:15:00+00:00,251.47999572753906,251.67999267578125,251.33999633789062,251.6699981689453,176945,251.35425572967532,251.6057357254028
2026-01-20 16:20:00+00:00,251.0800018310547,251.5500030517578,251.02999877929688,251.47999572753906,230061,250.95446183013917,251.2055418319702
2026-01-20 16:25:00+00:00,251.30499267578125,251.32000732421875,250.69000244140625,251.0500030517578,336566,251.1793401794434,251.4306451721191
2026-01-20 16:30:00+00:00,251.32000732421875,251.32000732421875,251.02999877929688,251.3000030517578,278059,251.19434732055666,251.44566732788084
2026-01-20 16:35:00+00:00,251.50999450683594,251.58999633789062,251.3000030517578,251.33999633789062,182189,251.38423950958253,251.63574950408935
2026-01-20 16:40:00+00:00,250.8502960205078,251.5500030517578,250.82000732421875,251.50840759277344,245090,250.72487087249758,250.97572116851805
2026-01-20 16:45:00+00:00,250.80999755859375,250.95989990234375,250.6699981689453,250.8800048828125,305600,250.68459255981446,250.93540255737304
2026-01-20 16:50:00+00:00,250.5399932861328,251.07000732421875,250.35000610351562,250.8300018310547,393583,250.41472328948976,250.66526328277587
2026-01-20 16:55:00+00:00,251.1999969482422,251.25999450683594,250.5050048828125,250.5399932861328,202480,251.07439694976807,251.3255969467163
2026-01-20 17:00:00+00:00,251.0500030517578,251.27999877929688,251.02000427246094,251.1999969482422,171059,250.92447805023195,251.17552805328367
2026-01-20 17:05:00+00:00,250.94000244140625,251.18499755859375,250.88999938964844,251.0399932861328,180022,250.81453244018556,251.06547244262694
2026-01-20 17:10:00+00:00,250.75999450683594,250.92999267578125,250.66000366210938,250.9199981689453,186124,250.63461450958252,250.88537450408936
2026-01-20 17:15:00+00:00,250.5299072265625,250.80999755859375,250.5,250.77000427246094,161759,250.40464227294925,250.65517218017575
2026-01-20 17:20:00+00:00,250.64999389648438,250.75999450683594,250.50999450683594,250.5399932861328,183744,250.52466889953615,250.7753188934326
2026-01-20 17:25:00+00:00,250.55999755859375,250.88999938964844,250.5500030517578,250.6699981689453,187548,250.43471755981446,250.68527755737304
2026-01-20 17:30:00+00:00,250.32989501953125,250.52000427246094,250.2100067138672,250.52000427246094,244627,250.2047300720215,250.455059967041
2026-01-20 17:35:00+00:00,250.3699951171875,250.63999938964844,250.25010681152344,250.30999755859375,202441,250.2448101196289,250.4951801147461
2026-01-20 17:40:00+00:00,250.3302001953125,250.6999969482422,250.3300018310547,250.37899780273438,149217,250.20503509521487,250.45536529541013
2026-01-20 17:45:00+00:00,250.33619689941406,250.3699951171875,250.08999633789062,250.35000610351562,200520,250.21102880096436,250.46136499786377
2026-01-20 17:50:00+00:00,250.30999755859375,250.44500732421875,250.1750030517578,250.3350067138672,203968,250.18484255981446,250.43515255737304
2026-01-20 17:55:00+00:00,250.27000427246094,250.3699951171875,250.0800018310547,250.30999755859375,280969,250.14486927032473,250.39513927459714
2026-01-20 18:00:00+00:00,250.0699005126953,250.5,250.02999877929688,250.24000549316406,261559,249.944865562439,250.19493546295163
2026-01-20 18:05:00+00:00,249.89500427246094,250.1699981689453,249.8800048828125,250.05499267578125,493380,249.77005677032471,250.01995177459716
2026-01-20 18:10:00+00:00,249.7100067138672,250.0500030517578,249.55999755859375,249.9199981689453,329314,249.58515171051027,249.8348617172241
2026-01-20 18:15:00+00:00,249.77000427246094,249.9199981689453,249.6699981689453,249.72000122070312,159742,249.64511927032473,249.89488927459715
2026-01-20 18:20:00+00:00,249.4550018310547,249.76870727539062,249.4499969482422,249.76870727539062,183706,249.33027433013916,249.5797293319702
2026-01-20 18:25:00+00:00,249.19500732421875,249.4600067138672,249.0800018310547,249.44630432128906,269793,249.07040982055665,249.31960482788085
2026-01-20 18:30:00+00:00,248.9600067138672,249.22999572753906,248.80499267578125,249.17999267578125,353428,248.83552671051027,249.0844867172241
2026-01-20 18:35:00+00:00,248.57000732421875,249.2100067138672,248.52999877929688,248.9550018310547,296974,248.44572232055665,248.69429232788085
2026-01-20 18:40:00+00:00,248.6199951171875,248.72000122070312,248.5,248.57000732421875,252489,248.49568511962892,248.74430511474608
2026-01-20 18:45:00+00:00,248.5106964111328,248.66650390625,248.44000244140625,248.61000061035156,240144,248.38644106292725,248.63495175933838
2026-01-20 18:50:00+00:00,248.27999877929688,248.50999450683594,248.24119567871094,248.50999450683594,222985,248.15585877990725,248.4041387786865
2026-01-20 18:55:00+00:00,248.52999877929688,248.60000610351562,248.27999877929688,248.2899932861328,296506,248.40573377990725,248.6542637786865
2026-01-20 19:00:00+00:00,248.28919982910156,248.67999267578125,248.25,248.5399932861328,282617,248.16505522918703,248.4133444290161
2026-01-20 19:05:00+00:00,248.1300048828125,248.35989379882812,248.05999755859375,248.30999755859375,232333,248.0059398803711,248.2540698852539
2026-01-20 19:10:00+00:00,248.1300048828125,248.23989868164062,248.04010009765625,248.1300048828125,273372,248.0059398803711,248.2540698852539
2026-01-20 19:15:00+00:00,247.9199981689453,248.22000122070312,247.7899932861328,248.1300048828125,302442,247.79603816986085,248.04395816802977
2026-01-20 19:20:00+00:00,247.80999755859375,247.9499969482422,247.7100067138672,247.93490600585938,283423,247.68609255981445,247.93390255737305
2026-01-20 19:25:00+00:00,247.45249938964844,247.8000030517578,247.4199981689453,247.8000030517578,315271,247.32877313995363,247.57622563934325
2026-01-20 19:30:00+00:00,247.3000030517578,247.55499267578125,247.25999450683594,247.4499969482422,354347,247.17635305023194,247.4236530532837
2026-01-20 19:35:00+00:00,248.0500030517578,248.05099487304688,247.27999877929688,247.2899932861328,390993,247.92597805023195,248.17402805328368
2026-01-20 19:40:00+00:00,247.7030029296875,248.17999267578125,247.67010498046875,248.0449981689453,306394,247.57915142822267,247.82685443115233
2026-01-20 19:45:00+00:00,247.3699951171875,247.7100067138672,247.32000732421875,247.6999969482422,278249,247.24631011962893,247.49368011474607
2026-01-20 19:50:00+00:00,247.13499450683594,247.4199981689453,247.00999450683594,247.41000366210938,365453,247.01142700958252,247.25856200408936
2026-01-20 19:55:00+00:00,246.9550018310547,247.16000366210938,246.80909729003906,247.1300048828125,461547,246.83152433013916,247.07847933197021
2026-01-20 20:00:00+00:00,246.94500732421875,247.11000061035156,246.8300018310547,246.9499969482422,397221,246.82153482055665,247.06847982788085
2026-01-20 20:05:00+00:00,246.86000061035156,247.22000122070312,246.72999572753906,246.94500732421875,546611,246.7365706100464,246.9834306106567
2026-01-20 20:10:00+00:00,246.74000549316406,247.0,246.7100067138672,246.86000061035156,372426,246.6166354904175,246.86337549591062
2026-01-20 20:15:00+00:00,246.67100524902344,247.02499389648438,246.50999450683594,246.75,564644,246.54766974639895,246.79434075164792
2026-01-20 20:20:00+00:00,246.13999938964844,246.64999389648438,245.99000549316406,246.64999389648438,717203,246.01692938995362,246.26306938934326
2026-01-20 20:25:00+00:00,245.4600067138672,246.17999267578125,245.0800018310547,246.14999389648438,1201239,245.33727671051028,245.5827367172241
2026-01-20 20:30:00+00:00,245.0625,245.52679443359375,245.0,245.4600067138672,883829,244.93996875000002,245.18503124999998
2026-01-20 20:35:00+00:00,244.91000366210938,245.38999938964844,244.89999389648438,245.07000732421875,712224,244.78754866027833,245.03245866394042
2026-01-20 20:40:00+00:00,244.49000549316406,245.0800018310547,244.2700958251953,244.91000366210938,870286,244.36776049041748,244.61225049591064
2026-01-20 20:45:00+00:00,244.1199951171875,244.75,244.05999755859375,244.5,867397,243.99793511962892,244.24205511474608
2026-01-20 20:50:00+00:00,244.9499969482422,244.9499969482422,243.4199981689453,244.1199951171875,1796725,244.82752194976808,245.0724719467163
2026-01-20 20:55:00+00:00,246.67999267578125,246.92999267578125,244.8699951171875,244.89999389648438,4928129,246.55665267944337,246.80333267211913
2026-01-21 14:30:00+00:00,246.99000549316406,248.75,246.5399932861328,248.7100067138672,2484550,246.86651049041748,247.11350049591064
2026-01-21 14:35:00+00:00,246.89999389648438,247.6199951171875,246.6999969482422,246.97999572753906,531815,246.77654389953614,247.0234438934326
2026-01-21 14:40:00+00:00,246.77000427246094,246.9199981689453,246.02999877929688,246.9051971435547,505330,246.64661927032472,246.89338927459715
2026-01-21 14:45:00+00:00,247.21499633789062,247.47000122070312,246.31500244140625,246.77000427246094,458058,247.0913888397217,247.33860383605955
2026-01-21 14:50:00+00:00,247.10000610351562,247.52000427246094,246.8300018310547,247.22000122070312,479316,246.97645610046388,247.22355610656737
2026-01-21 14:55:00+00:00,246.89999389648438,247.35000610351562,246.80999755859375,247.08999633789062,251161,246.77654389953614,247.0234438934326
2026-01-21 15:00:00+00:00,246.6699981689453,247.36000061035156,246.6199951171875,246.89999389648438,484557,246.54666316986086,246.79333316802976
2026-01-21 15:05:00+00:00,246.39999389648438,247.14999389648438,246.35009765625,246.69000244140625,423547,246.27679389953616,246.5231938934326
2026-01-21 15:10:00+00:00,246.91000366210938,246.9499969482422,246.2899932861328,246.4199981689453,488519,246.78654866027833,247.03345866394042
2026-01-21 15:15:00+00:00,247.10499572753906,247.60000610351562,246.9149932861328,246.9149932861328,392679,246.9814432296753,247.22854822540282
2026-01-21 15:20:00+00:00,247.72000122070312,247.86000061035156,246.8699951171875,247.11000061035156,387866,247.5961412200928,247.84386122131346
2026-01-21 15:25:00+00:00,247.57000732421875,248.0,247.47000122070312,247.71499633789062,347055,247.44622232055664,247.69379232788086
2026-01-21 15:30:00+00:00,247.7899932861328,248.0,247.47000122070312,247.57000732421875,353541,247.66609828948975,247.91388828277587
2026-01-21 15:35:00+00:00,248.07000732421875,248.31500244140625,247.77999877929688,247.7899932861328,315757,247.94597232055665,248.19404232788085
2026-01-21 15:40:00+00:00,248.47999572753906,248.50999450683594,247.9499969482422,248.08999633789062,324311,248.3557557296753,248.60423572540282
2026-01-21 15:45:00+00:00,248.4499969482422,248.6300048828125,248.30999755859375,248.49000549316406,317442,248.32577194976807,248.5742219467163
2026-01-21 15:50:00+00:00,248.38999938964844,248.72000122070312,248.30999755859375,248.4600067138672,294140,248.26580438995362,248.51419438934326
2026-01-21 15:55:00+00:00,248.14500427246094,248.4600067138672,247.9250030517578,248.39999389648438,309634,248.02093177032472,248.26907677459715
2026-01-21 16:00:00+00:00,247.99969482421875,248.2899932861328,247.88999938964844,248.16990661621094,288378,247.87569497680664,248.12369467163086
2026-01-21 16:05:00+00:00,247.4499969482422,247.97999572753906,247.2899932861328,247.97000122070312,422911,247.32627194976808,247.5737219467163
2026-01-21 16:10:00+00:00,247.26109313964844,247.65499877929688,247.25,247.47999572753906,284367,247.13746259307862,247.38472368621825
2026-01-21 16:15:00+00:00,247.13499450683594,247.52000427246094,247.10000610351562,247.25999450683594,277095,247.01142700958252,247.25856200408936
2026-01-21 16:20:00+00:00,247.1511993408203,247.1999969482422,246.8300018310547,247.16000366210938,358943,247.0276237411499,247.27477494049072
2026-01-21 16:25:00+00:00,247.3000030517578,247.5,247.0449981689453,247.1300048828125,256317,247.17635305023194,247.4236530532837
2026-01-21 16:30:00+00:00,246.80999755859375,247.36000061035156,246.74000549316406,247.30999755859375,265413,246.68659255981447,246.93340255737303
2026-01-21 16:35:00+00:00,246.1826934814453,246.89999389648438,246.11000061035156,246.8000030517578,390347,246.0596021347046,246.30578482818603
2026-01-21 16:40:00+00:00,245.9949951171875,246.36000061035156,245.97000122070312,246.17999267578125,360271,245.87199761962893,246.11799261474607
2026-01-21 16:45:00+00:00,246.14500427246094,246.3249969482422,245.89129638671875,246.0050048828125,286287,246.02193177032473,246.26807677459715
2026-01-21 16:50:00+00:00,245.99000549316406,246.22000122070312,245.8699951171875,246.14999389648438,219247,245.8670104904175,246.11300049591063
2026-01-21 16:55:00+00:00,245.77999877929688,246.05999755859375,245.71090698242188,246.0,344924,245.65710877990725,245.9028887786865
2026-01-21 17:00:00+00:00,245.72500610351562,246.0399932861328,245.72000122070312,245.77999877929688,220193,245.60214360046388,245.84786860656737
2026-01-21 17:05:00+00:00,245.63999938964844,245.75,245.33999633789062,245.7115020751953,345578,245.51717938995364,245.76281938934324
2026-01-21 17:10:00+00:00,245.2899932861328,245.75,245.1999969482422,245.6300048828125,230117,245.16734828948975,245.41263828277587
2026-01-21 17:15:00+00:00,245.6300048828125,245.71730041503906,245.19000244140625,245.2949981689453,203969,245.5071898803711,245.7528198852539
2026-01-21 17:20:00+00:00,246.0449981689453,246.05990600585938,245.47999572753906,245.61000061035156,413598,245.92197566986084,246.16802066802978
2026-01-21 17:25:00+00:00,245.8300018310547,246.1663055419922,245.6555938720703,246.02999877929688,241962,245.70708683013916,245.9529168319702
2026-01-21 17:30:00+00:00,245.83999633789062,245.88999938964844,245.5800018310547,245.82009887695312,173549,245.7170763397217,245.96291633605955
2026-01-21 17:35:00+00:00,245.94189453125,246.00999450683594,245.60000610351562,245.86000061035156,184357,245.8189235839844,246.0648654785156
2026-01-21 17:40:00+00:00,245.95010375976562,246.16000366210938,245.8800048828125,245.9550018310547,152077,245.82712870788575,246.0730788116455
2026-01-21 17:45:00+00:00,246.22000122070312,246.22999572753906,245.8800048828125,245.9499969482422,143931,246.0968912200928,246.34311122131345
2026-01-21 17:50:00+00:00,246.3300018310547,246.4600067138672,245.99000549316406,246.2100067138672,162147,246.20683683013917,246.4531668319702
2026-01-21 17:55:00+00:00,246.2200927734375,246.47000122070312,246.17999267578125,246.3300018310547,174396,246.0969827270508,246.3432028198242
2026-01-21 18:00:00+00:00,245.72999572753906,246.2843017578125,245.6199951171875,246.23500061035156,181931,245.6071307296753,245.85286072540282
2026-01-21 18:05:00+00:00,246.0500030517578,246.13929748535156,245.72500610351562,245.77000427246094,170908,245.92697805023195,246.17302805328367
2026-01-21 18:10:00+00:00,246.1999969482422,246.4199981689453,246.0399932861328,246.0500030517578,271062,246.07689694976807,246.3230969467163
2026-01-21 18:15:00+00:00,246.1199951171875,246.27000427246094,246.0,246.1999969482422,156991,245.99693511962892,246.24305511474608
2026-01-21 18:20:00+00:00,246.0198974609375,246.17750549316406,245.97999572753906,246.1199951171875,128226,245.89688751220706,246.14290740966794
2026-01-21 18:25:00+00:00,245.8800048828125,246.02000427246094,245.86000061035156,246.02000427246094,115099,245.7570648803711,246.0029448852539
2026-01-21 18:30:00+00:00,245.92820739746094,245.99000549316406,245.80999755859375,245.8800048828125,136945,245.80524329376223,246.05117150115964
2026-01-21 18:35:00+00:00,245.89999389648438,245.99969482421875,245.5,245.9600067138672,205551,245.77704389953615,246.0229438934326
2026-01-21 18:45:00+00:00,246.19500732421875,246.25999450683594,245.99000549316406,246.0,308492,246.07190982055664,246.31810482788086
2026-01-21 18:50:00+00:00,246.19000244140625,246.375,246.125,246.17999267578125,139667,246.06690744018556,246.31309744262694
2026-01-21 18:55:00+00:00,246.125,246.19000244140625,245.8800048828125,246.17999267578125,185371,246.00193750000003,246.24806249999997
2026-01-21 19:00:00+00:00,245.94009399414062,246.17999267578125,245.85009765625,246.1199951171875,163314,245.81712394714356,246.0630640411377
2026-01-21 19:05:00+00:00,245.9949951171875,246.00999450683594,245.74000549316406,245.94000244140625,185231,245.87199761962893,246.11799261474607
2026-01-21 19:10:00+00:00,245.89500427246094,246.10000610351562,245.85000610351562,245.97999572753906,158641,245.77205677032472,246.01795177459715
2026-01-21 19:15:00+00:00,245.88999938964844,245.9427032470703,245.75999450683594,245.89999389648438,126365,245.7670543899536,246.01294438934326
2026-01-21 19:20:00+00:00,245.85000610351562,245.89999389648438,245.6699981689453,245.89999389648438,137478,245.7270811004639,245.97293110656736
2026-01-21 19:25:00+00:00,247.1103057861328,247.33999633789062,245.52999877929688,245.83999633789062,610375,246.98675063323975,247.23386093902587
2026-01-21 19:30:00+00:00,247.72999572753906,247.78500366210938,247.10000610351562,247.1300048828125,465635,247.6061307296753,247.85386072540282
2026-01-21 19:35:00+00:00,248.51499938964844,248.601806640625,247.7100067138672,247.77000427246094,561627,248.39074188995363,248.63925688934324
2026-01-21 19:40:00+00:00,249.139892578125,249.33999633789062,248.26840209960938,248.5500030517578,537144,249.01532263183594,249.26446252441406
2026-01-21 19:45:00+00:00,249.8699951171875,250.8300018310547,249.11000061035156,249.1699981689453,1718692,249.74506011962893,249.99493011474607
2026-01-21 19:50:00+00:00,249.74000549316406,250.4149932861328,249.3000030517578,249.86000061035156,549894,249.6151354904175,249.86487549591064
2026-01-21 19:55:00+00:00,250.7100067138672,251.0,249.9199981689453,249.9600067138672,702677,250.58465171051026,250.83536171722412
2026-01-21 20:00:00+00:00,250.82000732421875,251.55999755859375,250.58999633789062,250.72000122070312,1060079,250.69459732055665,250.94541732788085
2026-01-21 20:05:00+00:00,250.6999969482422,250.9199981689453,250.30999755859375,250.8253936767578,468642,250.57464694976807,250.8253469467163
2026-01-21 20:10:00+00:00,250.35000610351562,250.86099243164062,250.30999755859375,250.67999267578125,347883,250.2248311004639,250.47518110656736
2026-01-21 20:15:00+00:00,249.27999877929688,250.38999938964844,249.22999572753906,250.3300018310547,566299,249.15535877990723,249.40463877868652
2026-01-21 20:20:00+00:00,248.93499755859375,249.5,248.85000610351562,249.2899932861328,609315,248.81053005981445,249.05946505737305
2026-01-21 20:25:00+00:00,248.38279724121094,248.99989318847656,248.38279724121094,248.9199981689453,288061,248.25860584259036,248.50698863983152
2026-01-21 20:30:00+00:00,248.125,248.44000244140625,247.5800018310547,248.38999938964844,585282,248.00093750000002,248.24906249999998
2026-01-21 20:35:00+00:00,248.42999267578125,248.50999450683594,248.1300048828125,248.1300048828125,288118,248.30577767944337,248.55420767211913
2026-01-21 20:40:00+00:00,248.16000366210938,248.5800018310547,248.13999938964844,248.4398956298828,315098,248.03592366027834,248.2840836639404
2026-01-21 20:45:00+00:00,247.8450927734375,248.1999969482422,247.81500244140625,248.13999938964844,402583,247.7211702270508,247.9690153198242
2026-01-21 20:50:00+00:00,247.3000030517578,247.80999755859375,246.83999633789062,247.80999755859375,1125002,247.17635305023194,247.4236530532837
2026-01-21 20:55:00+00:00,247.6300048828125,247.9199981689453,247.2100067138672,247.27999877929688,1629033,247.5061898803711,247.7538198852539
2026-01-22 14:30:00+00:00,250.00999450683594,250.22999572753906,248.8000030517578,249.36000061035156,1937377,249.88498950958254,250.13499950408934
2026-01-22 14:35:00+00:00,249.88999938964844,250.7799072265625,249.39999389648438,250.0,689937,249.76505438995363,250.01494438934324
2026-01-22 14:40:00+00:00,249.72999572753906,250.38999938964844,249.1699981689453,249.89480590820312,716446,249.6051307296753,249.85486072540283
2026-01-22 14:45:00+00:00,248.50999450683594,249.91000366210938,248.38499450683594,249.74000549316406,619703,248.38573950958252,248.63424950408935
2026-01-22 14:50:00+00:00,248.83999633789062,249.3800048828125,248.39999389648438,248.47999572753906,582866,248.7155763397217,248.96441633605954
2026-01-22 14:55:00+00:00,249.85499572753906,249.99000549316406,248.66000366210938,248.8300018310547,658018,249.7300682296753,249.9799232254028
2026-01-22 15:00:00+00:00,250.02499389648438,250.3000030517578,249.67999267578125,249.8699951171875,746669,249.89998139953616,250.1500063934326
2026-01-22 15:05:00+00:00,249.80999755859375,250.1999969482422,249.61000061035156,250.02999877929688,340108,249.68509255981448,249.93490255737302
2026-01-22 15:10:00+00:00,249.86000061035156,250.22999572753906,249.57000732421875,249.81500244140625,249641,249.7350706100464,249.98493061065673
2026-01-22 15:15:00+00:00,249.85000610351562,250.0800018310547,249.69000244140625,249.86000061035156,234171,249.72508110046388,249.97493110656737
2026-01-22 15:20:00+00:00,249.36000061035156,250.25999450683594,249.31500244140625,249.85000610351562,269881,249.2353206100464,249.48468061065674
2026-01-22 15:25:00+00:00,250.1300048828125,250.1999969482422,249.3000030517578,249.35499572753906,255813,250.0049398803711,250.2550698852539
2026-01-22 15:30:00+00:00,249.94000244140625,250.16000366210938,249.64999389648438,250.14999389648438,232845,249.81503244018555,250.06497244262695
2026-01-22 15:35:00+00:00,249.77000427246094,250.07000732421875,249.64999389648438,249.9600067138672,248498,249.64511927032473,249.89488927459715
2026-01-22 15:40:00+00:00,249.72999572753906,250.0500030517578,249.57000732421875,249.77499389648438,234220,249.6051307296753,249.85486072540283
2026-01-22 15:45:00+00:00,249.42999267578125,249.8300018310547,249.42999267578125,249.73899841308594,319900,249.30527767944338,249.55470767211912
2026-01-22 15:50:00+00:00,249.31500244140625,249.6699981689453,249.0,249.40499877929688,415197,249.19034494018555,249.43965994262695
2026-01-22 15:55:00+00:00,249.08920288085938,249.38999938964844,249.05999755859375,249.32960510253906,242312,248.96465827941896,249.2137474822998
2026-01-22 16:00:00+00:00,249.3300018310547,249.44000244140625,249.0500030517578,249.10000610351562,265196,249.20533683013917,249.4546668319702
2026-01-22 16:05:00+00:00,249.6699981689453,249.75,249.1999969482422,249.33999633789062,269378,249.54516316986084,249.79483316802978
2026-01-22 16:10:00+00:00,249.52000427246094,249.82000732421875,249.3300018310547,249.6999969482422,315450,249.39524427032472,249.64476427459715
2026-01-22 16:15:00+00:00,249.5399932861328,250.0,249.4600067138672,249.49000549316406,263192,249.41522328948977,249.66476328277585
2026-01-22 16:20:00+00:00,249.69000244140625,249.89999389648438,249.5,249.5399932861328,166939,249.56515744018557,249.81484744262693
2026-01-22 16:25:00+00:00,249.6999053955078,249.86000061035156,249.66000366210938,249.72999572753906,192616,249.57505544281008,249.82475534820554
2026-01-22 16:30:00+00:00,249.39990234375,249.80999755859375,249.25999450683594,249.69500732421875,161443,249.27520239257814,249.52460229492186
2026-01-22 16:35:00+00:00,249.63009643554688,249.72999572753906,249.30059814453125,249.3800048828125,151183,249.50528138732912,249.75491148376463
2026-01-22 16:40:00+00:00,249.67999267578125,249.72999572753906,249.55999755859375,249.6300048828125,146552,249.55515267944338,249.80483267211912
2026-01-22 16:45:00+00:00,249.75999450683594,249.89999389648438,249.61000061035156,249.6999969482422,239919,249.63511450958254,249.88487450408934
2026-01-22 16:50:00+00:00,249.71499633789062,249.8000030517578,249.6300048828125,249.76499938964844,154546,249.5901388397217,249.83985383605955
2026-01-22 16:55:00+00:00,249.58999633789062,249.72500610351562,249.57000732421875,249.7100067138672,110670,249.4652013397217,249.71479133605956
2026-01-22 17:00:00+00:00,249.77999877929688,249.8000030517578,249.44000244140625,249.5800018310547,155600,249.65510877990724,249.9048887786865
2026-01-22 17:05:00+00:00,249.69000244140625,249.8000030517578,249.57130432128906,249.78500366210938,187303,249.56515744018557,249.81484744262693
2026-01-22 17:10:00+00:00,249.66000366210938,249.77000427246094,249.5800018310547,249.6999969482422,159710,249.53517366027833,249.78483366394042
2026-01-22 17:15:00+00:00,249.73500061035156,249.7899932861328,249.61000061035156,249.66000366210938,122542,249.6101331100464,249.85986811065672
2026-01-22 17:20:00+00:00,249.74000549316406,249.8800048828125,249.63999938964844,249.73500061035156,142478,249.6151354904175,249.86487549591064
2026-01-22 17:25:00+00:00,249.74000549316406,249.8000030517578,249.6300048828125,249.7449951171875,152471,249.6151354904175,249.86487549591064
2026-01-22 17:30:00+00:00,250.02000427246094,250.07000732421875,249.7301025390625,249.75,144378,249.89499427032473,250.14501427459714
2026-01-22 17:35:00+00:00,250.2100067138672,250.35330200195312,250.03500366210938,250.03500366210938,200376,250.08490171051028,250.3351117172241
2026-01-22 17:40:00+00:00,250.27000427246094,250.52749633789062,250.1999969482422,250.1999969482422,157771,250.14486927032473,250.39513927459714
2026-01-22 17:45:00+00:00,250.1300048828125,250.27999877929688,250.05999755859375,250.27000427246094,150384,250.0049398803711,250.2550698852539
2026-01-22 17:50:00+00:00,250.19500732421875,250.27000427246094,250.10000610351562,250.1199951171875,120200,250.06990982055666,250.32010482788084
2026-01-22 17:55:00+00:00,250.14999389648438,250.22000122070312,250.0399932861328,250.19000244140625,138896,250.02491889953615,250.2750688934326
2026-01-22 18:00:00+00:00,249.94729614257812,250.27999877929688,249.72999572753906,250.1199951171875,218656,249.82232249450686,250.0722697906494
2026-01-22 18:05:00+00:00,250.14999389648438,250.22000122070312,249.9001007080078,249.9425048828125,130088,250.02491889953615,250.2750688934326
2026-01-22 18:10:00+00:00,250.0070037841797,250.17999267578125,249.92999267578125,250.14999389648438,113435,249.8820002822876,250.13200728607177
2026-01-22 18:15:00+00:00,250.11520385742188,250.13999938964844,249.99000549316406,250.00999450683594,113399,249.9901462554932,250.24026145935056
2026-01-22 18:20:00+00:00,250.53500366210938,250.5500030517578,250.0950927734375,250.11000061035156,157131,250.40973616027833,250.66027116394042
2026-01-22 18:25:00+00:00,250.67999267578125,250.82000732421875,250.4600067138672,250.53500366210938,188895,250.55465267944336,250.80533267211914
2026-01-22 18:30:00+00:00,250.36500549316406,250.6824951171875,250.35000610351562,250.6699981689453,168968,250.2398229904175,250.49018799591062
2026-01-22 18:35:00+00:00,250.1999969482422,250.4250030517578,250.1343994140625,250.35000610351562,174159,250.0748969497681,250.3250969467163
2026-01-22 18:40:00+00:00,250.1999969482422,250.33999633789062,250.10000610351562,250.1999053955078,108120,250.0748969497681,250.3250969467163
2026-01-22 18:45:00+00:00,250.2100067138672,250.2899932861328,250.1199951171875,250.19000244140625,103427,250.08490171051028,250.3351117172241
2026-01-22 18:50:00+00:00,250.3699951171875,250.3800048828125,250.1999969482422,250.21620178222656,97751,250.2448101196289,250.4951801147461
2026-01-22 18:55:00+00:00,250.22000122070312,250.39999389648438,249.75010681152344,250.36000061035156,260268,250.0948912200928,250.34511122131346
2026-01-22 19:00:00+00:00,250.7299041748047,250.79989624023438,250.22000122070312,250.23989868164062,183463,250.6045392227173,250.85526912689207
2026-01-22 19:05:00+00:00,250.7100067138672,250.7899932861328,250.61000061035156,250.70440673828125,189943,250.58465171051026,250.83536171722412
2026-01-22 19:10:00+00:00,250.84500122070312,251.0,250.63999938964844,250.72000122070312,275424,250.71957872009278,250.97042372131347
2026-01-22 19:15:00+00:00,250.6999969482422,250.8800048828125,250.68499755859375,250.82460021972656,165237,250.57464694976807,250.8253469467163
2026-01-22 19:20:00+00:00,250.9199981689453,250.94000244140625,250.68499755859375,250.7100067138672,121986,250.79453816986086,251.04545816802977
2026-01-22 19:25:00+00:00,250.52000427246094,250.9199981689453,250.4499969482422,250.91000366210938,199145,250.3947442703247,250.64526427459717
2026-01-22 19:30:00+00:00,250.39999389648438,250.625,250.3800048828125,250.50999450683594,157595,250.27479389953615,250.5251938934326
2026-01-22 19:35:00+00:00,249.9199981689453,250.4949951171875,249.75999450683594,250.39999389648438,374407,249.79503816986085,250.04495816802978
2026-01-22 19:40:00+00:00,249.52999877929688,249.97000122070312,249.52000427246094,249.89999389648438,259242,249.40523377990723,249.65476377868652
2026-01-22 19:45:00+00:00,249.24000549316406,249.60000610351562,249.22500610351562,249.52000427246094,359506,249.11538549041748,249.36462549591064
2026-01-22 19:50:00+00:00,249.1750030517578,249.39999389648438,249.13999938964844,249.24000549316406,302602,249.05041555023195,249.29959055328368
2026-01-22 19:55:00+00:00,248.8800048828125,249.26980590820312,248.76980590820312,249.1699981689453,304725,248.7555648803711,249.0044448852539
2026-01-22 20:00:00+00:00,249.0301055908203,249.1699981689453,248.80999755859375,248.86000061035156,275423,248.9055905380249,249.15462064361571
2026-01-22 20:05:00+00:00,249.02499389648438,249.0998992919922,248.9600067138672,249.0,189297,248.90048139953615,249.1495063934326
2026-01-22 20:10:00+00:00,249.05999755859375,249.2198944091797,249.0,249.03500366210938,200513,248.93546755981447,249.18452755737303
2026-01-22 20:15:00+00:00,248.9600067138672,249.1699981689453,248.9499969482422,249.08399963378906,231645,248.83552671051027,249.0844867172241
2026-01-22 20:20:00+00:00,248.67999267578125,249.02999877929688,248.6199951171875,248.9600067138672,370590,248.55565267944337,248.80433267211913
2026-01-22 20:25:00+00:00,248.3699951171875,248.6699981689453,248.26510620117188,248.6699981689453,329664,248.2458101196289,248.4941801147461
2026-01-22 20:30:00+00:00,248.67999267578125,248.85000610351562,248.30999755859375,248.33999633789062,238932,248.55565267944337,248.80433267211913
2026-01-22 20:35:00+00:00,248.5399932861328,248.67999267578125,248.38999938964844,248.67840576171875,225756,248.41572328948976,248.66426328277586
2026-01-22 20:40:00+00:00,248.6300048828125,248.77999877929688,248.3800048828125,248.5399932861328,277885,248.5056898803711,248.7543198852539
2026-01-22 20:45:00+00:00,248.75,248.82000732421875,248.5800018310547,248.60989379882812,188191,248.625625,248.874375
2026-01-22 20:50:00+00:00,248.56500244140625,248.9199981689453,248.53500366210938,248.75,419518,248.44071994018557,248.68928494262693
2026-01-22 20:55:00+00:00,248.33999633789062,248.75,248.17999267578125,248.5800018310547,1433131,248.2158263397217,248.46416633605955
2026-01-23 14:30:00+00:00,246.31500244140625,247.24000549316406,245.3300018310547,247.24000549316406,2036329,246.19184494018555,246.43815994262695
2026-01-23 14:35:00+00:00,245.4499969482422,246.3300018310547,245.3341064453125,246.30499267578125,609009,245.3272719497681,245.57272194671629
2026-01-23 14:40:00+00:00,245.83009338378906,245.89999389648438,245.22999572753906,245.45680236816406,642740,245.7071783370972,245.95300843048093
2026-01-23 14:45:00+00:00,244.72000122070312,245.83999633789062,244.67999267578125,245.62550354003906,1007464,244.59764122009278,244.84236122131347
2026-01-23 14:50:00+00:00,246.03500366210938,246.0399932861328,244.6999969482422,244.6999969482422,538275,245.91198616027833,246.15802116394042
2026-01-23 14:55:00+00:00,245.88999938964844,246.2736053466797,245.5500030517578,246.0399932861328,477651,245.7670543899536,246.01294438934326
2026-01-23 15:00:00+00:00,246.30499267578125,246.4499969482422,245.85000610351562,245.9199981689453,418634,246.18184017944338,246.42814517211912
2026-01-23 15:05:00+00:00,246.25,246.4499969482422,246.05999755859375,246.2899932861328,375931,246.126875,246.373125
2026-01-23 15:10:00+00:00,245.9499969482422,246.27000427246094,245.80999755859375,246.22999572753906,327190,245.82702194976807,246.0729719467163
2026-01-23 15:15:00+00:00,245.9250030517578,246.08999633789062,245.7100067138672,245.94000244140625,311785,245.80204055023194,246.0479655532837
2026-01-23 15:20:00+00:00,247.0500030517578,247.10000610351562,245.8699951171875,245.9499969482422,548971,246.92647805023194,247.1735280532837
2026-01-23 15:25:00+00:00,247.01010131835938,247.24000549316406,246.91000366210938,247.05999755859375,307157,246.8865962677002,247.13360636901854
2026-01-23 15:30:00+00:00,247.1699981689453,247.38999938964844,246.97000122070312,247.02000427246094,245938,247.04641316986084,247.29358316802978
2026-01-23 15:35:00+00:00,248.13999938964844,248.22999572753906,247.1699981689453,247.17010498046875,359402,248.01592938995364,248.26406938934323
2026-01-23 15:40:00+00:00,248.0399932861328,248.3350067138672,247.77999877929688,248.16000366210938,327262,247.91597328948976,248.16401328277587
2026-01-23 15:45:00+00:00,248.66000366210938,248.69000244140625,247.85000610351562,248.06100463867188,346234,248.53567366027832,248.78433366394043
2026-01-23 15:50:00+00:00,249.19000244140625,249.22000122070312,248.51010131835938,248.64500427246094,283278,249.06540744018557,249.31459744262693
2026-01-23 15:55:00+00:00,248.97999572753906,249.3000030517578,248.8000030517578,249.21499633789062,314938,248.85550572967531,249.1044857254028
2026-01-23 16:00:00+00:00,249.0800018310547,249.41000366210938,248.97000122070312,248.97999572753906,258621,248.95546183013917,249.2045418319702
2026-01-23 16:05:00+00:00,249.1750030517578,249.19000244140625,248.64010620117188,249.10000610351562,265271,249.05041555023195,249.29959055328368
2026-01-23 16:10:00+00:00,248.8300018310547,249.19500732421875,248.8000030517578,249.19000244140625,193316,248.70558683013917,248.9544168319702
2026-01-23 16:15:00+00:00,248.66000366210938,248.93499755859375,248.6199951171875,248.82839965820312,203599,248.53567366027832,248.78433366394043
2026-01-23 16:20:00+00:00,248.52999877929688,248.77000427246094,248.3249969482422,248.6699981689453,283292,248.40573377990725,248.6542637786865
2026-01-23 16:25:00+00:00,248.35000610351562,248.60000610351562,248.27999877929688,248.5399932861328,197665,248.2258311004639,248.47418110656736
2026-01-23 16:30:00+00:00,248.05999755859375,248.5,247.8800048828125,248.3699951171875,241399,247.93596755981446,248.18402755737304
2026-01-23 16:35:00+00:00,248.63999938964844,248.70689392089844,248.00999450683594,248.05999755859375,243939,248.51567938995362,248.76431938934326
2026-01-23 16:40:00+00:00,248.30999755859375,248.69000244140625,248.3000030517578,248.63999938964844,208311,248.18584255981446,248.43415255737304
2026-01-23 16:45:00+00:00,248.44000244140625,248.5,248.0399932861328,248.30999755859375,157939,248.31578244018556,248.56422244262694
2026-01-23 16:50:00+00:00,248.50999450683594,248.6300048828125,248.21009826660156,248.42999267578125,206980,248.38573950958252,248.63424950408935
2026-01-23 16:55:00+00:00,248.24000549316406,248.5500030517578,248.0500030517578,248.50999450683594,171441,248.1158854904175,248.36412549591063
2026-01-23 17:00:00+00:00,248.15499877929688,248.24000549316406,247.8800048828125,248.24000549316406,186253,248.03092127990723,248.27907627868652
2026-01-23 17:05:00+00:00,248.14999389648438,248.22999572753906,248.0,248.1999969482422,123381,248.02591889953615,248.2740688934326
2026-01-23 17:10:00+00:00,248.0500030517578,248.25999450683594,248.02000427246094,248.16000366210938,191866,247.92597805023195,248.17402805328368
2026-01-23 17:15:00+00:00,248.3300018310547,248.3592071533203,247.9499969482422,248.06500244140625,183304,248.20583683013916,248.4541668319702
2026-01-23 17:20:00+00:00,248.50999450683594,248.75,248.25999450683594,248.30999755859375,212399,248.38573950958252,248.63424950408935
2026-01-23 17:25:00+00:00,248.73989868164062,248.8000030517578,248.52999877929688,248.52999877929688,137848,248.61552873229982,248.86426863098143
2026-01-23 17:30:00+00:00,248.60000610351562,248.77999877929688,248.5500030517578,248.72000122070312,114742,248.47570610046387,248.72430610656738
2026-01-23 17:35:00+00:00,248.6699981689453,248.80990600585938,248.59500122070312,248.59500122070312,114196,248.54566316986086,248.79433316802977
2026-01-23 17:40:00+00:00,248.0800018310547,248.66000366210938,247.89300537109375,248.66000366210938,219191,247.9559618301392,248.2040418319702
2026-01-23 17:45:00+00:00,247.94500732421875,248.2198944091797,247.77999877929688,248.0800018310547,253742,247.82103482055666,248.06897982788084
2026-01-23 17:50:00+00:00,247.8800048828125,247.99000549316406,247.61000061035156,247.9499969482422,168441,247.7560648803711,248.0039448852539
2026-01-23 17:55:00+00:00,247.7899932861328,248.02999877929688,247.69000244140625,247.88189697265625,128231,247.66609828948975,247.91388828277587
2026-01-23 18:00:00+00:00,247.88499450683594,247.9499969482422,247.6999969482422,247.77000427246094,207085,247.76105200958253,248.00893700408935
2026-01-23 18:05:00+00:00,247.92999267578125,247.94000244140625,247.64999389648438,247.89999389648438,116288,247.80602767944336,248.05395767211914
2026-01-23 18:10:00+00:00,247.69769287109375,248.05999755859375,247.69009399414062,247.92999267578125,197723,247.57384402465823,247.82154171752927
2026-01-23 18:15:00+00:00,248.02000427246094,248.10000610351562,247.6959991455078,247.7050018310547,153413,247.8959942703247,248.14401427459717
2026-01-23 18:20:00+00:00,248.02999877929688,248.1199951171875,247.8800048828125,248.0,133688,247.90598377990725,248.1540137786865
2026-01-23 18:25:00+00:00,247.92999267578125,248.16000366210938,247.88999938964844,248.01499938964844,110594,247.80602767944336,248.05395767211914
2026-01-23 18:30:00+00:00,247.7384033203125,248.0299072265625,247.63999938964844,247.9600067138672,146763,247.61453411865236,247.86227252197264
2026-01-23 18:35:00+00:00,247.64999389648438,247.85000610351562,247.58999633789062,247.75,191303,247.52616889953615,247.7738188934326
2026-01-23 18:40:00+00:00,247.38999938964844,247.71499633789062,247.33999633789062,247.64999389648438,185104,247.26630438995363,247.51369438934324
2026-01-23 18:45:00+00:00,247.1300048828125,247.3800048828125,247.0399932861328,247.3800048828125,200437,247.00643988037112,247.25356988525388
2026-01-23 18:50:00+00:00,247.18499755859375,247.36000061035156,246.97000122070312,247.13499450683594,215668,247.06140505981446,247.30859005737304
2026-01-23 18:55:00+00:00,247.52000427246094,247.55999755859375,247.16000366210938,247.19000244140625,157713,247.39624427032473,247.64376427459715
2026-01-23 19:00:00+00:00,247.2949981689453,247.66000366210938,247.22999572753906,247.52999877929688,197459,247.17135066986086,247.41864566802977
2026-01-23 19:05:00+00:00,247.5301055908203,247.63999938964844,247.27000427246094,247.30999755859375,218665,247.40634053802492,247.6538706436157
2026-01-23 19:10:00+00:00,247.77000427246094,247.8800048828125,247.30999755859375,247.55499267578125,248244,247.64611927032473,247.89388927459714
2026-01-23 19:15:00+00:00,247.64999389648438,247.80999755859375,247.5399932861328,247.7550048828125,163000,247.52616889953615,247.7738188934326
2026-01-23 19:20:00+00:00,247.97999572753906,247.97999572753906,247.63999938964844,247.6699981689453,166855,247.8560057296753,248.10398572540282
2026-01-23 19:25:00+00:00,247.47500610351562,248.00999450683594,247.47000122070312,247.99000549316406,197638,247.35126860046387,247.59874360656738
2026-01-23 19:30:00+00:00,247.72000122070312,247.8000030517578,247.40499877929688,247.47000122070312,164409,247.5961412200928,247.84386122131346
2026-01-23 19:35:00+00:00,247.72999572753906,247.8699951171875,247.61000061035156,247.72999572753906,107360,247.6061307296753,247.85386072540282
2026-01-23 19:40:00+00:00,248.1510009765625,248.19400024414062,247.69000244140625,247.74000549316406,169768,248.02692547607424,248.27507647705076
2026-01-23 19:45:00+00:00,248.05999755859375,248.22000122070312,248.05999755859375,248.14999389648438,134881,247.93596755981446,248.18402755737304
2026-01-23 19:50:00+00:00,247.9600067138672,248.1300048828125,247.91000366210938,248.0500030517578,156340,247.83602671051025,248.08398671722412
2026-01-23 19:55:00+00:00,248.1699981689453,248.25,247.9600067138672,247.9600067138672,119569,248.04591316986085,248.29408316802977
2026-01-23 20:00:00+00:00,248.0449981689453,248.21499633789062,248.0050048828125,248.1699981689453,137262,247.92097566986087,248.16902066802976
2026-01-23 20:05:00+00:00,247.97000122070312,248.1201934814453,247.97000122070312,248.0500030517578,142847,247.8460162200928,248.09398622131346
2026-01-23 20:10:00+00:00,248.1855010986328,248.25999450683594,247.9600067138672,247.99000549316406,170781,248.06140834808352,248.3095938491821
2026-01-23 20:15:00+00:00,248.30999755859375,248.44000244140625,248.1750030517578,248.1750030517578,218013,248.18584255981446,248.43415255737304
2026-01-23 20:20:00+00:00,248.3000030517578,248.39999389648438,248.1999969482422,248.3000030517578,197648,248.17585305023195,248.42415305328367
2026-01-23 20:25:00+00:00,248.19000244140625,248.47000122070312,248.14999389648438,248.2991943359375,222445,248.06590744018555,248.31409744262695
2026-01-23 20:30:00+00:00,248.2050018310547,248.37069702148438,248.11500549316406,248.19000244140625,200057,248.08089933013918,248.3291043319702
2026-01-23 20:35:00+00:00,248.1699981689453,248.27999877929688,248.05999755859375,248.1699981689453,188723,248.04591316986085,248.29408316802977
2026-01-23 20:40:00+00:00,248.7100067138672,248.72999572753906,248.1649932861328,248.1699981689453,337429,248.58565171051026,248.8343617172241
2026-01-23 20:45:00+00:00,248.78500366210938,248.85000610351562,248.61000061035156,248.7100067138672,233724,248.66061116027834,248.90939616394041
2026-01-23 20:50:00+00:00,247.99899291992188,248.77000427246094,247.8800048828125,248.77000427246094,592959,247.87499342346192,248.12299241638183
2026-01-23 20:55:00+00:00,247.97000122070312,248.2100067138672,247.7449951171875,248.00999450683594,1082819,247.8460162200928,248.09398622131346
2026-01-26 14:30:00+00:00,251.18499755859375,251.8800048828125,249.8000030517578,251.47999572753906,2734584,251.05940505981448,251.31059005737302
2026-01-26 14:35:00+00:00,252.63479614257812,252.72999572753906,250.625,251.19500732421875,928933,252.50847874450685,252.7611135406494
2026-01-26 14:40:00+00:00,252.7100067138672,253.25,251.9499969482422,252.6300048828125,1087845,252.58365171051028,252.8363617172241
2026-01-26 14:45:00+00:00,252.8350067138672,253.19000244140625,252.41000366210938,252.72999572753906,614721,252.70858921051027,252.9614242172241
2026-01-26 14:50:00+00:00,253.0,253.2100067138672,252.27000427246094,252.89999389648438,417993,252.8735,253.1265
2026-01-26 14:55:00+00:00,252.75999450683594,253.78689575195312,252.7100067138672,253.0050048828125,671281,252.63361450958254,252.88637450408933
2026-01-26 15:00:00+00:00,253.6894073486328,253.70069885253906,252.6199951171875,252.74000549316406,569831,253.56256264495852,253.8162520523071
2026-01-26 15:05:00+00:00,253.72999572753906,254.10000610351562,253.39999389648438,253.7100067138672,578669,253.6031307296753,253.8568607254028
2026-01-26 15:10:00+00:00,253.6820068359375,253.77999877929688,252.8000030517578,253.75999450683594,610595,253.55516583251955,253.80884783935545
2026-01-26 15:15:00+00:00,254.4600067138672,254.4600067138672,253.50999450683594,253.6999969482422,485396,254.33277671051027,254.5872367172241
2026-01-26 15:20:00+00:00,254.43760681152344,254.88999938964844,254.33999633789062,254.4600067138672,599720,254.31038800811768,254.5648256149292
2026-01-26 15:25:00+00:00,254.0399932861328,254.72000122070312,253.77000427246094,254.4499969482422,511038,253.91297328948977,254.16701328277586
2026-01-26 15:30:00+00:00,254.69500732421875,254.75,253.9199981689453,254.0399932861328,500245,254.56765982055666,254.82235482788084
2026-01-26 15:35:00+00:00,254.75,255.33999633789062,254.52999877929688,254.69000244140625,685803,254.62262500000003,254.87737499999997
2026-01-26 15:40:00+00:00,254.9510040283203,255.3000030517578,254.57000732421875,254.75,463325,254.82352852630618,255.07847953033445
2026-01-26 15:45:00+00:00,255.1999969482422,255.22999572753906,254.8699951171875,254.96499633789062,324081,255.0723969497681,255.32759694671628
2026-01-26 15:50:00+00:00,255.25999450683594,255.5,255.02999877929688,255.2100067138672,442632,255.13236450958254,255.38762450408933
2026-01-26 15:55:00+00:00,254.8000030517578,255.3000030517578,254.6699981689453,255.25999450683594,351329,254.67260305023194,254.92740305328368
2026-01-26 16:00:00+00:00,254.9600067138672,255.1999969482422,254.55999755859375,254.8090057373047,478305,254.83252671051028,255.0874867172241
2026-01-26 16:05:00+00:00,254.72999572753906,255.07000732421875,254.63499450683594,254.97999572753906,265354,254.6026307296753,254.85736072540283
2026-01-26 16:10:00+00:00,255.12010192871094,255.32000732421875,254.6649932861328,254.72000122070312,452341,254.9925418777466,255.24766197967529
2026-01-26 16:15:00+00:00,254.4600067138672,255.1699981689453,254.4600067138672,255.13499450683594,314585,254.33277671051027,254.5872367172241
2026-01-26 16:20:00+00:00,254.67999267578125,254.67999267578125,254.22999572753906,254.47000122070312,368378,254.55265267944338,254.80733267211912
2026-01-26 16:25:00+00:00,255.0998992919922,255.2100067138672,254.61000061035156,254.69239807128906,294781,254.9723493423462,255.22744924163817
2026-01-26 16:30:00+00:00,254.92999267578125,255.27999877929688,254.8800048828125,255.0850067138672,482347,254.8025276794434,255.0574576721191
2026-01-26 16:35:00+00:00,255.00999450683594,255.24000549316406,254.80999755859375,254.93319702148438,362793,254.88248950958254,255.13749950408933
2026-01-26 16:40:00+00:00,255.0,255.14999389648438,254.94000244140625,255.02000427246094,232333,254.8725,255.1275
2026-01-26 16:45:00+00:00,254.86000061035156,255.25,254.8300018310547,255.00990295410156,203320,254.7325706100464,254.98743061065673
2026-01-26 16:50:00+00:00,254.86000061035156,254.91000366210938,254.60000610351562,254.85000610351562,239833,254.7325706100464,254.98743061065673
2026-01-26 16:55:00+00:00,254.86000061035156,255.0157928466797,254.75999450683594,254.8699951171875,188953,254.7325706100464,254.98743061065673
2026-01-26 17:00:00+00:00,255.22999572753906,255.3000030517578,254.8699951171875,254.8699951171875,276668,255.1023807296753,255.35761072540282
2026-01-26 17:05:00+00:00,254.80999755859375,255.4199981689453,254.80999755859375,255.22999572753906,268366,254.68259255981448,254.93740255737302
2026-01-26 17:10:00+00:00,254.2899932861328,254.8800048828125,254.25999450683594,254.8000030517578,273055,254.16284828948977,254.41713828277585
2026-01-26 17:15:00+00:00,254.60000610351562,254.72000122070312,254.28900146484375,254.28900146484375,169028,254.47270610046388,254.72730610656737
2026-01-26 17:20:00+00:00,254.72000122070312,254.8498992919922,254.5,254.58999633789062,172286,254.5926412200928,254.84736122131346
2026-01-26 17:25:00+00:00,254.5,254.76499938964844,254.5,254.72940063476562,146244,254.37275000000002,254.62724999999998
2026-01-26 17:30:00+00:00,254.58999633789062,254.67999267578125,254.42999267578125,254.47000122070312,181362,254.4627013397217,254.71729133605956
2026-01-26 17:35:00+00:00,254.6300048828125,254.74000549316406,254.5500030517578,254.60000610351562,190160,254.50268988037112,254.75731988525388
2026-01-26 17:40:00+00:00,254.66000366210938,254.75,254.5500030517578,254.65699768066406,124202,254.53267366027833,254.78733366394042
2026-01-26 17:45:00+00:00,254.33160400390625,254.66990661621094,254.0800018310547,254.6627960205078,198234,254.2044382019043,254.4587698059082
2026-01-26 17:50:00+00:00,254.50999450683594,254.5500030517578,254.25,254.3300018310547,131053,254.38273950958254,254.63724950408934
2026-01-26 17:55:00+00:00,254.3300018310547,254.5299072265625,254.30999755859375,254.5281982421875,133808,254.20283683013918,254.4571668319702
2026-01-26 18:00:00+00:00,254.1699981689453,254.47999572753906,254.16000366210938,254.3300018310547,170565,254.04291316986087,254.29708316802976
2026-01-26 18:05:00+00:00,254.12750244140625,254.27000427246094,254.0800018310547,254.1699981689453,157066,254.00043869018555,254.25456619262695
2026-01-26 18:10:00+00:00,254.24000549316406,254.36000061035156,254.08999633789062,254.19000244140625,130792,254.11288549041748,254.36712549591064
2026-01-26 18:15:00+00:00,254.44000244140625,254.44000244140625,254.08999633789062,254.23500061035156,148706,254.31278244018557,254.56722244262693
2026-01-26 18:20:00+00:00,254.64999389648438,254.67999267578125,254.33999633789062,254.42999267578125,156421,254.52266889953614,254.7773188934326
2026-01-26 18:25:00+00:00,254.64999389648438,254.69000244140625,254.57000732421875,254.6508026123047,139164,254.52266889953614,254.7773188934326
2026-01-26 18:30:00+00:00,255.02999877929688,255.1699981689453,254.6300048828125,254.63999938964844,257704,254.90248377990724,255.1575137786865
2026-01-26 18:35:00+00:00,254.60000610351562,255.0800018310547,254.5800018310547,255.02000427246094,164264,254.47270610046388,254.72730610656737
2026-01-26 18:40:00+00:00,254.58999633789062,254.6199951171875,254.32000732421875,254.5800018310547,176787,254.4627013397217,254.71729133605956
2026-01-26 18:45:00+00:00,255.0106964111328,255.02000427246094,254.47999572753906,254.59500122070312,221513,254.88319106292727,255.13820175933836
2026-01-26 18:50:00+00:00,255.17999267578125,255.22000122070312,254.75999450683594,255.00999450683594,281976,255.05240267944336,255.30758267211914
2026-01-26 18:55:00+00:00,255.11000061035156,255.35000610351562,254.99000549316406,255.14999389648438,239238,254.9824456100464,255.23755561065673
2026-01-26 19:00:00+00:00,255.35000610351562,255.50999450683594,255.10000610351562,255.10000610351562,386247,255.2223311004639,255.47768110656736
2026-01-26 19:05:00+00:00,255.47999572753906,255.55320739746094,255.2899932861328,255.35000610351562,233175,255.3522557296753,255.60773572540282
2026-01-26 19:10:00+00:00,255.43499755859375,255.52999877929688,255.32000732421875,255.47999572753906,209630,255.30728005981447,255.56271505737303
2026-01-26 19:15:00+00:00,255.5,255.625,255.27999877929688,255.45010375976562,305081,255.37225,255.62775
2026-01-26 19:20:00+00:00,255.52000427246094,255.5988006591797,255.4199981689453,255.5050048828125,215962,255.3922442703247,255.64776427459717
2026-01-26 19:25:00+00:00,255.94000244140625,255.97000122070312,255.44000244140625,255.52000427246094,322240,255.81203244018556,256.06797244262697
2026-01-26 19:30:00+00:00,255.99000549316406,256.04010009765625,255.7100067138672,255.92999267578125,309524,255.8620104904175,256.1180004959106
2026-01-26 19:35:00+00:00,256.1700134277344,256.260009765625,255.88009643554688,256.0,305541,256.04192842102054,256.2980984344482
2026-01-26 19:40:00+00:00,256.1300048828125,256.2650146484375,256.04998779296875,256.20001220703125,226754,256.0019398803711,256.2580698852539
2026-01-26 19:45:00+00:00,256.32000732421875,256.3299865722656,256.1000061035156,256.1400146484375,279233,256.19184732055663,256.44816732788087
2026-01-26 19:50:00+00:00,256.45001220703125,256.55999755859375,256.2799987792969,256.32000732421875,316345,256.32178720092776,256.57823721313474
2026-01-26 19:55:00+00:00,256.1000061035156,256.45989990234375,256.07501220703125,256.44000244140625,9104329,255.97195610046387,256.22805610656735
2026-01-26 20:00:00+00:00,256.1340026855469,256.32000732421875,256.0400085449219,256.1050109863281,0,256.00593568420413,256.2620696868896
2026-01-26 20:05:00+00:00,256.2550048828125,256.3699951171875,256.07000732421875,256.1400146484375,274852,256.1268773803711,256.3831323852539
2026-01-26 20:10:00+00:00,255.8000030517578,256.2900085449219,255.72999572753906,256.2550048828125,278745,255.67210305023195,255.92790305328367
2026-01-26 20:15:00+00:00,255.72999572753906,255.9600067138672,255.69000244140625,255.80999755859375,260622,255.6021307296753,255.85786072540282
2026-01-26 20:20:00+00:00,255.6501007080078,255.75999450683594,255.47000122070312,255.72000122070312,350264,255.52227565765384,255.7779257583618
2026-01-26 20:25:00+00:00,255.72500610351562,255.7467041015625,255.47000122070312,255.64999389648438,316683,255.59714360046388,255.85286860656737
2026-01-26 20:30:00+00:00,255.64999389648438,255.99000549316406,255.60000610351562,255.72999572753906,318827,255.52216889953615,255.7778188934326
2026-01-26 20:35:00+00:00,255.625,255.6967010498047,255.4550018310547,255.64999389648438,255778,255.49718750000002,255.75281249999998
2026-01-26 20:40:00+00:00,255.5050048828125,255.72999572753906,255.48500061035156,255.63499450683594,344928,255.37725238037112,255.63275738525388
2026-01-26 20:45:00+00:00,255.5800018310547,255.64999389648438,255.4499969482422,255.50999450683594,346982,255.45221183013916,255.7077918319702
2026-01-26 20:50:00+00:00,255.17999267578125,255.5800018310547,254.89999389648438,255.5800018310547,803722,255.05240267944336,255.30758267211914
2026-01-26 20:55:00+00:00,255.4199981689453,255.55999755859375,255.0,255.17999267578125,12148876,255.29228816986085,255.54770816802977
2026-01-27 14:30:00+00:00,260.19500732421875,260.739990234375,258.6600036621094,259.1400146484375,3411071,260.06490982055664,260.32510482788086
2026-01-27 14:35:00+00:00,260.5849914550781,260.7724914550781,259.57000732421875,260.20001220703125,1065984,260.4546989593506,260.71528395080566
2026-01-27 14:40:00+00:00,260.5899963378906,260.7200012207031,260.010009765625,260.5797119140625,852155,260.4597013397217,260.7202913360596
2026-01-27 14:45:00+00:00,260.8900146484375,261.1400146484375,260.3800048828125,260.6000061035156,955242,260.7595696411133,261.0204596557617
2026-01-27 14:50:00+00:00,261.6099853515625,261.739990234375,260.6200866699219,260.8699951171875,834100,261.4791803588867,261.7407903442383
2026-01-27 14:55:00+00:00,261.4649963378906,261.95001220703125,261.17999267578125,261.6000061035156,788001,261.3342638397217,261.59572883605955
2026-01-27 15:00:00+00:00,261.06500244140625,261.5799865722656,260.8900146484375,261.4800109863281,608327,260.9344699401856,261.1955349426269
2026-01-27 15:05:00+00:00,260.82501220703125,261.3949890136719,260.5,261.06500244140625,588288,260.69459970092777,260.95542471313473
2026-01-27 15:10:00+00:00,260.0299987792969,260.95001220703125,259.95001220703125,260.8399963378906,557248,259.89998377990725,260.1600137786865
2026-01-27 15:15:00+00:00,260.04998779296875,260.2099914550781,259.9700012207031,260.04998779296875,446886,259.91996279907227,260.18001278686523
2026-01-27 15:20:00+00:00,259.760009765625,260.20001220703125,259.5400085449219,260.0299987792969,411187,259.6301297607422,259.8898897705078
2026-01-27 15:25:00+00:00,259.8450012207031,259.989990234375,259.5299987792969,259.739990234375,394284,259.7150787200928,259.9749237213135
2026-01-27 15:30:00+00:00,260.010009765625,260.1000061035156,259.760009765625,259.8599853515625,296761,259.8800047607422,260.1400147705078
2026-01-27 15:35:00+00:00,260.25,260.3399963378906,259.8299865722656,260.0050048828125,259609,260.11987500000004,260.38012499999996
2026-01-27 15:40:00+00:00,260.3800048828125,260.54998779296875,260.20001220703125,260.2500915527344,323691,260.2498148803711,260.5101948852539
2026-01-27 15:45:00+00:00,260.3599853515625,260.67999267578125,260.2550048828125,260.3500061035156,235612,260.2298053588867,260.4901653442383
2026-01-27 15:50:00+00:00,260.1700134277344,260.43499755859375,260.0199890136719,260.3800048828125,262147,260.03992842102053,260.3000984344482
2026-01-27 15:55:00+00:00,260.3399963378906,260.3599853515625,260.0299987792969,260.17999267578125,189661,260.2098263397217,260.47016633605955
2026-01-27 16:00:00+00:00,260.79998779296875,260.79998779296875,260.3500061035156,260.3599853515625,269539,260.6695877990723,260.9303877868652
2026-01-27 16:05:00+00:00,261.0199890136719,261.04998779296875,260.760009765625,260.7900085449219,324714,260.88947901916504,261.1504990081787
2026-01-27 16:10:00+00:00,261.1499938964844,261.239990234375,261.0199890136719,261.0299987792969,273563,261.01941889953616,261.2805688934326
2026-01-27 16:15:00+00:00,261.31500244140625,261.3900146484375,261.03070068359375,261.1449890136719,222858,261.18434494018555,261.44565994262695
2026-01-27 16:20:00+00:00,260.6300048828125,261.3799133300781,260.6099853515625,261.30999755859375,352752,260.49968988037114,260.76031988525386
2026-01-27 16:25:00+00:00,260.7200012207031,261.05999755859375,260.6099853515625,260.6499938964844,251988,260.5896412200928,260.85036122131345
2026-01-27 16:30:00+00:00,260.510009765625,260.7898864746094,260.4700012207031,260.7200012207031,230211,260.37975476074223,260.64026477050777
2026-01-27 16:35:00+00:00,260.8299865722656,260.8900146484375,260.5,260.5199890136719,190535,260.6995715789795,260.96040156555176
2026-01-27 16:40:00+00:00,260.9068908691406,261.1499938964844,260.760009765625,260.8399963378906,190441,260.77643742370606,261.0373443145752
2026-01-27 16:45:00+00:00,260.95001220703125,261.03948974609375,260.760009765625,260.9100036621094,179869,260.81953720092775,261.08048721313475
2026-01-27 16:50:00+00:00,260.9649963378906,261.047607421875,260.8500061035156,260.9700012207031,184916,260.8345138397217,261.09547883605956
2026-01-27 16:55:00+00:00,260.7799987792969,260.9700012207031,260.7300109863281,260.9700012207031,160430,260.6496087799072,260.9103887786865
2026-01-27 17:00:00+00:00,260.9800109863281,261.1700134277344,260.760009765625,260.7699890136719,186631,260.849520980835,261.11050099182125
2026-01-27 17:05:00+00:00,260.8999938964844,260.9700927734375,260.739990234375,260.9700927734375,169417,260.76954389953613,261.0304438934326
2026-01-27 17:10:00+00:00,260.9100036621094,261.114990234375,260.885009765625,260.90008544921875,202938,260.77954866027835,261.0404586639404
2026-01-27 17:15:00+00:00,261.1300048828125,261.1600036621094,260.82000732421875,260.8900146484375,149765,260.9994398803711,261.2605698852539
2026-01-27 17:20:00+00:00,261.0249938964844,261.17498779296875,260.8800048828125,261.1199951171875,162393,260.8944813995362,261.1555063934326
2026-01-27 17:25:00+00:00,261.30999755859375,261.3599853515625,260.989990234375,261.02740478515625,168441,261.1793425598145,261.440652557373
2026-01-27 17:30:00+00:00,261.2149963378906,261.32000732421875,261.1650085449219,261.30010986328125,130901,261.08438883972167,261.3456038360596
2026-01-27 17:35:00+00:00,261.21649169921875,261.32000732421875,261.135009765625,261.2149963378906,132412,261.08588345336915,261.34709994506835
2026-01-27 17:40:00+00:00,260.8500061035156,261.3500061035156,260.8500061035156,261.239990234375,164848,260.71958110046387,260.9804311065674
2026-01-27 17:45:00+00:00,260.8800048828125,260.92999267578125,260.6400146484375,260.8500061035156,195575,260.7495648803711,261.0104448852539
2026-01-27 17:50:00+00:00,260.7049865722656,260.9200134277344,260.6199951171875,260.8901062011719,175509,260.5746340789795,260.83533906555175
2026-01-27 17:55:00+00:00,260.7099914550781,260.8900146484375,260.6700134277344,260.7099914550781,116979,260.5796364593506,260.84034645080567
2026-01-27 18:00:00+00:00,260.5799865722656,260.9599914550781,260.5400085449219,260.70001220703125,176846,260.4496965789795,260.71027656555174
2026-01-27 18:05:00+00:00,260.9599914550781,261.04998779296875,260.5199890136719,260.5799865722656,220434,260.8295114593506,261.09047145080564
2026-01-27 18:10:00+00:00,260.9801025390625,261.1300048828125,260.80010986328125,260.9599914550781,156968,260.84961248779297,261.11059259033203
2026-01-27 18:15:00+00:00,260.6199951171875,260.9999084472656,260.55999755859375,260.9800109863281,168184,260.4896851196289,260.7503051147461
2026-01-27 18:20:00+00:00,260.7550048828125,260.760009765625,260.510009765625,260.6199951171875,149931,260.6246273803711,260.8853823852539
2026-01-27 18:25:00+00:00,260.2550048828125,260.8399963378906,260.2301025390625,260.760009765625,200504,260.1248773803711,260.3851323852539
2026-01-27 18:30:00+00:00,259.95001220703125,260.3599853515625,259.79998779296875,260.2699890136719,429106,259.82003720092774,260.07998721313476
2026-01-27 18:35:00+00:00,260.0050048828125,260.1300048828125,259.840087890625,259.9549865722656,212509,259.8750023803711,260.1350073852539
2026-01-27 18:40:00+00:00,259.8500061035156,260.0899963378906,259.79998779296875,260.0050048828125,195133,259.72008110046386,259.9799311065674
2026-01-27 18:45:00+00:00,259.69000244140625,259.92999267578125,259.6400146484375,259.848388671875,168751,259.56015744018555,259.81984744262695
2026-01-27 18:50:00+00:00,259.7099914550781,259.8800048828125,259.6400146484375,259.69500732421875,169777,259.5801364593506,259.8398464508056
2026-01-27 18:55:00+00:00,259.82000732421875,259.9700012207031,259.5199890136719,259.71929931640625,253693,259.6900973205567,259.9499173278808
2026-01-27 19:00:00+00:00,259.80999755859375,260.0199890136719,259.80999755859375,259.8399963378906,215239,259.68009255981445,259.93990255737305
2026-01-27 19:05:00+00:00,259.5799865722656,259.9100036621094,259.5299987792969,259.8299865722656,178931,259.4501965789795,259.70977656555175
2026-01-27 19:10:00+00:00,259.80999755859375,259.8699951171875,259.55499267578125,259.5799865722656,176210,259.68009255981445,259.93990255737305
2026-01-27 19:15:00+00:00,259.93499755859375,259.96160888671875,259.6199951171875,259.80999755859375,162788,259.80503005981444,260.06496505737306
2026-01-27 19:20:00+00:00,259.885009765625,259.9700012207031,259.7650146484375,259.9461975097656,158362,259.7550672607422,260.0149522705078
2026-01-27 19:25:00+00:00,259.875,259.9400939941406,259.82501220703125,259.885009765625,184130,259.7450625,260.0049375
2026-01-27 19:30:00+00:00,259.6099853515625,259.8999938964844,259.54998779296875,259.875,208359,259.48018035888674,259.73979034423826
2026-01-27 19:35:00+00:00,259.6700134277344,259.7300109863281,259.5150146484375,259.6050109863281,172591,259.5401784210205,259.7998484344482
2026-01-27 19:40:00+00:00,259.6050109863281,259.67999267578125,259.55499267578125,259.6700134277344,160802,259.47520848083497,259.7348134918213
2026-01-27 19:45:00+00:00,259.6050109863281,259.6499938964844,259.489990234375,259.6099853515625,201399,259.47520848083497,259.7348134918213
2026-01-27 19:50:00+00:00,259.6099853515625,259.614990234375,259.17498779296875,259.6000061035156,282183,259.48018035888674,259.73979034423826
2026-01-27 19:55:00+00:00,259.739990234375,260.0400085449219,259.6000061035156,259.6199951171875,304902,259.6101202392578,259.8698602294922
2026-01-27 20:00:00+00:00,259.7449951171875,259.9667053222656,259.69000244140625,259.7449951171875,221425,259.61512261962895,259.87486761474605
2026-01-27 20:05:00+00:00,259.660888671875,259.8500061035156,259.6499938964844,259.75,180221,259.53105822753906,259.79071911621094
2026-01-27 20:10:00+00:00,259.6199951171875,259.79998779296875,259.45001220703125,259.6700134277344,202285,259.4901851196289,259.7498051147461
2026-01-27 20:15:00+00:00,259.42999267578125,259.6400146484375,259.4100036621094,259.614990234375,226972,259.30027767944335,259.55970767211915
2026-01-27 20:20:00+00:00,259.2701110839844,259.4700012207031,259.260009765625,259.42498779296875,237832,259.1404760284424,259.39974613952637
2026-01-27 20:25:00+00:00,259.3800048828125,259.3900146484375,259.1499938964844,259.2699890136719,203315,259.2503148803711,259.5096948852539
2026-01-27 20:30:00+00:00,259.42291259765625,259.67498779296875,259.31451416015625,259.385009765625,394831,259.29320114135743,259.55262405395507
2026-01-27 20:35:00+00:00,259.5036926269531,259.510009765625,259.239990234375,259.42999267578125,220768,259.37394078063966,259.6334444732666
2026-01-27 20:40:00+00:00,259.3399963378906,259.55999755859375,259.2149963378906,259.510009765625,275699,259.2103263397217,259.46966633605956
2026-01-27 20:45:00+00:00,259.3999938964844,259.5400085449219,259.2090148925781,259.3299865722656,237395,259.27029389953617,259.5296938934326
2026-01-27 20:50:00+00:00,258.8399963378906,259.3999938964844,258.6600036621094,259.3900146484375,487147,258.7105763397217,258.96941633605957
2026-01-27 20:55:00+00:00,258.2799987792969,258.7799987792969,258.2099914550781,258.7799987792969,1099311,258.15085877990725,258.4091387786865
2026-01-28 14:30:00+00:00,257.45001220703125,258.8550109863281,257.2900085449219,257.55999755859375,1932188,257.32128720092777,257.57873721313473
2026-01-28 14:35:00+00:00,256.1499938964844,257.6400146484375,255.88999938964844,257.4150085449219,773984,256.02191889953616,256.2780688934326
2026-01-28 14:40:00+00:00,256.6300048828125,256.8800048828125,255.82000732421875,256.1499938964844,483673,256.5016898803711,256.7583198852539
2026-01-28 14:45:00+00:00,256.5450134277344,257.239990234375,256.2900085449219,256.6799011230469,466290,256.4167409210205,256.67328593444824
2026-01-28 14:50:00+00:00,256.0799865722656,256.7250061035156,255.72999572753906,256.5799865722656,477700,255.95194657897952,256.20802656555173
2026-01-28 14:55:00+00:00,256.1449890136719,256.3599853515625,255.97999572753906,256.0799865722656,363609,256.0169165191651,256.27306150817867
2026-01-28 15:00:00+00:00,255.42999267578125,256.1499938964844,255.21499633789062,256.1400146484375,584168,255.30227767944336,255.55770767211914
2026-01-28 15:05:00+00:00,256.5989990234375,256.75,255.42010498046875,255.42010498046875,462364,256.4706995239258,256.7272985229492
2026-01-28 15:10:00+00:00,256.4599914550781,256.69000244140625,256.3800048828125,256.5899963378906,243249,256.3317614593506,256.58822145080563
2026-01-28 15:15:00+00:00,256.5299987792969,256.8500061035156,256.3900146484375,256.4599914550781,250443,256.40173377990726,256.6582637786865
2026-01-28 15:20:00+00:00,256.4849853515625,257.04998779296875,256.45001220703125,256.5400085449219,281908,256.3567428588867,256.6132278442383
2026-01-28 15:25:00+00:00,256.0899963378906,256.7099914550781,256.0299987792969,256.4999084472656,284634,255.9619513397217,256.21804133605957
2026-01-28 15:30:00+00:00,255.97999572753906,256.30999755859375,255.97000122070312,256.05999755859375,293799,255.8520057296753,256.10798572540284
2026-01-28 15:35:00+00:00,256.57000732421875,256.7099914550781,255.88999938964844,255.97999572753906,321061,256.44172232055666,256.69829232788084
2026-01-28 15:40:00+00:00,256.0209045410156,256.6799011230469,256.0199890136719,256.57000732421875,243341,255.89289408874512,256.1489149932861
2026-01-28 15:45:00+00:00,256.1199951171875,256.20001220703125,255.8101043701172,256.0400085449219,241280,255.99193511962892,256.2480551147461
2026-01-28 15:50:00+00:00,256.0400085449219,256.1014099121094,255.77999877929688,256.1014099121094,224031,255.91198854064942,256.16802854919433
2026-01-28 15:55:00+00:00,255.83999633789062,256.2200012207031,255.72000122070312,256.0199890136719,203879,255.7120763397217,255.96791633605955
2026-01-28 16:00:00+00:00,255.9199981689453,255.99000549316406,255.6999969482422,255.83999633789062,179003,255.79203816986086,256.04795816802977
2026-01-28 16:05:00+00:00,256.0799865722656,256.1600036621094,255.83999633789062,255.9199981689453,181221,255.95194657897952,256.20802656555173
2026-01-28 16:10:00+00:00,255.9062042236328,256.2200012207031,255.77499389648438,256.05999755859375,177756,255.778251121521,256.0341573257446
2026-01-28 16:15:00+00:00,255.69000244140625,256.0299987792969,255.6699981689453,255.89999389648438,176030,255.56215744018556,255.81784744262694
2026-01-28 16:20:00+00:00,255.4600067138672,255.8300018310547,255.41000366210938,255.67999267578125,278036,255.33227671051026,255.58773671722412
2026-01-28 16:25:00+00:00,255.49000549316406,255.57000732421875,255.25999450683594,255.4550018310547,226337,255.3622604904175,255.61775049591063
2026-01-28 16:30:00+00:00,255.03750610351562,255.47999572753906,254.92999267578125,255.47000122070312,343356,254.9099873504639,255.16502485656736
2026-01-28 16:35:00+00:00,255.20249938964844,255.24740600585938,254.95970153808594,255.0399932861328,221052,255.07489813995363,255.33010063934324
2026-01-28 16:40:00+00:00,254.88999938964844,255.22000122070312,254.7899932861328,255.2100067138672,245469,254.76255438995364,255.01744438934324
2026-01-28 16:45:00+00:00,254.95989990234375,255.15750122070312,254.85499572753906,254.8800048828125,187970,254.8324199523926,255.0873798522949
2026-01-28 16:50:00+00:00,254.9250030517578,255.1300048828125,254.74000549316406,254.94000244140625,184543,254.79754055023196,255.05246555328367
2026-01-28 16:55:00+00:00,255.33999633789062,255.36500549316406,254.9250030517578,254.9250030517578,170686,255.2123263397217,255.46766633605955
2026-01-28 17:00:00+00:00,255.1992950439453,255.4199981689453,255.14999389648438,255.3300018310547,141588,255.07169539642337,255.32689469146726
2026-01-28 17:05:00+00:00,255.1999969482422,255.27999877929688,255.07809448242188,255.2100067138672,111829,255.0723969497681,255.32759694671628
2026-01-28 17:10:00+00:00,255.25,255.40260314941406,255.14999389648438,255.20989990234375,142356,255.122375,255.377625
2026-01-28 17:15:00+00:00,255.35000610351562,255.36000061035156,255.15049743652344,255.23699951171875,97571,255.2223311004639,255.47768110656736
2026-01-28 17:20:00+00:00,254.77000427246094,255.39999389648438,254.6999969482422,255.3583984375,248700,254.64261927032473,254.89738927459715
2026-01-28 17:25:00+00:00,254.82000732421875,254.85989379882812,254.66000366210938,254.75999450683594,135386,254.69259732055664,254.94741732788086
2026-01-28 17:30:00+00:00,254.6591033935547,254.8509979248047,254.55999755859375,254.8000030517578,129523,254.53177384185793,254.78643294525145
2026-01-28 17:35:00+00:00,254.63999938964844,254.72999572753906,254.50999450683594,254.6439971923828,139050,254.51267938995363,254.76731938934324
2026-01-28 17:40:00+00:00,255.02999877929688,255.11000061035156,254.6300048828125,254.64999389648438,185352,254.90248377990724,255.1575137786865
2026-01-28 17:45:00+00:00,255.0500030517578,255.08999633789062,254.89999389648438,255.02999877929688,107367,254.92247805023194,255.17752805328368
2026-01-28 17:50:00+00:00,254.8300018310547,255.11000061035156,254.75999450683594,255.02999877929688,265679,254.70258683013918,254.9574168319702
2026-01-28 17:55:00+00:00,254.8300018310547,254.99000549316406,254.72000122070312,254.83999633789062,128688,254.70258683013918,254.9574168319702
2026-01-28 18:00:00+00:00,254.8101043701172,254.83999633789062,254.5399932861328,254.82000732421875,114907,254.68269931793213,254.93750942230224
2026-01-28 18:05:00+00:00,254.94000244140625,255.0,254.8000030517578,254.82000732421875,124427,254.81253244018555,255.06747244262695
2026-01-28 18:10:00+00:00,254.9550018310547,255.0,254.82000732421875,254.92999267578125,112728,254.82752433013917,255.0824793319702
2026-01-28 18:15:00+00:00,255.2899932861328,255.31500244140625,254.9499969482422,254.9499969482422,158988,255.16234828948976,255.41763828277587
2026-01-28 18:20:00+00:00,255.29989624023438,255.38999938964844,255.1699981689453,255.29930114746094,123476,255.17224629211427,255.42754618835448
2026-01-28 18:25:00+00:00,255.2550048828125,255.33999633789062,255.22999572753906,255.2899932861328,92963,255.12737738037112,255.38263238525388
2026-01-28 18:30:00+00:00,255.0399932861328,255.34500122070312,254.99000549316406,255.25999450683594,142059,254.91247328948975,255.16751328277587
2026-01-28 18:35:00+00:00,254.9600067138672,255.22000122070312,254.8800048828125,255.03500366210938,129403,254.83252671051028,255.0874867172241
2026-01-28 18:40:00+00:00,255.31500244140625,255.32000732421875,254.97999572753906,254.97999572753906,119900,255.18734494018557,255.44265994262693
2026-01-28 18:45:00+00:00,255.39999389648438,255.4199981689453,255.14999389648438,255.32000732421875,137013,255.27229389953615,255.5276938934326
2026-01-28 18:50:00+00:00,255.69000244140625,255.72000122070312,255.39999389648438,255.39999389648438,186400,255.56215744018556,255.81784744262694
2026-01-28 18:55:00+00:00,255.656494140625,255.8800048828125,255.61000061035156,255.67999267578125,160694,255.5286658935547,255.7843223876953
2026-01-28 19:00:00+00:00,255.25,255.86500549316406,255.1199951171875,255.66000366210938,185470,255.122375,255.377625
2026-01-28 19:05:00+00:00,255.35000610351562,255.4398956298828,255.13999938964844,255.22999572753906,137020,255.2223311004639,255.47768110656736
2026-01-28 19:10:00+00:00,255.00999450683594,255.3300018310547,254.9300994873047,255.3300018310547,164348,254.88248950958254,255.13749950408933
2026-01-28 19:15:00+00:00,255.11500549316406,255.13999938964844,254.77999877929688,255.0,179569,254.9874479904175,255.24256299591062
2026-01-28 19:20:00+00:00,255.25999450683594,255.30999755859375,254.83999633789062,255.1300048828125,159827,255.13236450958254,255.38762450408933
2026-01-28 19:25:00+00:00,255.11000061035156,255.36940002441406,254.97000122070312,255.27999877929688,197754,254.9824456100464,255.23755561065673
2026-01-28 19:30:00+00:00,255.52000427246094,255.89999389648438,255.0500030517578,255.0800018310547,466354,255.3922442703247,255.64776427459717
2026-01-28 19:35:00+00:00,255.4199981689453,255.89599609375,255.39500427246094,255.52999877929688,203093,255.29228816986085,255.54770816802977
2026-01-28 19:40:00+00:00,255.63999938964844,255.7823028564453,255.27000427246094,255.38999938964844,163483,255.51217938995362,255.76781938934326
2026-01-28 19:45:00+00:00,255.92999267578125,256.2200012207031,255.6300048828125,255.63999938964844,218743,255.80202767944337,256.05795767211913
2026-01-28 19:50:00+00:00,256.1700134277344,256.19000244140625,255.72000122070312,255.94000244140625,269687,256.04192842102054,256.2980984344482
2026-01-28 19:55:00+00:00,256.2900085449219,256.3699951171875,255.92999267578125,256.1700134277344,302627,256.16186354064945,256.4181535491943
2026-01-28 20:00:00+00:00,256.1700134277344,256.6400146484375,256.08990478515625,256.2900085449219,358155,256.04192842102054,256.2980984344482
2026-01-28 20:05:00+00:00,256.239990234375,256.2699890136719,256.0299987792969,256.1700134277344,274453,256.1118702392578,256.3681102294922
2026-01-28 20:10:00+00:00,256.20001220703125,256.4100036621094,256.1449890136719,256.2300109863281,242645,256.0719122009277,256.3281122131348
2026-01-28 20:15:00+00:00,256.3494873046875,256.3500061035156,255.97000122070312,256.19000244140625,242125,256.2213125610352,256.4776620483398
2026-01-28 20:20:00+00:00,256.260009765625,256.375,255.97999572753906,256.3450012207031,363650,256.1318797607422,256.3881397705078
2026-01-28 20:25:00+00:00,256.4750061035156,256.54998779296875,256.2200012207031,256.260009765625,286553,256.34676860046386,256.6032436065674
2026-01-28 20:30:00+00:00,256.2699890136719,256.510009765625,256.2049865722656,256.4599914550781,275154,256.14185401916507,256.3981240081787
2026-01-28 20:35:00+00:00,256.6400146484375,256.6400146484375,256.18499755859375,256.2650146484375,276215,256.5116946411133,256.7683346557617
2026-01-28 20:40:00+00:00,256.5299987792969,256.639892578125,256.4150085449219,256.6300048828125,295642,256.40173377990726,256.6582637786865
2026-01-28 20:45:00+00:00,256.1300048828125,256.55499267578125,256.1199951171875,256.510009765625,345737,256.0019398803711,256.2580698852539
2026-01-28 20:50:00+00:00,256.8299865722656,256.8500061035156,255.92999267578125,256.1300048828125,536932,256.7015715789795,256.95840156555175
2026-01-28 20:55:00+00:00,256.44000244140625,256.8999938964844,256.239990234375,256.8399963378906,1362658,256.31178244018554,256.56822244262696
2026-01-29 14:30:00+00:00,257.6300048828125,259.6499938964844,257.5299987792969,258.07000732421875,1988651,257.5011898803711,257.7588198852539
2026-01-29 14:35:00+00:00,256.82000732421875,257.80999755859375,256.6000061035156,257.68499755859375,602173,256.69159732055664,256.94841732788086
2026-01-29 14:40:00+00:00,256.2200012207031,257.32000732421875,256.2200012207031,256.80419921875,567293,256.0918912200928,256.34811122131345
2026-01-29 14:45:00+00:00,256.8299865722656,257.1239929199219,256.07000732421875,256.25,550330,256.7015715789795,256.95840156555175
2026-01-29 14:50:00+00:00,257.3699951171875,257.3699951171875,256.67999267578125,256.7900085449219,419338,257.2413101196289,257.4986801147461
2026-01-29 14:55:00+00:00,256.79998779296875,257.6600036621094,256.67999267578125,257.3599853515625,428585,256.67158779907226,256.92838778686524
2026-01-29 15:00:00+00:00,256.2749938964844,256.82000732421875,255.86000061035156,256.80999755859375,517549,256.14685639953615,256.4031313934326
2026-01-29 15:05:00+00:00,255.83999633789062,256.2699890136719,255.5399932861328,256.2699890136719,359808,255.7120763397217,255.96791633605955
2026-01-29 15:10:00+00:00,256.3299865722656,256.510009765625,255.49000549316406,255.86000061035156,532615,256.2018215789795,256.45815156555176
2026-01-29 15:15:00+00:00,256.67498779296875,256.9599914550781,256.364990234375,256.364990234375,365641,256.54665029907227,256.80332528686523
2026-01-29 15:20:00+00:00,257.2900085449219,257.42999267578125,256.6000061035156,256.67999267578125,478897,257.1613635406494,257.41865354919435
2026-01-29 15:25:00+00:00,256.8999938964844,257.69000244140625,256.8599853515625,257.32000732421875,471291,256.77154389953614,257.0284438934326
2026-01-29 15:30:00+00:00,256.1217041015625,257.0400085449219,256.0799865722656,256.8900146484375,343487,255.99364324951173,256.2497649536133
2026-01-29 15:35:00+00:00,255.83999633789062,256.2200012207031,255.67999267578125,256.1199951171875,388975,255.7120763397217,255.96791633605955
2026-01-29 15:40:00+00:00,255.13999938964844,255.86000061035156,254.7899932861328,255.86000061035156,592160,255.01242938995364,255.26756938934324
2026-01-29 15:45:00+00:00,254.72000122070312,255.33999633789062,254.61000061035156,255.13999938964844,393512,254.5926412200928,254.84736122131346
2026-01-29 15:50:00+00:00,255.04110717773438,255.17999267578125,254.41000366210938,254.7100067138672,428563,254.91358662414552,255.16862773132323
2026-01-29 15:55:00+00:00,255.4550018310547,255.91000366210938,254.92999267578125,255.05999755859375,406156,255.32727433013918,255.5827293319702
2026-01-29 16:00:00+00:00,255.05999755859375,255.55999755859375,254.89999389648438,255.4499969482422,401987,254.93246755981446,255.18752755737304
2026-01-29 16:05:00+00:00,255.78500366210938,255.9199981689453,255.00999450683594,255.05499267578125,358408,255.65711116027833,255.91289616394042
2026-01-29 16:10:00+00:00,255.86000061035156,256.1300048828125,255.5399932861328,255.77000427246094,345013,255.7320706100464,255.98793061065672
2026-01-29 16:15:00+00:00,255.91000366210938,256.010009765625,255.39999389648438,255.8800048828125,344621,255.78204866027832,256.0379586639404
2026-01-29 16:20:00+00:00,256.1300048828125,256.4100036621094,255.86000061035156,255.91000366210938,456869,256.0019398803711,256.2580698852539
2026-01-29 16:25:00+00:00,256.1700134277344,256.31500244140625,255.85009765625,256.1600036621094,342138,256.04192842102054,256.2980984344482
2026-01-29 16:30:00+00:00,255.63009643554688,256.3299865722656,255.63009643554688,256.1300048828125,314556,255.5022813873291,255.75791148376464
2026-01-29 16:35:00+00:00,255.77000427246094,255.8699951171875,255.39500427246094,255.61000061035156,273457,255.6421192703247,255.89788927459716
2026-01-29 16:40:00+00:00,255.59010314941406,255.84500122070312,255.5,255.76499938964844,248334,255.46230809783938,255.71789820098874
2026-01-29 16:45:00+00:00,255.51010131835938,255.77000427246094,255.3800048828125,255.63999938964844,300674,255.3823462677002,255.63785636901855
2026-01-29 16:50:00+00:00,255.3300018310547,255.64999389648438,255.22999572753906,255.52999877929688,222986,255.2023368301392,255.4576668319702
2026-01-29 16:55:00+00:00,255.38999938964844,255.52999877929688,255.1199951171875,255.3350067138672,174905,255.26230438995364,255.51769438934323
2026-01-29 17:00:00+00:00,255.9600067138672,256.2799987792969,255.34500122070312,255.39999389648438,265785,255.83202671051026,256.0879867172241
2026-01-29 17:05:00+00:00,256.0299987792969,256.1099853515625,255.68080139160156,256.0,225710,255.90198377990725,256.1580137786865
2026-01-29 17:10:00+00:00,256.54998779296875,256.7550048828125,255.97500610351562,256.0,257827,256.4217127990723,256.6782627868652
2026-01-29 17:15:00+00:00,256.2926025390625,256.67498779296875,256.010009765625,256.55999755859375,290586,256.164456237793,256.420748840332
2026-01-29 17:20:00+00:00,256.6499938964844,256.7699890136719,256.32000732421875,256.3599853515625,388958,256.52166889953617,256.7783188934326
2026-01-29 17:25:00+00:00,257.2200012207031,257.4100036621094,256.6600036621094,256.6600036621094,560802,257.09139122009276,257.3486112213135
2026-01-29 17:30:00+00:00,257.3900146484375,257.4700012207031,257.1600036621094,257.20001220703125,366339,257.2613196411133,257.5187096557617
2026-01-29 17:35:00+00:00,257.25,257.6700134277344,257.1600036621094,257.3800048828125,315919,257.121375,257.378625
2026-01-29 17:40:00+00:00,257.05999755859375,257.25,256.8500061035156,257.25,231116,256.93146755981445,257.18852755737305
2026-01-29 17:45:00+00:00,256.9200134277344,257.20001220703125,256.7300109863281,257.05999755859375,256666,256.7915534210205,257.0484734344482
2026-01-29 17:50:00+00:00,256.7569885253906,256.92999267578125,256.54998779296875,256.9100036621094,405380,256.62861003112795,256.8853670196533
2026-01-29 17:55:00+00:00,256.93499755859375,257.0400085449219,256.7300109863281,256.80499267578125,319949,256.80653005981446,257.06346505737304
2026-01-29 18:00:00+00:00,257.05499267578125,257.2900085449219,256.6400146484375,256.9800109863281,169449,256.92646517944337,257.18352017211913
2026-01-29 18:05:00+00:00,256.9599914550781,257.2699890136719,256.7900085449219,257.05999755859375,203893,256.8315114593506,257.0884714508056
2026-01-29 18:10:00+00:00,256.95001220703125,257.1549987792969,256.860595703125,256.9599914550781,357811,256.82153720092776,257.07848721313474
2026-01-29 18:15:00+00:00,256.8599853515625,257.0400085449219,256.7300109863281,256.92999267578125,183131,256.73155535888674,256.98841534423826
2026-01-29 18:20:00+00:00,257.05999755859375,257.1000061035156,256.7699890136719,256.8900146484375,188150,256.93146755981445,257.18852755737305
2026-01-29 18:25:00+00:00,257.3800048828125,257.4599914550781,257.0,257.0299987792969,234916,257.2513148803711,257.5086948852539
2026-01-29 18:30:00+00:00,257.57000732421875,257.57000732421875,257.17999267578125,257.364990234375,301797,257.4412223205567,257.6987923278808
2026-01-29 18:35:00+00:00,257.8599853515625,257.989990234375,257.53009033203125,257.55999755859375,325922,257.73105535888675,257.98891534423825
2026-01-29 18:40:00+00:00,257.6200866699219,258.0299987792969,257.552001953125,257.8699035644531,286809,257.4912766265869,257.74889671325684
2026-01-29 18:45:00+00:00,257.468994140625,257.6400146484375,257.3127136230469,257.6300048828125,196883,257.3402596435547,257.5977286376953
2026-01-29 18:50:00+00:00,257.2225036621094,257.5400085449219,257.17999267578125,257.4700012207031,236061,257.09389241027833,257.3511149139404
2026-01-29 18:55:00+00:00,257.3299865722656,257.45001220703125,257.1600036621094,257.2300109863281,201666,257.2013215789795,257.45865156555175
2026-01-29 19:00:00+00:00,257.30999755859375,257.5299072265625,257.2200012207031,257.3399963378906,277175,257.1813425598145,257.438652557373
2026-01-29 19:05:00+00:00,257.6400146484375,257.7200012207031,257.30999755859375,257.32000732421875,211910,257.5111946411133,257.7688346557617
2026-01-29 19:10:00+00:00,257.80999755859375,257.8800048828125,257.5950012207031,257.6400146484375,209646,257.6810925598145,257.938902557373
2026-01-29 19:15:00+00:00,257.9599914550781,258.1000061035156,257.7799987792969,257.81280517578125,241776,257.8310114593506,258.0889714508057
2026-01-29 19:20:00+00:00,258.1199951171875,258.1816101074219,257.94000244140625,257.95001220703125,301157,257.99093511962894,258.24905511474606
2026-01-29 19:25:00+00:00,258.1449890136719,258.17999267578125,258.0199890136719,258.1199951171875,288224,258.01591651916505,258.2740615081787
2026-01-29 19:30:00+00:00,258.29998779296875,258.32000732421875,258.0400085449219,258.1449890136719,344061,258.1708377990723,258.4291377868652
2026-01-29 19:35:00+00:00,258.0508117675781,258.3900146484375,257.9501037597656,258.30999755859375,335854,257.92178636169433,258.1798371734619
2026-01-29 19:40:00+00:00,258.0299987792969,258.1499938964844,257.8999938964844,258.0899963378906,263748,257.9009837799072,258.15901377868653
2026-01-29 19:45:00+00:00,257.8900146484375,258.07989501953125,257.7401123046875,258.0299987792969,242013,257.7610696411133,258.0189596557617
2026-01-29 19:50:00+00:00,257.94500732421875,257.9800109863281,257.8399963378906,257.9049987792969,243707,257.81603482055664,258.07397982788086
2026-01-29 19:55:00+00:00,257.9200134277344,258.07501220703125,257.8699951171875,257.94000244140625,327402,257.79105342102054,258.0489734344482
2026-01-29 20:00:00+00:00,258.04998779296875,258.2218933105469,257.83990478515625,257.92498779296875,317405,257.9209627990723,258.1790127868652
2026-01-29 20:05:00+00:00,258.4898986816406,258.5199890136719,257.9700012207031,258.04998779296875,398642,258.3606537322998,258.61914363098145
2026-01-29 20:10:00+00:00,258.19000244140625,258.5050048828125,258.1000061035156,258.4849853515625,418963,258.0609074401856,258.3190974426269
2026-01-29 20:15:00+00:00,258.5299987792969,258.5400085449219,258.1400146484375,258.1899108886719,498519,258.4007337799072,258.6592637786865
2026-01-29 20:20:00+00:00,258.32501220703125,258.5683898925781,258.2799987792969,258.5299987792969,499537,258.19584970092774,258.45417471313476
2026-01-29 20:25:00+00:00,258.2950134277344,258.4700012207031,258.2699890136719,258.3299865722656,350990,258.1658659210205,258.42416093444825
2026-01-29 20:30:00+00:00,258.1400146484375,258.375,257.9100036621094,258.30999755859375,539685,258.01094464111327,258.26908465576173
2026-01-29 20:35:00+00:00,258.3345947265625,258.45001220703125,258.1000061035156,258.1449890136719,490198,258.20542742919923,258.46376202392577
2026-01-29 20:40:00+00:00,258.44000244140625,258.5400085449219,258.2799987792969,258.33990478515625,423169,258.31078244018556,258.56922244262694
2026-01-29 20:45:00+00:00,258.6700134277344,258.69989013671875,258.2749938964844,258.43499755859375,627561,258.5406784210205,258.79934843444823
2026-01-29 20:50:00+00:00,258.6400146484375,259.3500061035156,258.610107421875,258.6700134277344,1253564,258.5106946411133,258.7693346557617
2026-01-29 20:55:00+00:00,258.17498779296875,258.6700134277344,257.75,258.6300048828125,2503586,258.0459002990723,258.3040752868652
2026-01-30 14:30:00+00:00,254.0,256.9599914550781,252.17999267578125,255.1649932861328,7888418,253.87300000000002,254.12699999999998
2026-01-30 14:35:00+00:00,255.09500122070312,255.57000732421875,253.82000732421875,254.0,1244251,254.96745372009278,255.22254872131347
2026-01-30 14:40:00+00:00,253.5399932861328,255.21749877929688,252.9600067138672,255.13900756835938,1204197,253.41322328948976,253.66676328277586
2026-01-30 14:45:00+00:00,254.21499633789062,254.25509643554688,252.72999572753906,253.50039672851562,1155774,254.0878888397217,254.34210383605955
2026-01-30 14:50:00+00:00,254.96499633789062,255.13999938964844,253.61000061035156,254.1627960205078,957918,254.83751383972168,255.09247883605957
2026-01-30 14:55:00+00:00,256.2900085449219,256.3900146484375,254.77000427246094,254.9499969482422,962229,256.16186354064945,256.4181535491943
2026-01-30 15:00:00+00:00,256.0050048828125,257.1885986328125,255.94000244140625,256.29998779296875,1193753,255.8770023803711,256.1330073852539
2026-01-30 15:05:00+00:00,256.8450012207031,257.55999755859375,255.86000061035156,255.97000122070312,725544,256.7165787200928,256.97342372131345
2026-01-30 15:10:00+00:00,258.2699890136719,258.3599853515625,256.5799865722656,256.8210144042969,840012,258.14085401916503,258.3991240081787
2026-01-30 15:15:00+00:00,257.010009765625,258.70001220703125,256.9100036621094,258.2749938964844,844359,256.8815047607422,257.1385147705078
2026-01-30 15:20:00+00:00,256.8599853515625,257.2900085449219,256.55999755859375,257.0,549924,256.73155535888674,256.98841534423826
2026-01-30 15:25:00+00:00,254.0,256.95001220703125,253.92999267578125,256.8251037597656,844915,253.87300000000002,254.12699999999998
2026-01-30 15:30:00+00:00,254.9199981689453,254.9499969482422,253.69500732421875,254.0800018310547,595102,254.79253816986085,255.04745816802978
2026-02-02 19:00:00+00:00,267.0299987792969,267.0950012207031,266.6199951171875,266.7900085449219,6136247,266.8964837799072,267.16351377868654
2026-02-02 19:05:00+00:00,266.9849853515625,267.135009765625,266.8999938964844,267.018798828125,418789,266.85149285888673,267.11847784423827
2026-02-02 19:10:00+00:00,267.1199951171875,267.1300048828125,266.92999267578125,266.9800109863281,303291,266.98643511962894,267.25355511474606
2026-02-02 19:15:00+00:00,266.9599914550781,267.2699890136719,266.8299865722656,267.1099853515625,450040,266.8265114593506,267.0934714508056
2026-02-02 19:20:00+00:00,267.20001220703125,267.2799987792969,266.760009765625,266.95001220703125,374401,267.06641220092774,267.33361221313476
2026-02-02 19:25:00+00:00,267.17999267578125,267.3500061035156,267.05999755859375,267.2200927734375,307875,267.04640267944336,267.31358267211914
2026-02-02 19:30:00+00:00,267.1000061035156,267.44000244140625,266.9100036621094,267.125,455187,266.96645610046386,267.2335561065674
2026-02-02 19:35:00+00:00,266.94000244140625,267.25,266.8999938964844,267.1000061035156,257199,266.80653244018555,267.07347244262695
2026-02-02 19:40:00+00:00,267.2850036621094,267.3500061035156,266.82000732421875,266.94000244140625,374026,267.1513611602783,267.4186461639404
2026-02-02 19:45:00+00:00,267.739990234375,267.79998779296875,267.2300109863281,267.3099060058594,425664,267.60612023925785,267.87386022949215
2026-02-02 19:50:00+00:00,267.9700927734375,268.1099853515625,267.4599914550781,267.7449951171875,419976,267.8361077270508,268.1040778198242
2026-02-02 19:55:00+00:00,268.0,268.2799987792969,267.92999267578125,268.0,543683,267.86600000000004,268.13399999999996
2026-02-02 20:00:00+00:00,268.8500061035156,268.94000244140625,267.85089111328125,268.0,880763,268.7155811004639,268.98443110656734
2026-02-02 20:05:00+00:00,269.1300048828125,269.56988525390625,268.8299865722656,268.8424072265625,891320,268.9954398803711,269.2645698852539
2026-02-02 20:10:00+00:00,268.54998779296875,269.3399963378906,268.4599914550781,269.1600036621094,564655,268.41571279907225,268.68426278686525
2026-02-02 20:15:00+00:00,268.4585876464844,268.6300048828125,268.30999755859375,268.54998779296875,331975,268.32435835266114,268.5928169403076
2026-02-02 20:20:00+00:00,268.9849853515625,268.989990234375,268.3399963378906,268.4898986816406,432588,268.85049285888675,269.11947784423825
2026-02-02 20:25:00+00:00,268.9800109863281,269.3999938964844,268.70001220703125,268.989990234375,533132,268.845520980835,269.1145009918213
2026-02-02 20:30:00+00:00,269.25,269.4200134277344,268.8399963378906,268.9750061035156,498332,269.11537500000003,269.38462499999997
2026-02-02 20:35:00+00:00,269.25,269.45001220703125,268.94500732421875,269.25,596445,269.11537500000003,269.38462499999997
2026-02-02 20:40:00+00:00,269.45001220703125,269.7099914550781,269.17999267578125,269.239990234375,622566,269.31528720092774,269.58473721313476
2026-02-02 20:45:00+00:00,269.875,270.0,269.3999938964844,269.4200134277344,973063,269.7400625,270.0099375
2026-02-02 20:50:00+00:00,270.0,270.489990234375,269.57000732421875,269.875,1437763,269.865,270.135
2026-02-02 20:55:00+00:00,269.9599914550781,270.2300109863281,269.875,269.9800109863281,1903185,269.8250114593506,270.09497145080564
2026-02-03 14:30:00+00:00,269.4700012207031,270.3299865722656,268.510009765625,269.1300048828125,2181584,269.33526622009276,269.6047362213135
2026-02-03 14:35:00+00:00,268.6199951171875,269.67999267578125,268.1282958984375,269.4649963378906,643243,268.4856851196289,268.7543051147461
2026-02-03 14:40:00+00:00,268.2099914550781,269.05999755859375,267.69000244140625,268.5799865722656,550976,268.0758864593506,268.34409645080564
2026-02-03 14:45:00+00:00,269.7650146484375,269.8500061035156,268.1400146484375,268.2300109863281,541198,269.6301321411133,269.8998971557617
2026-02-03 14:50:00+00:00,270.918212890625,270.9700012207031,269.3901062011719,269.739990234375,761742,270.7827537841797,271.0536719970703
2026-02-03 14:55:00+00:00,270.3606872558594,271.5799865722656,270.260009765625,270.95001220703125,998367,270.2255069122315,270.49586759948727
2026-02-03 15:00:00+00:00,269.69000244140625,270.6700134277344,269.3299865722656,270.385009765625,729269,269.55515744018555,269.82484744262695
2026-02-03 15:05:00+00:00,269.5497131347656,269.94000244140625,269.04998779296875,269.6400146484375,500856,269.41493827819824,269.684487991333
2026-02-03 15:10:00+00:00,268.95001220703125,269.7300109863281,268.7049865722656,269.510009765625,373393,268.81553720092774,269.08448721313476
2026-02-03 15:15:00+00:00,268.6400146484375,269.3999938964844,268.38128662109375,268.95001220703125,530408,268.5056946411133,268.7743346557617
2026-02-03 15:20:00+00:00,268.6499938964844,269.3599853515625,268.45001220703125,268.67999267578125,411286,268.51566889953614,268.7843188934326
2026-02-03 15:25:00+00:00,269.885009765625,270.010009765625,268.60009765625,268.6400146484375,810491,269.7500672607422,270.0199522705078
2026-02-03 15:30:00+00:00,268.3900146484375,269.96551513671875,268.3599853515625,269.8500061035156,467304,268.2558196411133,268.5242096557617
2026-02-03 15:35:00+00:00,268.1400146484375,268.6099853515625,267.94000244140625,268.375,360789,268.0059446411133,268.2740846557617
2026-02-03 15:40:00+00:00,268.4200134277344,268.5199890136719,267.6099853515625,268.1099853515625,398309,268.28580342102055,268.5542234344482
2026-02-03 15:45:00+00:00,268.82000732421875,269.1300048828125,268.2900085449219,268.4100036621094,380834,268.68559732055667,268.95441732788083
2026-02-03 15:50:00+00:00,269.3299865722656,269.3500061035156,268.67999267578125,268.840087890625,425206,269.19532157897953,269.4646515655517
2026-02-03 15:55:00+00:00,271.07000732421875,271.1400146484375,269.30999755859375,269.32000732421875,722631,270.93447232055667,271.20554232788083
2026-02-03 16:00:00+00:00,270.4800109863281,271.2850036621094,270.45001220703125,271.0799865722656,653944,270.344770980835,270.61525099182126
2026-02-03 16:05:00+00:00,270.1050109863281,270.9700012207031,270.0799865722656,270.489990234375,331452,269.969958480835,270.2400634918213
2026-02-03 16:10:00+00:00,270.0849914550781,270.6400146484375,269.9700012207031,270.1099853515625,433660,269.9499489593506,270.22003395080566
2026-02-03 16:15:00+00:00,270.3900146484375,270.510009765625,269.7900085449219,270.0849914550781,605679,270.2548196411133,270.5252096557617
2026-02-03 16:20:00+00:00,269.4339904785156,270.5899963378906,269.25250244140625,270.3450012207031,310972,269.2992734832764,269.56870747375484
2026-02-03 16:25:00+00:00,268.8949890136719,269.4800109863281,268.7900085449219,269.4700012207031,244249,268.76054151916503,269.0294365081787
2026-02-03 16:30:00+00:00,269.54998779296875,269.6099853515625,268.54998779296875,268.8999938964844,291924,269.41521279907226,269.68476278686524
2026-02-03 16:35:00+00:00,270.2250061035156,270.25,269.4515075683594,269.56500244140625,449417,270.0898936004639,270.36011860656737
2026-02-03 16:40:00+00:00,269.7349853515625,270.5,269.7200927734375,270.2099914550781,750436,269.60011785888673,269.86985284423827
2026-02-03 16:45:00+00:00,269.6499938964844,269.9800109863281,269.5950012207031,269.760009765625,232872,269.51516889953615,269.7848188934326
2026-02-03 16:50:00+00:00,268.8699951171875,269.6300048828125,268.8699951171875,269.6199951171875,264467,268.73556011962893,269.00443011474607
2026-02-03 16:55:00+00:00,268.9599914550781,269.0,268.7803039550781,268.85009765625,172151,268.8255114593506,269.09447145080566
2026-02-03 17:00:00+00:00,269.2799987792969,269.3489074707031,268.8500061035156,268.94000244140625,284230,269.14535877990727,269.4146387786865
2026-02-03 17:05:00+00:00,269.58331298828125,269.7799987792969,269.0,269.24029541015625,343302,269.4485213317871,269.7181046447754
2026-02-03 17:10:00+00:00,268.9200134277344,269.739990234375,268.6400146484375,269.5799865722656,354566,268.7855534210205,269.05447343444825
2026-02-03 17:15:00+00:00,268.69000244140625,269.3399963378906,268.6700134277344,268.8399963378906,295920,268.55565744018554,268.82434744262696
2026-02-03 17:20:00+00:00,268.69000244140625,268.82000732421875,268.2900085449219,268.6499938964844,270120,268.55565744018554,268.82434744262696
2026-02-03 17:25:00+00:00,268.8999938964844,269.0400085449219,268.6700134277344,268.7200012207031,267623,268.76554389953617,269.0344438934326
2026-02-03 17:30:00+00:00,268.8550109863281,269.3800048828125,268.7550048828125,268.8900146484375,355164,268.720583480835,268.98943849182126
2026-02-03 17:35:00+00:00,269.4164123535156,269.4549865722656,268.79998779296875,268.8699951171875,471834,269.28170414733887,269.5511205596924
2026-02-03 17:40:00+00:00,269.44000244140625,269.5450134277344,268.9800109863281,269.4346923828125,349808,269.3052824401856,269.5747224426269
2026-02-03 17:45:00+00:00,269.3999938964844,269.5299987792969,269.010009765625,269.385009765625,352454,269.2652938995362,269.5346938934326
2026-02-03 17:50:00+00:00,269.6099853515625,270.0,269.3699951171875,269.3999938964844,274223,269.47518035888675,269.74479034423825
2026-02-03 17:55:00+00:00,269.6300048828125,269.8900146484375,269.5400085449219,269.6199951171875,215859,269.49518988037113,269.76481988525387
2026-02-03 18:00:00+00:00,269.92999267578125,270.0950012207031,269.67999267578125,269.67999267578125,258934,269.79502767944336,270.06495767211914
2026-02-03 18:05:00+00:00,269.92999267578125,270.3699951171875,269.6300048828125,269.9649963378906,292815,269.79502767944336,270.06495767211914
2026-02-03 18:10:00+00:00,269.385009765625,269.9800109863281,269.32000732421875,269.9200134277344,203330,269.2503172607422,269.5197022705078
2026-02-03 18:15:00+00:00,269.8500061035156,269.9200134277344,269.3399963378906,269.3500061035156,251217,269.71508110046386,269.9849311065674
2026-02-03 18:20:00+00:00,269.6449890136719,269.9800109863281,269.510009765625,269.8399963378906,267613,269.51016651916507,269.7798115081787
2026-02-03 18:25:00+00:00,269.3399963378906,269.67999267578125,268.94000244140625,269.6400146484375,298801,269.2053263397217,269.47466633605956
2026-02-03 18:30:00+00:00,269.19000244140625,269.5899963378906,269.1199951171875,269.3349914550781,289913,269.05540744018555,269.32459744262695
2026-02-03 18:35:00+00:00,269.6499938964844,269.6499938964844,268.8500061035156,269.19500732421875,265402,269.51516889953615,269.7848188934326
2026-02-03 18:40:00+00:00,269.5249938964844,269.69000244140625,269.25,269.635009765625,348257,269.39023139953616,269.6597563934326
2026-02-03 18:45:00+00:00,270.2300109863281,270.2698974609375,269.3699951171875,269.5249938964844,261450,270.09489598083496,270.3651259918213
2026-02-03 18:50:00+00:00,270.3299865722656,270.3446044921875,269.95001220703125,270.2268981933594,306886,270.1948215789795,270.46515156555176
2026-02-03 18:55:00+00:00,270.25,270.57000732421875,270.0299987792969,270.3299865722656,307557,270.11487500000004,270.38512499999996
2026-02-03 19:00:00+00:00,270.2267150878906,270.489990234375,270.05499267578125,270.25,329127,270.09160173034667,270.3618284454346
2026-02-03 19:05:00+00:00,270.0899963378906,270.2900085449219,269.9200134277344,270.2012939453125,329591,269.9549513397217,270.2250413360596
2026-02-03 19:10:00+00:00,270.8399963378906,270.9800109863281,270.0199890136719,270.07000732421875,650141,270.7045763397217,270.97541633605954
2026-02-03 19:15:00+00:00,271.31500244140625,271.3699035644531,270.6099853515625,270.82000732421875,425192,271.17934494018556,271.45065994262694
2026-02-03 19:20:00+00:00,271.3599853515625,271.875,271.2699890136719,271.31500244140625,542522,271.22430535888674,271.49566534423826
2026-02-03 19:25:00+00:00,271.4800109863281,271.5899963378906,271.2149963378906,271.3599853515625,370113,271.34427098083495,271.6157509918213
2026-02-03 19:30:00+00:00,271.2900085449219,271.70001220703125,271.25,271.4700012207031,241390,271.15436354064946,271.4256535491943
2026-02-03 19:35:00+00:00,270.95989990234375,271.4880065917969,270.82000732421875,271.2699890136719,254036,270.8244199523926,271.0953798522949
2026-02-03 19:40:00+00:00,270.95001220703125,271.1700134277344,270.6650085449219,270.9200134277344,286814,270.81453720092776,271.08548721313474
2026-02-03 19:45:00+00:00,270.8399963378906,271.0400085449219,270.57000732421875,270.9599914550781,273959,270.7045763397217,270.97541633605954
2026-02-03 19:50:00+00:00,270.56500244140625,271.1600036621094,270.40008544921875,270.84991455078125,383497,270.4297199401856,270.7002849426269
2026-02-03 19:55:00+00:00,270.0,270.7463073730469,269.95001220703125,270.56988525390625,243809,269.865,270.135
2026-02-03 20:00:00+00:00,269.3102111816406,270.239990234375,269.2799987792969,269.9700012207031,281647,269.1755560760498,269.44486628723143
2026-02-03 20:05:00+00:00,268.9451904296875,269.4198913574219,268.6700134277344,269.2699890136719,463752,268.81071783447265,269.07966302490235
2026-02-03 20:10:00+00:00,269.8299865722656,269.8699951171875,268.8599853515625,268.9200134277344,306237,269.6950715789795,269.96490156555177
2026-02-03 20:15:00+00:00,268.95001220703125,269.8399963378906,268.95001220703125,269.8399963378906,280894,268.81553720092774,269.08448721313476
2026-02-03 20:20:00+00:00,269.20001220703125,269.489990234375,268.80999755859375,268.95001220703125,213458,269.06541220092777,269.33461221313473
2026-02-03 20:25:00+00:00,269.2099914550781,269.6040954589844,269.1499938964844,269.20989990234375,219277,269.0753864593506,269.3445964508056
2026-02-03 20:30:00+00:00,269.8349914550781,269.8399963378906,269.2149963378906,269.2149963378906,354210,269.7000739593506,269.96990895080563
2026-02-03 20:35:00+00:00,269.6000061035156,270.04998779296875,269.5299987792969,269.8349914550781,381498,269.4652061004639,269.73480610656736
2026-02-03 20:40:00+00:00,269.4100036621094,269.7869873046875,269.29998779296875,269.6000061035156,323207,269.27529866027834,269.5447086639404
2026-02-03 20:45:00+00:00,269.4200134277344,269.69000244140625,269.1400146484375,269.4200134277344,273843,269.2853034210205,269.55472343444825
2026-02-03 20:50:00+00:00,269.0799865722656,270.0,268.8399963378906,269.489990234375,519154,268.9454465789795,269.21452656555175
2026-02-03 20:55:00+00:00,269.4599914550781,269.7650146484375,268.9200134277344,269.0799865722656,1196173,269.3252614593506,269.59472145080565
2026-02-04 14:30:00+00:00,274.614990234375,274.8299865722656,272.2850036621094,272.30999755859375,2686140,274.47768273925783,274.75229772949217
2026-02-04 14:35:00+00:00,275.57501220703125,276.1899108886719,274.5400085449219,274.6300048828125,1601827,275.43722470092774,275.71279971313476
2026-02-04 14:40:00+00:00,276.5799865722656,277.0599060058594,275.06500244140625,275.5799865722656,1116810,276.44169657897953,276.7182765655517
2026-02-04 14:45:00+00:00,277.6400146484375,277.70001220703125,276.55999755859375,276.5950012207031,1266898,277.5011946411133,277.7788346557617
2026-02-04 14:50:00+00:00,278.0799865722656,278.125,276.9649963378906,277.6400146484375,1978770,277.9409465789795,278.21902656555176
2026-02-04 14:55:00+00:00,277.4700012207031,278.80999755859375,277.3299865722656,278.1099853515625,1260919,277.3312662200928,277.60873622131345
2026-02-04 15:00:00+00:00,276.2799987792969,277.5899963378906,275.7018127441406,277.4800109863281,1069885,276.14185877990724,276.4181387786865
2026-02-04 15:05:00+00:00,276.6600036621094,277.17999267578125,276.04998779296875,276.2900085449219,789117,276.52167366027834,276.7983336639404
2026-02-04 15:10:00+00:00,274.8999938964844,276.70001220703125,274.80999755859375,276.6700134277344,768602,274.7625438995361,275.0374438934326
2026-02-04 15:15:00+00:00,275.6700134277344,275.760009765625,274.55010986328125,274.8999938964844,721985,275.53217842102055,275.8078484344482
2026-02-04 15:20:00+00:00,275.739990234375,275.9200134277344,275.32000732421875,275.6600036621094,551733,275.60212023925783,275.87786022949217
2026-02-04 15:25:00+00:00,276.1000061035156,276.2799072265625,275.2900085449219,275.739990234375,550483,275.9619561004639,276.23805610656734
2026-02-04 15:30:00+00:00,276.239990234375,276.4800109863281,275.5899963378906,276.125,536317,276.10187023925783,276.37811022949217
2026-02-04 15:35:00+00:00,275.7200012207031,276.55999755859375,275.6700134277344,276.239990234375,648742,275.5821412200928,275.85786122131344
2026-02-04 15:40:00+00:00,275.82000732421875,276.1300048828125,275.29998779296875,275.6600036621094,549320,275.68209732055664,275.95791732788086
2026-02-04 15:45:00+00:00,276.4200134277344,276.6199951171875,275.5799865722656,275.7950134277344,427092,276.2818034210205,276.5582234344482
2026-02-04 15:50:00+00:00,276.9800109863281,277.0,276.0,276.3999938964844,523166,276.84152098083496,277.1185009918213
2026-02-04 15:55:00+00:00,277.1099853515625,277.3900146484375,276.5,276.9800109863281,627334,276.9714303588867,277.2485403442383
2026-02-04 16:00:00+00:00,276.3301086425781,277.3096923828125,276.2300109863281,277.0950012207031,424631,276.19194358825683,276.4682736968994
2026-02-04 16:05:00+00:00,276.0899963378906,276.5199890136719,275.9599914550781,276.3399963378906,464381,275.9519513397217,276.22804133605956
2026-02-04 16:10:00+00:00,276.6499938964844,276.8500061035156,276.0,276.04998779296875,454949,276.5116688995362,276.7883188934326
2026-02-04 16:15:00+00:00,276.07000732421875,276.885009765625,275.9949951171875,276.6449890136719,356621,275.93197232055667,276.20804232788083
2026-02-04 16:20:00+00:00,276.7850036621094,276.7950134277344,276.0400085449219,276.04998779296875,422638,276.6466111602783,276.9233961639404
2026-02-04 16:25:00+00:00,277.21380615234375,277.29998779296875,276.739990234375,276.7900085449219,465857,277.0751992492676,277.3524130554199
2026-02-04 16:30:00+00:00,276.32000732421875,277.260009765625,276.2950134277344,277.1935119628906,335257,276.18184732055664,276.45816732788086
2026-02-04 16:35:00+00:00,276.1199951171875,276.75,276.0799865722656,276.3299865722656,331467,275.98193511962893,276.25805511474607
2026-02-04 16:40:00+00:00,275.5199890136719,276.2200012207031,275.2900085449219,276.1200866699219,354653,275.38222901916504,275.6577490081787
2026-02-04 16:45:00+00:00,274.57000732421875,275.70001220703125,274.3699951171875,275.5299987792969,752338,274.43272232055665,274.70729232788085
2026-02-04 16:50:00+00:00,274.32000732421875,274.79998779296875,274.13751220703125,274.5799865722656,764081,274.1828473205567,274.4571673278808
2026-02-04 16:55:00+00:00,274.9649963378906,274.989990234375,273.8999938964844,274.3299865722656,409314,274.8275138397217,275.10247883605956
2026-02-04 17:00:00+00:00,276.1199951171875,276.3699951171875,274.9010009765625,274.95001220703125,593523,275.98193511962893,276.25805511474607
2026-02-04 17:05:00+00:00,275.8900146484375,276.3699035644531,275.7900085449219,276.1199951171875,385877,275.7520696411133,276.0279596557617
2026-02-04 17:10:00+00:00,276.489990234375,276.5799865722656,275.7799987792969,275.8599853515625,396181,276.3517452392578,276.6282352294922
2026-02-04 17:15:00+00:00,275.9599914550781,276.6000061035156,275.8999938964844,276.5198974609375,285952,275.8220114593506,276.09797145080563
2026-02-04 17:20:00+00:00,275.8800048828125,276.125,275.67999267578125,275.9599914550781,280557,275.7420648803711,276.0179448852539
2026-02-04 17:25:00+00:00,275.25,275.95001220703125,274.5450134277344,275.8949890136719,768704,275.11237500000004,275.38762499999996
2026-02-04 17:30:00+00:00,274.8500061035156,276.114990234375,274.84710693359375,275.2699890136719,684607,274.71258110046386,274.9874311065674
2026-02-04 17:35:00+00:00,274.1099853515625,274.8500061035156,274.0299987792969,274.8475036621094,436378,273.97293035888674,274.24704034423826
2026-02-04 17:40:00+00:00,274.8500061035156,274.92999267578125,273.8900146484375,274.125,640215,274.71258110046386,274.9874311065674
2026-02-04 17:45:00+00:00,274.0,274.95001220703125,273.75,274.8299865722656,458365,273.863,274.137
2026-02-04 17:50:00+00:00,274.4700012207031,274.4700012207031,273.68499755859375,273.9700012207031,345011,274.33276622009276,274.6072362213135
2026-02-04 17:55:00+00:00,274.0849914550781,274.94000244140625,274.0199890136719,274.5,263659,273.9479489593506,274.22203395080567
2026-02-04 18:00:00+00:00,273.364990234375,274.1400146484375,273.1400146484375,274.0899963378906,389622,273.22830773925784,273.50167272949216
2026-02-04 18:05:00+00:00,274.80499267578125,275.0799865722656,273.3399963378906,273.3699951171875,810469,274.6675901794434,274.9423951721191
2026-02-04 18:10:00+00:00,275.1000061035156,275.3550109863281,274.739990234375,274.75,320079,274.9624561004639,275.23755610656735
2026-02-04 18:15:00+00:00,275.17010498046875,275.389892578125,274.9700012207031,275.1015930175781,194355,275.0325199279785,275.307690032959
2026-02-04 18:20:00+00:00,275.3599853515625,275.5,275.0299987792969,275.20001220703125,239210,275.22230535888673,275.49766534423827
2026-02-04 18:25:00+00:00,275.6000061035156,275.70001220703125,275.364990234375,275.3699951171875,290292,275.4622061004639,275.73780610656735
2026-02-04 18:30:00+00:00,275.05999755859375,275.760009765625,274.9700012207031,275.6199951171875,334035,274.9224675598145,275.197527557373
2026-02-04 18:35:00+00:00,275.2449951171875,275.2598876953125,274.9100036621094,275.1199951171875,211557,275.1073726196289,275.3826176147461
2026-02-04 18:40:00+00:00,275.260009765625,275.6400146484375,275.010009765625,275.2143859863281,200978,275.1223797607422,275.3976397705078
2026-02-04 18:45:00+00:00,275.0,275.5,274.989990234375,275.1650085449219,202437,274.8625,275.1375
2026-02-04 18:50:00+00:00,275.4200134277344,275.56549072265625,274.8399963378906,274.989990234375,263051,275.2823034210205,275.55772343444823
2026-02-04 18:55:00+00:00,275.389892578125,275.739990234375,275.30010986328125,275.3988952636719,201670,275.25219763183594,275.52758752441406
2026-02-04 19:00:00+00:00,274.93499755859375,275.4800109863281,274.79998779296875,275.4100036621094,282508,274.79753005981445,275.07246505737305
2026-02-04 19:05:00+00:00,275.07000732421875,275.1683044433594,274.3500061035156,274.9125061035156,460534,274.93247232055666,275.20754232788084
2026-02-04 19:10:00+00:00,275.15728759765625,275.3999938964844,275.0299987792969,275.07000732421875,191258,275.01970895385745,275.29486624145505
2026-02-04 19:15:00+00:00,275.375,275.54998779296875,274.9800109863281,275.1401062011719,184686,275.23731250000003,275.51268749999997
2026-02-04 19:20:00+00:00,275.07000732421875,275.5799865722656,274.989990234375,275.3500061035156,199813,274.93247232055666,275.20754232788084
2026-02-04 19:25:00+00:00,274.9100036621094,275.3699951171875,274.6000061035156,275.06500244140625,396013,274.77254866027835,275.0474586639404
2026-02-04 19:30:00+00:00,275.00079345703125,275.239990234375,274.90008544921875,274.90020751953125,267400,274.86329306030274,275.13829385375976
2026-02-04 19:35:00+00:00,275.0899963378906,275.20001220703125,274.9599914550781,275.010009765625,171050,274.9524513397217,275.2275413360596
2026-02-04 19:40:00+00:00,275.3450012207031,275.4599914550781,275.04998779296875,275.0950012207031,228662,275.2073287200928,275.48267372131346
2026-02-04 19:45:00+00:00,275.3299865722656,275.70001220703125,275.17999267578125,275.3599853515625,428267,275.1923215789795,275.46765156555176
2026-02-04 19:50:00+00:00,275.375,275.7799987792969,275.1400146484375,275.3699951171875,302661,275.23731250000003,275.51268749999997
2026-02-04 19:55:00+00:00,275.1449890136719,275.53399658203125,274.8999938964844,275.3500061035156,402461,275.0074165191651,275.2825615081787
2026-02-04 20:00:00+00:00,275.0400085449219,275.2699890136719,274.8299865722656,275.1400146484375,388878,274.9024885406494,275.17752854919434
2026-02-04 20:05:00+00:00,275.25,275.4599914550781,274.94000244140625,275.0400085449219,418989,275.11237500000004,275.38762499999996
2026-02-04 20:10:00+00:00,275.68499755859375,275.68499755859375,275.239990234375,275.2699890136719,415064,275.5471550598145,275.822840057373
2026-02-04 20:15:00+00:00,276.0899963378906,276.17999267578125,275.60009765625,275.69000244140625,600491,275.9519513397217,276.22804133605956
2026-02-04 20:20:00+00:00,277.2550048828125,277.2699890136719,275.9700012207031,276.09368896484375,679694,277.1163773803711,277.3936323852539
2026-02-04 20:25:00+00:00,277.6099853515625,278.0799865722656,277.20001220703125,277.2699890136719,963389,277.4711803588867,277.7487903442383
2026-02-04 20:30:00+00:00,277.2900085449219,277.75,277.0199890136719,277.6099853515625,841094,277.1513635406494,277.42865354919434
2026-02-04 20:35:00+00:00,277.375,277.7900085449219,277.0,277.2850036621094,687014,277.2363125,277.5136875
2026-02-04 20:40:00+00:00,276.92999267578125,277.45001220703125,276.8500061035156,277.39898681640625,487657,276.7915276794434,277.0684576721191
2026-02-04 20:45:00+00:00,278.29998779296875,278.30999755859375,276.94000244140625,276.95001220703125,893051,278.1608377990723,278.4391377868652
2026-02-04 20:50:00+00:00,277.29998779296875,278.95001220703125,277.29998779296875,278.32000732421875,1796455,277.16133779907227,277.43863778686523
2026-02-04 20:55:00+00:00,276.4599914550781,277.3500061035156,276.3599853515625,277.29998779296875,2607651,276.3217614593506,276.5982214508056
2026-02-05 14:30:00+00:00,276.32000732421875,279.44000244140625,275.7099914550781,278.0199890136719,2663840,276.18184732055664,276.45816732788086
2026-02-05 14:35:00+00:00,274.9750061035156,276.29998779296875,274.5,276.2200012207031,710597,274.8375186004639,275.11249360656734
2026-02-05 14:40:00+00:00,273.6600036621094,275.17999267578125,273.54010009765625,274.9700012207031,686482,273.52317366027836,273.7968336639404
2026-02-05 14:45:00+00:00,275.94500732421875,275.9800109863281,273.2300109863281,273.6549987792969,697185,275.8070348205567,276.0829798278808
2026-02-05 14:50:00+00:00,274.4800109863281,276.69000244140625,274.3999938964844,275.8699951171875,635793,274.342770980835,274.61725099182127
2026-02-05 14:55:00+00:00,274.364990234375,274.4800109863281,273.6499938964844,274.4800109863281,602590,274.22780773925786,274.50217272949214
2026-02-05 15:00:00+00:00,275.5,275.6499938964844,273.6199951171875,274.3599853515625,579199,275.36225,275.63775
2026-02-05 15:05:00+00:00,274.5400085449219,275.6000061035156,274.5400085449219,275.57000732421875,616338,274.4027385406494,274.67727854919434
2026-02-05 15:10:00+00:00,274.5299987792969,275.3194885253906,274.3599853515625,274.5115966796875,334859,274.39273377990725,274.6672637786865
2026-02-05 15:15:00+00:00,275.6549987792969,275.67999267578125,274.4576110839844,274.510009765625,524510,275.51717127990725,275.7928262786865
2026-02-05 15:20:00+00:00,275.875,276.8399963378906,275.4700012207031,275.69000244140625,703911,275.73706250000004,276.01293749999996
2026-02-05 15:25:00+00:00,276.7850036621094,276.8399963378906,275.3399963378906,275.8399963378906,554846,276.6466111602783,276.9233961639404
2026-02-05 15:30:00+00:00,276.4200134277344,277.3999938964844,276.35101318359375,276.7900085449219,568694,276.2818034210205,276.5582234344482
2026-02-05 15:35:00+00:00,276.1200866699219,276.5799865722656,275.510009765625,276.44500732421875,437196,275.9820266265869,276.25814671325685
2026-02-05 15:40:00+00:00,275.9800109863281,276.30999755859375,275.2300109863281,276.1199951171875,325282,275.842020980835,276.11800099182125
2026-02-05 15:45:00+00:00,274.760009765625,276.0799865722656,274.69000244140625,275.9599914550781,331874,274.6226297607422,274.8973897705078
2026-02-05 15:50:00+00:00,274.1780090332031,275.1300048828125,273.9119873046875,274.7601013183594,494923,274.0409200286865,274.31509803771974
2026-02-05 15:55:00+00:00,274.45001220703125,274.6000061035156,273.9599914550781,274.1700134277344,378748,274.31278720092774,274.58723721313476
2026-02-05 16:00:00+00:00,273.6600036621094,274.94000244140625,273.6300048828125,274.45001220703125,432423,273.52317366027836,273.7968336639404
2026-02-05 16:05:00+00:00,273.3900146484375,273.9800109863281,273.3699951171875,273.67498779296875,276171,273.2533196411133,273.5267096557617
2026-02-05 16:10:00+00:00,273.3399963378906,273.8399963378906,273.2900085449219,273.3599853515625,236776,273.2033263397217,273.47666633605957
2026-02-05 16:15:00+00:00,275.25,275.489990234375,273.3399963378906,273.3399963378906,364972,275.11237500000004,275.38762499999996
2026-02-05 16:20:00+00:00,275.3699951171875,276.22039794921875,275.1400146484375,275.32000732421875,366102,275.23231011962895,275.50768011474605
2026-02-05 16:25:00+00:00,275.2200012207031,275.70001220703125,274.9775085449219,275.36700439453125,313188,275.0823912200928,275.35761122131345
2026-02-05 16:30:00+00:00,275.07000732421875,275.3500061035156,274.7950134277344,275.2900085449219,247378,274.93247232055666,275.20754232788084
2026-02-05 16:35:00+00:00,274.8100891113281,275.1700134277344,274.8100891113281,275.0799865722656,291710,274.6726840667725,274.94749415588376
2026-02-05 16:40:00+00:00,274.6650085449219,275.07000732421875,274.6099853515625,274.8500061035156,177032,274.52767604064945,274.8023410491943
2026-02-05 16:45:00+00:00,275.21820068359375,275.21820068359375,274.4750061035156,274.67999267578125,191571,275.080591583252,275.3558097839355
2026-02-05 16:50:00+00:00,275.29998779296875,275.45001220703125,275.0299987792969,275.2099914550781,237987,275.1623377990723,275.4376377868652
2026-02-05 16:55:00+00:00,275.239990234375,275.5,274.92999267578125,275.3949890136719,213872,275.1023702392578,275.3776102294922
2026-02-05 17:00:00+00:00,274.4200134277344,275.20001220703125,274.30999755859375,275.19000244140625,241263,274.2828034210205,274.55722343444825
2026-02-05 17:05:00+00:00,274.2900085449219,274.5411071777344,274.1300048828125,274.4200134277344,158385,274.15286354064943,274.4271535491943
2026-02-05 17:10:00+00:00,274.07000732421875,274.3399963378906,274.010009765625,274.2799987792969,170552,273.93297232055664,274.20704232788086
2026-02-05 17:15:00+00:00,273.7336120605469,274.13800048828125,273.5799865722656,274.0899963378906,180565,273.59674525451663,273.8704788665771
2026-02-05 17:20:00+00:00,274.3900146484375,274.3900146484375,273.5249938964844,273.7101135253906,215343,274.2528196411133,274.5272096557617
2026-02-05 17:25:00+00:00,274.739990234375,274.9599914550781,274.3900146484375,274.3999938964844,206162,274.6026202392578,274.8773602294922
2026-02-05 17:30:00+00:00,274.30999755859375,274.9800109863281,274.260009765625,274.7200012207031,177096,274.17284255981446,274.44715255737304
2026-02-05 17:35:00+00:00,274.4800109863281,274.5199890136719,274.1600036621094,274.31500244140625,150895,274.342770980835,274.61725099182127
2026-02-05 17:40:00+00:00,274.44000244140625,274.7200012207031,274.32000732421875,274.4898986816406,126777,274.3027824401856,274.5772224426269
2026-02-05 17:45:00+00:00,274.2449035644531,274.95001220703125,274.1600036621094,274.4599914550781,140188,274.1077811126709,274.38202601623533
2026-02-05 17:50:00+00:00,274.4599914550781,274.6400146484375,274.07000732421875,274.2349853515625,134912,274.3227614593506,274.59722145080565
2026-02-05 17:55:00+00:00,274.5950012207031,274.6099853515625,274.30999755859375,274.4599914550781,169912,274.4577037200928,274.73229872131344
2026-02-05 18:00:00+00:00,274.19000244140625,274.94000244140625,274.19000244140625,274.5950012207031,163616,274.05290744018555,274.32709744262695
2026-02-05 18:05:00+00:00,274.2518005371094,274.2699890136719,273.9100036621094,274.17999267578125,133096,274.11467463684085,274.3889264373779
2026-02-05 18:10:00+00:00,274.05999755859375,274.5050048828125,274.0450134277344,274.260009765625,140649,273.9229675598145,274.197027557373
2026-02-05 18:15:00+00:00,274.1499938964844,274.25,273.9800109863281,274.06500244140625,102446,274.01291889953615,274.2870688934326
2026-02-05 18:20:00+00:00,274.260009765625,274.3299865722656,274.0199890136719,274.1499938964844,149196,274.1228797607422,274.3971397705078
2026-02-05 18:25:00+00:00,274.32000732421875,274.54998779296875,274.20001220703125,274.29998779296875,175987,274.1828473205567,274.4571673278808
2026-02-05 18:30:00+00:00,274.3299865722656,274.6199951171875,274.1199951171875,274.260009765625,175536,274.19282157897953,274.4671515655517
2026-02-05 18:35:00+00:00,274.3599853515625,274.4100036621094,274.114990234375,274.3389892578125,156118,274.2228053588867,274.4971653442383
2026-02-05 18:40:00+00:00,274.5799865722656,274.8800048828125,274.3283996582031,274.3800048828125,243090,274.4426965789795,274.71727656555174
2026-02-05 18:45:00+00:00,274.7300109863281,274.9100036621094,274.5,274.55999755859375,166277,274.59264598083496,274.8673759918213
2026-02-05 18:50:00+00:00,274.4100036621094,274.67999267578125,274.1972961425781,274.6700134277344,175292,274.27279866027834,274.5472086639404
2026-02-05 18:55:00+00:00,274.9800109863281,275.0,274.2936096191406,274.3949890136719,234496,274.842520980835,275.11750099182126
2026-02-05 19:00:00+00:00,275.4849853515625,275.6600036621094,274.9200134277344,274.989990234375,324016,275.3472428588867,275.6227278442383
2026-02-05 19:05:00+00:00,275.8299865722656,275.8500061035156,275.3301086425781,275.4849853515625,272585,275.6920715789795,275.96790156555176
2026-02-05 19:10:00+00:00,276.67999267578125,276.69000244140625,275.82000732421875,275.8299865722656,259804,276.54165267944336,276.81833267211914
2026-02-05 19:15:00+00:00,277.1700134277344,277.20001220703125,276.6449890136719,276.6700134277344,347012,277.0314284210205,277.30859843444824
2026-02-05 19:20:00+00:00,277.1650085449219,277.57000732421875,276.91009521484375,277.17999267578125,333791,277.0264260406494,277.3035910491943
2026-02-05 19:25:00+00:00,277.0450134277344,277.29998779296875,276.739990234375,277.1499938964844,307475,276.9064909210205,277.18353593444823
2026-02-05 19:30:00+00:00,276.75,277.4599914550781,276.135009765625,277.06500244140625,361231,276.611625,276.888375
2026-02-05 19:35:00+00:00,276.4200134277344,276.9599914550781,276.3399963378906,276.79998779296875,211819,276.2818034210205,276.5582234344482
2026-02-05 19:40:00+00:00,276.4200134277344,276.4800109863281,276.085693359375,276.3999938964844,159345,276.2818034210205,276.5582234344482
2026-02-05 19:45:00+00:00,276.4700012207031,276.6050109863281,276.2832946777344,276.4049987792969,161170,276.3317662200928,276.60823622131346
2026-02-05 19:50:00+00:00,276.489990234375,276.7799987792969,276.31610107421875,276.4599914550781,223875,276.3517452392578,276.6282352294922
2026-02-05 19:55:00+00:00,276.7099914550781,276.7699890136719,276.32000732421875,276.5299987792969,233300,276.5716364593506,276.84834645080565
2026-02-05 20:00:00+00:00,277.09991455078125,277.1099853515625,276.5400085449219,276.7200012207031,201158,276.9613645935059,277.2384645080566
2026-02-05 20:05:00+00:00,277.5710144042969,277.7200012207031,276.9100036621094,277.05999755859375,375563,277.4322288970947,277.70979991149903
2026-02-05 20:10:00+00:00,276.5801086425781,277.67999267578125,276.510009765625,277.5799865722656,360380,276.44181858825687,276.7183986968994
2026-02-05 20:15:00+00:00,276.4800109863281,276.6700134277344,276.1099853515625,276.614013671875,288303,276.34177098083495,276.6182509918213
2026-02-05 20:20:00+00:00,276.1499938964844,276.57000732421875,276.1499938964844,276.4324951171875,272387,276.01191889953617,276.2880688934326
2026-02-05 20:25:00+00:00,276.6300048828125,276.6400146484375,276.1499938964844,276.17999267578125,238590,276.4916898803711,276.7683198852539
2026-02-05 20:30:00+00:00,276.2900085449219,276.9100036621094,276.2300109863281,276.6300048828125,340462,276.1518635406494,276.42815354919435
2026-02-05 20:35:00+00:00,276.55999755859375,276.6499938964844,275.94000244140625,276.29998779296875,303344,276.42171755981445,276.69827755737305
2026-02-05 20:40:00+00:00,275.45001220703125,276.79998779296875,275.3500061035156,276.57989501953125,543037,275.31228720092776,275.58773721313474
2026-02-05 20:45:00+00:00,276.2900085449219,276.3699951171875,275.3800048828125,275.3949890136719,369259,276.1518635406494,276.42815354919435
2026-02-05 20:50:00+00:00,276.17999267578125,276.5799865722656,275.3900146484375,276.30999755859375,560247,276.04190267944335,276.31808267211915
2026-02-05 20:55:00+00:00,275.9200134277344,276.4700012207031,275.6000061035156,276.17498779296875,1874364,275.7820534210205,276.05797343444823
2026-02-06 14:30:00+00:00,278.5299987792969,279.4700012207031,277.0,277.1600036621094,2289693,278.39073377990724,278.6692637786865
2026-02-06 14:35:00+00:00,279.2799987792969,279.92498779296875,277.6499938964844,278.57000732421875,985859,279.1403587799072,279.41963877868653
2026-02-06 14:40:00+00:00,279.80999755859375,279.92999267578125,279.20001220703125,279.25,355516,279.67009255981446,279.94990255737304
2026-02-06 14:45:00+00:00,279.4800109863281,279.8299865722656,278.9599914550781,279.239990234375,975406,279.340270980835,279.61975099182126
2026-02-06 14:50:00+00:00,279.9649963378906,280.489990234375,279.49249267578125,279.49249267578125,1161049,279.8250138397217,280.10497883605956
2026-02-06 14:55:00+00:00,280.5249938964844,280.739990234375,279.32000732421875,279.989990234375,1083830,280.3847313995361,280.6652563934326
2026-02-06 15:00:00+00:00,280.3500061035156,280.9049987792969,279.5899963378906,280.5400085449219,644814,280.2098311004639,280.4901811065674
2026-02-06 15:05:00+00:00,279.55999755859375,280.55999755859375,279.4800109863281,280.3699951171875,625712,279.4202175598145,279.699777557373
2026-02-06 15:10:00+00:00,279.1400146484375,280.25,279.0400085449219,279.55999755859375,666538,279.0004446411133,279.2795846557617
2026-02-06 15:15:00+00:00,279.03009033203125,279.260009765625,278.510009765625,279.1400146484375,752598,278.89057528686527,279.16960537719723
2026-02-06 15:20:00+00:00,278.8540954589844,279.32000732421875,278.8500061035156,279.04998779296875,373960,278.7146684112549,278.9935225067139
2026-02-06 15:25:00+00:00,279.2900085449219,279.8999938964844,278.7401123046875,278.8949890136719,386801,279.15036354064944,279.4296535491943
2026-02-06 15:30:00+00:00,279.55999755859375,279.95001220703125,279.1600036621094,279.29998779296875,501012,279.4202175598145,279.699777557373
2026-02-06 15:35:00+00:00,279.7300109863281,279.94000244140625,279.4700012207031,279.55999755859375,252727,279.59014598083496,279.8698759918213
2026-02-06 15:40:00+00:00,279.5299987792969,279.8800048828125,279.5,279.739990234375,165248,279.39023377990725,279.6697637786865
2026-02-06 15:55:00+00:00,278.81500244140625,279.0799865722656,278.7900085449219,278.8999938964844,1139308,278.6755949401856,278.9544099426269
2026-02-06 16:00:00+00:00,279.2460021972656,279.3699951171875,278.53021240234375,278.80999755859375,298684,279.106379196167,279.38562519836427
2026-02-06 16:05:00+00:00,279.18499755859375,279.44000244140625,279.0,279.260009765625,117378,279.04540505981447,279.32459005737303
2026-02-06 16:10:00+00:00,278.9599914550781,279.05499267578125,278.75,278.79998779296875,474216,278.8205114593506,279.09947145080565
2026-02-06 16:15:00+00:00,279.2850036621094,279.3599853515625,279.17999267578125,279.2257080078125,321112,279.14536116027836,279.4246461639404
2026-02-06 16:20:00+00:00,279.6400146484375,279.6600036621094,279.04998779296875,279.6068115234375,318012,279.5001946411133,279.7798346557617
2026-02-06 16:25:00+00:00,279.114990234375,279.6499938964844,278.989990234375,279.6099853515625,325406,278.9754327392578,279.2545477294922
2026-02-06 16:30:00+00:00,279.2500915527344,279.5487976074219,279.0,279.1000061035156,254489,279.110466506958,279.38971659851074
2026-02-06 16:35:00+00:00,279.6499938964844,279.72369384765625,279.1600036621094,279.2799987792969,256348,279.51016889953615,279.7898188934326
2026-02-06 16:40:00+00:00,279.3399963378906,279.6700134277344,279.2099914550781,279.6499938964844,283715,279.2003263397217,279.47966633605955
2026-02-06 16:45:00+00:00,279.4100036621094,279.4649963378906,279.1449890136719,279.3699951171875,245752,279.27029866027834,279.5497086639404
2026-02-06 16:50:00+00:00,279.68499755859375,279.75,279.3999938964844,279.4200134277344,383948,279.5451550598145,279.824840057373
2026-02-06 16:55:00+00:00,279.0849914550781,279.7749938964844,278.8699951171875,279.67999267578125,400865,278.9454489593506,279.22453395080566
2026-02-06 17:00:00+00:00,279.4150085449219,279.4599914550781,278.9599914550781,279.04998779296875,155167,279.2753010406494,279.5547160491943
2026-02-06 17:05:00+00:00,279.2699890136719,279.4700012207031,279.1499938964844,279.4549865722656,173102,279.13035401916505,279.4096240081787
2026-02-06 17:10:00+00:00,279.090087890625,279.42999267578125,278.94000244140625,279.2699890136719,241066,278.9505428466797,279.2296329345703
2026-02-06 17:15:00+00:00,279.05999755859375,279.2367858886719,278.7929992675781,279.0899963378906,241320,278.9204675598145,279.199527557373
2026-02-06 17:20:00+00:00,278.5498962402344,279.05999755859375,278.5199890136719,279.05999755859375,177922,278.4106212921143,278.68917118835446
2026-02-06 17:25:00+00:00,278.67999267578125,278.7598876953125,278.239990234375,278.54010009765625,225886,278.5406526794434,278.8193326721191
2026-02-06 17:30:00+00:00,278.24090576171875,278.79998779296875,278.2300109863281,278.7099914550781,213674,278.1017853088379,278.3800262145996
2026-02-06 17:35:00+00:00,278.2349853515625,278.25,277.8999938964844,278.2200012207031,293877,278.0958678588867,278.3741028442383
2026-02-06 17:40:00+00:00,278.3299865722656,278.3299865722656,278.0400085449219,278.239990234375,167985,278.1908215789795,278.4691515655517
2026-02-06 17:45:00+00:00,278.3800048828125,278.4700012207031,278.2200012207031,278.3299865722656,195529,278.2408148803711,278.5191948852539
2026-02-06 17:50:00+00:00,278.19500732421875,278.44000244140625,278.17999267578125,278.3788146972656,249464,278.0559098205567,278.3341048278808
2026-02-06 17:55:00+00:00,278.2950134277344,278.30999755859375,278.114990234375,278.19500732421875,174148,278.1558659210205,278.43416093444824
2026-02-06 18:00:00+00:00,278.57940673828125,278.635009765625,278.2539978027344,278.2950134277344,218715,278.44011703491213,278.71869644165037
2026-02-06 18:05:00+00:00,278.3999938964844,278.6861877441406,278.2799072265625,278.57989501953125,164931,278.26079389953617,278.5391938934326
2026-02-06 18:10:00+00:00,278.5899963378906,278.6499938964844,278.3450012207031,278.3450012207031,84565,278.4507013397217,278.72929133605953
2026-02-06 18:15:00+00:00,278.41009521484375,278.4800109863281,278.16009521484375,278.32000732421875,395941,278.27089016723636,278.54930026245114
2026-02-06 18:20:00+00:00,278.0400085449219,278.5249938964844,277.9800109863281,278.4100036621094,224838,277.90098854064945,278.1790285491943
2026-02-06 18:25:00+00:00,277.7749938964844,278.18499755859375,277.4901123046875,278.0321960449219,234793,277.6361063995362,277.9138813934326
2026-02-06 18:30:00+00:00,277.3599853515625,277.81500244140625,277.30999755859375,277.79998779296875,231360,277.22130535888675,277.49866534423825
2026-02-06 18:35:00+00:00,277.05999755859375,277.3800048828125,277.04998779296875,277.3699951171875,189956,276.92146755981446,277.19852755737304
2026-02-06 18:40:00+00:00,277.6235046386719,277.67999267578125,277.0400085449219,277.0504150390625,309287,277.48469288635255,277.7623163909912
2026-02-06 18:45:00+00:00,277.2200927734375,277.760009765625,277.14910888671875,277.614990234375,220115,277.0814827270508,277.3587028198242
2026-02-06 18:50:00+00:00,277.0899963378906,277.4599914550781,276.92498779296875,277.2298889160156,255474,276.9514513397217,277.22854133605955
2026-02-06 18:55:00+00:00,277.4800109863281,277.489990234375,277.0,277.07000732421875,231333,277.34127098083496,277.6187509918213
2026-02-06 19:00:00+00:00,277.5299987792969,277.739990234375,277.3800048828125,277.489990234375,231885,277.3912337799072,277.6687637786865
2026-02-06 19:05:00+00:00,277.69000244140625,277.9599914550781,277.5050048828125,277.5050048828125,186091,277.55115744018553,277.82884744262697
2026-02-06 19:10:00+00:00,277.44000244140625,277.7850036621094,277.3399963378906,277.70001220703125,171419,277.30128244018556,277.57872244262694
2026-02-06 19:15:00+00:00,277.7900085449219,277.92999267578125,277.4200134277344,277.44000244140625,207919,277.6511135406494,277.92890354919433
2026-02-06 19:20:00+00:00,277.6199951171875,277.8999938964844,277.4599914550781,277.80999755859375,150773,277.48118511962895,277.75880511474605
2026-02-06 19:25:00+00:00,277.1300048828125,277.635009765625,277.1300048828125,277.6199951171875,162974,276.9914398803711,277.2685698852539
2026-02-06 19:30:00+00:00,277.0903015136719,277.2099914550781,276.9949951171875,277.1300048828125,174994,276.95175636291503,277.2288466644287
2026-02-06 19:35:00+00:00,277.2699890136719,277.4200134277344,277.0700988769531,277.0903015136719,142741,277.13135401916503,277.4086240081787
2026-02-06 19:40:00+00:00,277.2300109863281,277.3399963378906,277.1700134277344,277.2699890136719,140041,277.091395980835,277.36862599182126
2026-02-06 19:45:00+00:00,277.739990234375,277.94000244140625,277.2200012207031,277.239990234375,215132,277.60112023925785,277.87886022949215
2026-02-06 19:50:00+00:00,278.2699890136719,278.30999755859375,277.7250061035156,277.7250061035156,350858,278.13085401916504,278.4091240081787
2026-02-06 19:55:00+00:00,278.5799865722656,278.6449890136719,278.2699890136719,278.2699890136719,322102,278.4406965789795,278.71927656555175
2026-02-06 20:00:00+00:00,278.6868896484375,278.75,278.4800109863281,278.56500244140625,246132,278.5475462036133,278.8262330932617
2026-02-06 20:05:00+00:00,278.069091796875,278.7200012207031,278.06500244140625,278.69000244140625,254521,277.9300572509766,278.2081263427734
2026-02-06 20:10:00+00:00,277.8500061035156,278.3330993652344,277.8500061035156,278.05999755859375,271297,277.7110811004639,277.98893110656735
2026-02-06 20:15:00+00:00,277.8399963378906,278.0799865722656,277.70001220703125,277.8500061035156,383907,277.7010763397217,277.97891633605957
2026-02-06 20:20:00+00:00,278.0899963378906,278.3299865722656,277.67999267578125,277.8299865722656,346592,277.9509513397217,278.22904133605954
2026-02-06 20:25:00+00:00,277.6600036621094,278.1000061035156,277.55999755859375,278.1000061035156,338182,277.52117366027835,277.7988336639404
2026-02-06 20:30:00+00:00,277.8999938964844,278.1698913574219,277.57000732421875,277.6549987792969,495463,277.76104389953616,278.0389438934326
2026-02-06 20:35:00+00:00,277.8500061035156,277.9800109863281,277.6499938964844,277.8900146484375,197153,277.7110811004639,277.98893110656735
2026-02-06 20:40:00+00:00,278.1000061035156,278.31500244140625,277.7900085449219,277.8500061035156,264009,277.9609561004639,278.2390561065674
2026-02-06 20:45:00+00:00,278.1549987792969,278.5799865722656,278.07000732421875,278.1000061035156,269446,278.0159212799072,278.29407627868653
2026-02-06 20:50:00+00:00,278.7900085449219,278.92999267578125,278.07000732421875,278.1600036621094,541384,278.65061354064943,278.9294035491943
2026-02-06 20:55:00+00:00,278.0799865722656,279.010009765625,278.0400085449219,278.79998779296875,1487868,277.9409465789795,278.21902656555176
2026-02-09 14:30:00+00:00,274.8399963378906,278.20001220703125,274.3599853515625,277.9049987792969,1466421,274.7025763397217,274.97741633605955
2026-02-09 14:35:00+00:00,274.3598937988281,274.82000732421875,273.489990234375,274.6400146484375,787476,274.22271385192875,274.4970737457275
2026-02-09 14:40:00+00:00,274.3114013671875,274.7900085449219,273.82000732421875,274.3299865722656,501601,274.1742456665039,274.4485570678711
2026-02-09 14:45:00+00:00,273.635009765625,274.94000244140625,273.4700012207031,274.3450012207031,620501,273.4981922607422,273.7718272705078
2026-02-09 14:50:00+00:00,274.4574890136719,274.4574890136719,273.1600036621094,273.6400146484375,505898,274.32026026916503,274.5947177581787
2026-02-09 14:55:00+00:00,273.9599914550781,274.7799072265625,273.6199951171875,274.4599914550781,361245,273.8230114593506,274.09697145080565
2026-02-09 15:00:00+00:00,273.7149963378906,274.0799865722656,273.04998779296875,273.9599914550781,486005,273.5781388397217,273.85185383605955
2026-02-09 15:05:00+00:00,273.54998779296875,274.07000732421875,273.3699951171875,273.6650085449219,328106,273.41321279907226,273.68676278686524
2026-02-09 15:10:00+00:00,273.5150146484375,273.8900146484375,273.20001220703125,273.5,325134,273.3782571411133,273.6517721557617
2026-02-09 15:15:00+00:00,274.0,274.010009765625,273.3500061035156,273.5199890136719,312293,273.863,274.137
2026-02-09 15:20:00+00:00,273.75,274.260009765625,273.70001220703125,274.04998779296875,334127,273.613125,273.886875
2026-02-09 15:25:00+00:00,273.08270263671875,273.82000732421875,273.05999755859375,273.7900085449219,305737,272.9461612854004,273.2192439880371
2026-02-09 15:30:00+00:00,273.4849853515625,273.6000061035156,273.05999755859375,273.0899963378906,252957,273.34824285888675,273.62172784423825
2026-02-09 15:35:00+00:00,273.1383972167969,273.54998779296875,273.1199951171875,273.4849853515625,190367,273.0018280181885,273.27496641540523
2026-02-09 15:40:00+00:00,273.42999267578125,273.75,273.1499938964844,273.1499938964844,205815,273.29327767944335,273.56670767211915
2026-02-09 15:45:00+00:00,273.2099914550781,273.5249938964844,273.0,273.42999267578125,242678,273.0733864593506,273.34659645080563
2026-02-09 15:50:00+00:00,273.33990478515625,273.375,272.7699890136719,273.2200012207031,334615,273.2032348327637,273.4765747375488
2026-02-09 15:55:00+00:00,273.25,273.45001220703125,273.1000061035156,273.3599853515625,289928,273.113375,273.386625
2026-02-09 16:00:00+00:00,273.4198913574219,273.5,273.0799865722656,273.2680969238281,259651,273.28318141174316,273.5566013031006
2026-02-09 16:05:00+00:00,273.260009765625,273.70001220703125,273.1099853515625,273.3900146484375,228521,273.1233797607422,273.3966397705078
2026-02-09 16:10:00+00:00,273.32000732421875,273.5799865722656,273.1872863769531,273.260009765625,153588,273.18334732055666,273.45666732788084
2026-02-09 16:15:00+00:00,272.989990234375,273.44000244140625,272.9100036621094,273.3500061035156,201662,272.8534952392578,273.1264852294922
2026-02-09 16:20:00+00:00,273.0799865722656,273.1300048828125,272.8500061035156,273.0,196965,272.9434465789795,273.21652656555176
2026-02-09 16:25:00+00:00,273.398193359375,273.4700012207031,272.94000244140625,273.07000732421875,235825,273.26149426269535,273.53489245605465
2026-02-09 16:30:00+00:00,273.57000732421875,273.79998779296875,273.260009765625,273.3699951171875,277257,273.43322232055664,273.70679232788086
2026-02-09 16:35:00+00:00,273.3299865722656,273.67999267578125,273.260009765625,273.5899963378906,144143,273.1933215789795,273.46665156555173
2026-02-09 16:40:00+00:00,273.4200134277344,273.54998779296875,273.30999755859375,273.3450012207031,149936,273.28330342102055,273.5567234344482
2026-02-09 16:45:00+00:00,273.19000244140625,273.3900146484375,273.1400146484375,273.3800048828125,191916,273.05340744018554,273.32659744262696
2026-02-09 16:50:00+00:00,273.3599853515625,273.45001220703125,273.04998779296875,273.2099914550781,219618,273.22330535888676,273.49666534423824
2026-02-09 16:55:00+00:00,272.79998779296875,273.44000244140625,272.75,273.3500061035156,296517,272.6635877990723,272.9363877868652
2026-02-09 17:00:00+00:00,272.6400146484375,273.1099853515625,272.6099853515625,272.80999755859375,325859,272.50369464111327,272.77633465576173
2026-02-09 17:05:00+00:00,272.0851135253906,272.6997985839844,272.0851135253906,272.6499938964844,416476,271.94907096862795,272.2211560821533
2026-02-09 17:10:00+00:00,272.3500061035156,272.42999267578125,271.8999938964844,272.08990478515625,401995,272.2138311004639,272.48618110656736
2026-02-09 17:15:00+00:00,272.0899963378906,272.5199890136719,272.07501220703125,272.3450012207031,286057,271.9539513397217,272.22604133605955
2026-02-09 17:20:00+00:00,272.0,272.1000061035156,271.70001220703125,272.06500244140625,292555,271.86400000000003,272.13599999999997
2026-02-09 17:25:00+00:00,272.0115051269531,272.14959716796875,271.7699890136719,272.0199890136719,243250,271.8754993743897,272.1475108795166
2026-02-09 17:30:00+00:00,272.010009765625,272.2099914550781,271.9200134277344,272.0400085449219,176876,271.8740047607422,272.1460147705078
2026-02-09 17:35:00+00:00,272.1400146484375,272.3399963378906,271.9574890136719,272.010009765625,204429,272.0039446411133,272.2760846557617
2026-02-09 17:40:00+00:00,271.8450012207031,272.2598876953125,271.8299865722656,272.1499938964844,186711,271.7090787200928,271.98092372131345
2026-02-09 17:45:00+00:00,271.8699951171875,271.9700012207031,271.7699890136719,271.8500061035156,158108,271.7340601196289,272.0059301147461
2026-02-09 17:50:00+00:00,272.19000244140625,272.2149963378906,271.79998779296875,271.8699951171875,170671,272.0539074401856,272.3260974426269
2026-02-09 17:55:00+00:00,271.9649963378906,272.3399963378906,271.9599914550781,272.20001220703125,169813,271.8290138397217,272.10097883605954
2026-02-09 18:00:00+00:00,272.0299987792969,272.19000244140625,271.8299865722656,271.9649963378906,172253,271.8939837799072,272.16601377868653
2026-02-09 18:05:00+00:00,271.9800109863281,272.010009765625,271.7900085449219,272.010009765625,139691,271.84402098083496,272.1160009918213
2026-02-09 18:10:00+00:00,271.92999267578125,272.010009765625,271.80999755859375,271.9682922363281,128969,271.7940276794434,272.0659576721191
2026-02-09 18:15:00+00:00,271.9599914550781,272.1099853515625,271.8299865722656,271.92999267578125,118645,271.82401145935063,272.0959714508056
2026-02-09 18:20:00+00:00,272.0954895019531,272.2699890136719,271.9200134277344,271.9700012207031,189897,271.95944175720217,272.2315372467041
2026-02-09 18:25:00+00:00,271.9800109863281,272.25,271.8999938964844,272.1099853515625,121087,271.84402098083496,272.1160009918213
2026-02-09 18:30:00+00:00,272.31500244140625,272.4309997558594,271.8399963378906,271.9800109863281,140234,272.17884494018557,272.45115994262693
2026-02-09 18:35:00+00:00,272.5199890136719,272.5299987792969,272.2300109863281,272.31500244140625,159604,272.38372901916506,272.6562490081787
2026-02-09 18:40:00+00:00,272.93499755859375,273.0098876953125,272.4200134277344,272.5299072265625,342049,272.7985300598145,273.071465057373
2026-02-09 18:45:00+00:00,272.82000732421875,273.010009765625,272.739990234375,272.9200134277344,210790,272.68359732055666,272.95641732788084
2026-02-09 18:50:00+00:00,272.9700012207031,273.06500244140625,272.82000732421875,272.8399963378906,186885,272.8335162200928,273.10648622131345
2026-02-09 18:55:00+00:00,272.8999938964844,273.2099914550781,272.8999938964844,272.94500732421875,237498,272.76354389953616,273.0364438934326
2026-02-09 19:00:00+00:00,273.1400146484375,273.2699890136719,272.8399963378906,272.8999938964844,204657,273.0034446411133,273.2765846557617
2026-02-09 19:05:00+00:00,273.010009765625,273.2030029296875,272.92999267578125,273.1600036621094,194288,272.8735047607422,273.1465147705078
2026-02-09 19:10:00+00:00,273.2699890136719,273.42999267578125,273.0,273.010009765625,248518,273.13335401916504,273.4066240081787
2026-02-09 19:15:00+00:00,273.1400146484375,273.32000732421875,273.010009765625,273.2889099121094,227880,273.0034446411133,273.2765846557617
2026-02-09 19:20:00+00:00,273.67999267578125,273.69000244140625,273.0299987792969,273.1400146484375,259770,273.5431526794434,273.8168326721191
2026-02-09 19:25:00+00:00,273.6199951171875,273.7099914550781,273.5201110839844,273.6700134277344,154298,273.4831851196289,273.7568051147461
2026-02-09 19:30:00+00:00,273.32501220703125,273.7250061035156,273.32000732421875,273.6300048828125,177626,273.18834970092774,273.46167471313476
2026-02-09 19:35:00+00:00,273.4100036621094,273.4800109863281,273.0799865722656,273.3100891113281,168630,273.27329866027833,273.5467086639404
2026-02-09 19:40:00+00:00,273.1099853515625,273.3999938964844,273.0899963378906,273.3999938964844,104696,272.97343035888673,273.24654034423827
2026-02-09 19:45:00+00:00,273.2650146484375,273.2900085449219,273.0899963378906,273.1099853515625,112998,273.1283821411133,273.4016471557617
2026-02-09 19:50:00+00:00,273.1700134277344,273.2900085449219,273.1300048828125,273.2699890136719,115197,273.0334284210205,273.30659843444823
2026-02-09 19:55:00+00:00,272.9599914550781,273.1499938964844,272.9150085449219,273.1499938964844,161836,272.8235114593506,273.09647145080567
2026-02-09 20:00:00+00:00,273.3599853515625,273.45001220703125,272.9599914550781,272.9599914550781,200469,273.22330535888676,273.49666534423824
2026-02-09 20:05:00+00:00,273.5419921875,273.69000244140625,273.2900085449219,273.3537902832031,233929,273.40522119140627,273.67876318359373
2026-02-09 20:10:00+00:00,273.5799865722656,273.6758117675781,273.5,273.5299987792969,175206,273.4431965789795,273.71677656555175
2026-02-09 20:15:00+00:00,273.69500732421875,273.82000732421875,273.5506896972656,273.5828857421875,272208,273.5581598205567,273.8318548278808
2026-02-09 20:20:00+00:00,274.1000061035156,274.25,273.6700134277344,273.69500732421875,351234,273.9629561004639,274.23705610656737
2026-02-09 20:25:00+00:00,274.0400085449219,274.19000244140625,273.82000732421875,274.0801086425781,294386,273.9029885406494,274.17702854919435
2026-02-09 20:30:00+00:00,273.94000244140625,274.2099914550781,273.80999755859375,274.0299987792969,307111,273.8030324401856,274.0769724426269
2026-02-09 20:35:00+00:00,273.739990234375,274.1299133300781,273.6600036621094,273.8999938964844,315026,273.6031202392578,273.8768602294922
2026-02-09 20:40:00+00:00,273.8800048828125,273.9700012207031,273.510009765625,273.7489929199219,348538,273.7430648803711,274.0169448852539
2026-02-09 20:45:00+00:00,274.189208984375,274.25,273.80999755859375,273.8500061035156,355040,274.0521143798828,274.3263035888672
2026-02-09 20:50:00+00:00,274.3900146484375,274.92999267578125,273.9949951171875,274.1700134277344,736405,274.2528196411133,274.5272096557617
2026-02-09 20:55:00+00:00,274.5400085449219,275.1199951171875,274.32000732421875,274.3900146484375,1775449,274.4027385406494,274.67727854919434
2026-02-10 14:30:00+00:00,274.3399963378906,275.2799987792969,273.30609130859375,274.885009765625,1430768,274.2028263397217,274.47716633605955
2026-02-10 14:35:00+00:00,274.375,274.739990234375,273.6099853515625,274.239990234375,422658,274.2378125,274.5121875
2026-02-10 14:40:00+00:00,274.19500732421875,274.7300109863281,274.0,274.3900146484375,351080,274.05790982055663,274.33210482788087
2026-02-10 14:45:00+00:00,273.4549865722656,274.3200988769531,273.35009765625,274.2099914550781,342733,273.3182590789795,273.59171406555174
2026-02-10 14:50:00+00:00,274.45001220703125,274.54998779296875,273.2099914550781,273.4549865722656,308607,274.31278720092774,274.58723721313476
2026-02-10 14:55:00+00:00,274.760009765625,274.95001220703125,274.2099914550781,274.4100036621094,308144,274.6226297607422,274.8973897705078
2026-02-10 15:00:00+00:00,274.8699951171875,275.03021240234375,274.6000061035156,274.79998779296875,275099,274.73256011962894,275.00743011474606
2026-02-10 15:05:00+00:00,274.659912109375,275.3599853515625,274.6199951171875,274.8399963378906,326808,274.52258215332034,274.79724206542966
2026-02-10 15:10:00+00:00,274.260009765625,274.8999938964844,273.8599853515625,274.65008544921875,357985,274.1228797607422,274.3971397705078
2026-02-10 15:15:00+00:00,274.29998779296875,274.4700012207031,274.1145935058594,274.25,227457,274.1628377990723,274.4371377868652
2026-02-10 15:20:00+00:00,274.239990234375,274.3999938964844,274.0799865722656,274.32000732421875,186182,274.1028702392578,274.3771102294922
2026-02-10 15:25:00+00:00,274.4200134277344,274.7449951171875,274.1199951171875,274.2699890136719,213747,274.2828034210205,274.55722343444825
2026-02-10 15:30:00+00:00,274.614990234375,274.6700134277344,274.17999267578125,274.3900146484375,181429,274.47768273925783,274.75229772949217
2026-02-10 15:35:00+00:00,274.4299011230469,274.6400146484375,274.2200012207031,274.6300048828125,187745,274.2926861724854,274.56711607360836
2026-02-10 15:40:00+00:00,274.6549987792969,274.70001220703125,274.4150085449219,274.44000244140625,173557,274.51767127990723,274.7923262786865
2026-02-10 15:45:00+00:00,274.6199951171875,274.9100036621094,274.510009765625,274.69500732421875,201562,274.4826851196289,274.7573051147461
2026-02-10 15:50:00+00:00,274.57501220703125,274.7099914550781,274.510009765625,274.62451171875,116956,274.43772470092773,274.71229971313477
2026-02-10 15:55:00+00:00,274.1400146484375,274.55999755859375,274.1400146484375,274.55999755859375,160617,274.0029446411133,274.2770846557617
2026-02-10 16:00:00+00:00,274.2300109863281,274.38690185546875,274.1400146484375,274.1449890136719,137364,274.09289598083495,274.3671259918213
2026-02-10 16:05:00+00:00,274.2200012207031,274.3900146484375,274.1199951171875,274.2300109863281,126344,274.0828912200928,274.35711122131346
2026-02-10 16:10:00+00:00,274.19000244140625,274.4798889160156,274.17041015625,274.239990234375,164453,274.05290744018555,274.32709744262695
2026-02-10 16:15:00+00:00,274.28009033203125,274.6000061035156,274.0799865722656,274.19500732421875,165718,274.14295028686524,274.41723037719726
2026-02-10 16:20:00+00:00,274.1300048828125,274.3599853515625,274.010009765625,274.2900085449219,127367,273.9929398803711,274.2670698852539
2026-02-10 16:25:00+00:00,274.05999755859375,274.24969482421875,273.989990234375,274.1700134277344,123068,273.9229675598145,274.197027557373
2026-02-10 16:30:00+00:00,273.6449890136719,274.0498962402344,273.6000061035156,274.0199890136719,179386,273.50816651916506,273.7818115081787
2026-02-10 16:35:00+00:00,273.3299865722656,273.6700134277344,273.20001220703125,273.6400146484375,206044,273.1933215789795,273.46665156555173
2026-02-10 16:40:00+00:00,273.3999938964844,273.510009765625,273.2699890136719,273.32000732421875,140722,273.26329389953617,273.5366938934326
2026-02-10 16:45:00+00:00,273.2300109863281,273.5899963378906,273.1400146484375,273.4200134277344,162254,273.093395980835,273.36662599182125
2026-02-10 16:50:00+00:00,273.3800048828125,273.3999938964844,273.1000061035156,273.239990234375,157008,273.2433148803711,273.5166948852539
2026-02-10 16:55:00+00:00,273.29010009765625,273.5199890136719,273.2250061035156,273.3599853515625,143530,273.15345504760745,273.42674514770505
2026-02-10 17:00:00+00:00,273.5350036621094,273.6300048828125,273.2699890136719,273.2900085449219,134577,273.3982361602783,273.67177116394043
2026-02-10 17:05:00+00:00,273.4100036621094,273.7250061035156,273.3550109863281,273.5400085449219,174209,273.27329866027833,273.5467086639404
2026-02-10 17:10:00+00:00,273.4800109863281,273.79998779296875,273.42999267578125,273.42999267578125,165489,273.343270980835,273.6167509918213
2026-02-10 17:15:00+00:00,273.1700134277344,273.489990234375,273.13970947265625,273.4700012207031,155882,273.0334284210205,273.30659843444823
2026-02-10 17:20:00+00:00,273.1000061035156,273.2698974609375,272.94000244140625,273.1600036621094,297387,272.9634561004639,273.2365561065674
2026-02-10 17:25:00+00:00,273.3500061035156,273.3999938964844,273.05999755859375,273.1000061035156,134916,273.2133311004639,273.48668110656735
2026-02-10 17:30:00+00:00,273.29998779296875,273.5299987792969,273.2449951171875,273.3500061035156,127897,273.1633377990723,273.4366377868652
2026-02-10 17:35:00+00:00,273.5199890136719,273.5799865722656,273.1499938964844,273.2900085449219,125037,273.38322901916507,273.6567490081787
2026-02-10 17:40:00+00:00,273.70098876953125,273.7099914550781,273.3999938964844,273.5299987792969,166309,273.5641382751465,273.837839263916
2026-02-10 17:45:00+00:00,273.8699951171875,274.07000732421875,273.68011474609375,273.7200012207031,167035,273.73306011962893,274.00693011474607
2026-02-10 17:50:00+00:00,273.9100036621094,274.0498962402344,273.79998779296875,273.8800048828125,94937,273.77304866027833,274.0469586639404
2026-02-10 17:55:00+00:00,274.0899963378906,274.1099853515625,273.8800048828125,273.9100036621094,121628,273.9529513397217,274.22704133605953
2026-02-10 18:00:00+00:00,274.0899963378906,274.14990234375,273.9834899902344,274.1050109863281,79466,273.9529513397217,274.22704133605953
2026-02-10 18:05:00+00:00,274.0299987792969,274.0985107421875,273.79998779296875,274.0950012207031,117318,273.89298377990724,274.1670137786865
2026-02-10 18:10:00+00:00,273.9800109863281,274.17999267578125,273.8999938964844,274.010009765625,109686,273.843020980835,274.11700099182127
2026-02-10 18:15:00+00:00,273.79998779296875,274.110595703125,273.7900085449219,273.989990234375,154932,273.6630877990723,273.9368877868652
2026-02-10 18:20:00+00:00,273.7699890136719,273.8299865722656,273.3999938964844,273.81689453125,178257,273.63310401916505,273.9068740081787
2026-02-10 18:25:00+00:00,274.05499267578125,274.19000244140625,273.489990234375,273.760009765625,204091,273.9179651794434,274.1920201721191
2026-02-10 18:30:00+00:00,274.02801513671875,274.2200012207031,273.8717956542969,274.05499267578125,144181,273.8910011291504,274.1650291442871
2026-02-10 18:35:00+00:00,274.114990234375,274.2099914550781,273.95001220703125,274.0400085449219,136203,273.9779327392578,274.2520477294922
2026-02-10 18:40:00+00:00,274.2250061035156,274.2699890136719,274.031005859375,274.1000061035156,103046,274.0878936004639,274.3621186065674
2026-02-10 18:45:00+00:00,274.135009765625,274.260009765625,274.05999755859375,274.2200012207031,92588,273.9979422607422,274.2720772705078
2026-02-10 18:50:00+00:00,273.7200012207031,274.17498779296875,273.7200012207031,274.1600036621094,138172,273.5831412200928,273.85686122131347
2026-02-10 18:55:00+00:00,273.92999267578125,273.94989013671875,273.67010498046875,273.7099914550781,108630,273.79302767944336,274.06695767211914
2026-02-10 19:00:00+00:00,274.05999755859375,274.1099853515625,273.7900085449219,273.95001220703125,121856,273.9229675598145,274.197027557373
2026-02-10 19:05:00+00:00,273.875,274.05999755859375,273.7200012207031,274.0400085449219,123339,273.7380625,274.0119375
2026-02-10 19:10:00+00:00,274.0,274.1000061035156,273.8699951171875,273.875,105540,273.863,274.137
2026-02-10 19:15:00+00:00,273.7250061035156,274.05999755859375,273.6600036621094,273.9599914550781,127764,273.58814360046387,273.8618686065674
2026-02-10 19:20:00+00:00,273.9800109863281,274.0,273.7300109863281,273.7300109863281,93526,273.843020980835,274.11700099182127
2026-02-10 19:25:00+00:00,273.9649963378906,274.0299987792969,273.80999755859375,273.9700012207031,77095,273.8280138397217,274.1019788360596
2026-02-10 19:30:00+00:00,273.9700927734375,274.07000732421875,273.9100036621094,273.9700012207031,103712,273.8331077270508,274.1070778198242
2026-02-10 19:35:00+00:00,273.82000732421875,274.04998779296875,273.7900085449219,273.9800109863281,101988,273.68309732055667,273.95691732788083
2026-02-10 19:40:00+00:00,273.739990234375,273.8500061035156,273.6000061035156,273.8349914550781,156699,273.6031202392578,273.8768602294922
2026-02-10 19:45:00+00:00,273.7699890136719,273.8399963378906,273.6859130859375,273.75,137890,273.63310401916505,273.9068740081787
2026-02-10 19:50:00+00:00,273.67999267578125,273.80499267578125,273.5199890136719,273.7699890136719,125477,273.5431526794434,273.8168326721191
2026-02-10 19:55:00+00:00,274.0299987792969,274.0299987792969,273.6449890136719,273.6700134277344,120556,273.89298377990724,274.1670137786865
2026-02-10 20:00:00+00:00,273.7998962402344,274.2200012207031,273.739990234375,274.010009765625,120070,273.66299629211426,273.9367961883545
2026-02-10 20:05:00+00:00,274.0799865722656,274.0899963378906,273.7300109863281,273.7807922363281,120118,273.9429465789795,274.21702656555175
2026-02-10 20:10:00+00:00,274.1400146484375,274.2200012207031,273.8900146484375,274.0,121593,274.0029446411133,274.2770846557617
2026-02-10 20:15:00+00:00,274.20001220703125,274.29998779296875,274.0700988769531,274.1499938964844,146953,274.06291220092777,274.33711221313473
2026-02-10 20:20:00+00:00,273.9800109863281,274.29998779296875,273.8900146484375,274.19000244140625,131436,273.843020980835,274.11700099182127
2026-02-10 20:25:00+00:00,274.07000732421875,274.1000061035156,273.93499755859375,274.0,129152,273.93297232055664,274.20704232788086
2026-02-10 20:30:00+00:00,274.1105041503906,274.17999267578125,273.9700012207031,274.0799865722656,132118,273.97344889831544,274.2475594024658
2026-02-10 20:35:00+00:00,274.1300048828125,274.2698974609375,274.0,274.1099853515625,155187,273.9929398803711,274.2670698852539
2026-02-10 20:40:00+00:00,274.25,274.3800048828125,274.0304870605469,274.1499938964844,150371,274.11287500000003,274.38712499999997
2026-02-10 20:45:00+00:00,274.4700927734375,274.489990234375,274.2300109863281,274.2900085449219,203206,274.3328577270508,274.6073278198242
2026-02-10 20:50:00+00:00,273.4100036621094,274.4800109863281,273.32501220703125,274.4800109863281,510795,273.27329866027833,273.5467086639404
2026-02-10 20:55:00+00:00,273.7900085449219,274.0,273.30999755859375,273.3999938964844,1022696,273.65311354064943,273.9269035491943
2026-02-11 14:30:00+00:00,274.8399963378906,276.8299865722656,274.6099853515625,274.69500732421875,4733993,274.7025763397217,274.97741633605955
2026-02-11 14:35:00+00:00,275.510009765625,275.9100036621094,274.45001220703125,274.79998779296875,510274,275.3722547607422,275.6477647705078
2026-02-11 14:40:00+00:00,275.6000061035156,276.4599914550781,275.3558044433594,275.510009765625,447531,275.4622061004639,275.73780610656735
2026-02-11 14:45:00+00:00,276.25,276.4700012207031,275.5400085449219,275.5899963378906,511493,276.111875,276.388125
2026-02-11 14:50:00+00:00,277.2699890136719,277.3399963378906,275.989990234375,276.260009765625,566890,277.13135401916503,277.4086240081787
2026-02-11 14:55:00+00:00,276.3999938964844,277.44000244140625,275.989990234375,277.2300109863281,403439,276.26179389953614,276.5381938934326
2026-02-11 15:00:00+00:00,276.489990234375,277.0299987792969,276.1700134277344,276.4100036621094,389777,276.3517452392578,276.6282352294922
2026-02-11 15:05:00+00:00,276.3540954589844,276.5799865722656,276.16009521484375,276.44000244140625,299692,276.2159184112549,276.49227250671385
2026-02-11 15:10:00+00:00,276.2850036621094,276.4599914550781,275.7699890136719,276.3399963378906,361257,276.1468611602783,276.42314616394043
2026-02-11 15:15:00+00:00,277.10009765625,277.17999267578125,275.75,276.2900085449219,455691,276.9615476074219,277.2386477050781
2026-02-11 15:20:00+00:00,276.614990234375,277.25,276.2799987792969,277.1401062011719,395606,276.47668273925785,276.75329772949215
2026-02-11 15:25:00+00:00,277.05010986328125,277.1499938964844,276.3299865722656,276.57000732421875,421313,276.91158480834963,277.18863491821287
2026-02-11 15:30:00+00:00,278.8500061035156,278.909912109375,277.0400085449219,277.1000061035156,782442,278.71058110046386,278.9894311065674
2026-02-11 15:35:00+00:00,278.385009765625,279.04998779296875,278.25,278.8699951171875,508061,278.24581726074223,278.52420227050777
2026-02-11 15:40:00+00:00,278.1300048828125,278.42999267578125,277.86248779296875,278.3900146484375,334001,277.9909398803711,278.2690698852539
2026-02-11 15:45:00+00:00,278.489990234375,278.6698913574219,277.9800109863281,278.1650085449219,284104,278.35074523925783,278.62923522949217
2026-02-11 15:50:00+00:00,279.70001220703125,279.7300109863281,278.45001220703125,278.4700012207031,457000,279.5601622009278,279.8398622131347
2026-02-11 15:55:00+00:00,279.7550048828125,279.9049987792969,279.489990234375,279.69000244140625,461481,279.6151273803711,279.8948823852539
2026-02-11 16:00:00+00:00,279.19000244140625,279.84991455078125,278.80999755859375,279.7550048828125,368669,279.05040744018555,279.32959744262695
2026-02-11 16:05:00+00:00,279.79998779296875,279.8999938964844,279.04998779296875,279.20001220703125,325771,279.6600877990723,279.9398877868652
2026-02-11 16:10:00+00:00,279.67498779296875,279.9800109863281,279.4100036621094,279.7850036621094,376414,279.53515029907226,279.81482528686524
2026-02-11 16:15:00+00:00,279.114990234375,279.9700012207031,279.04998779296875,279.6700134277344,304493,278.9754327392578,279.2545477294922
2026-02-11 16:20:00+00:00,279.0,279.32000732421875,279.0,279.135009765625,231667,278.8605,279.1395
2026-02-11 16:25:00+00:00,278.19000244140625,279.04998779296875,278.17498779296875,279.010009765625,262453,278.05090744018554,278.32909744262696
2026-02-11 16:30:00+00:00,278.7650146484375,278.79998779296875,278.1600036621094,278.19000244140625,244906,278.6256321411133,278.9043971557617
2026-02-11 16:35:00+00:00,278.81988525390625,278.93109130859375,278.5,278.7699890136719,187400,278.68047531127934,278.95929519653316
2026-02-11 16:40:00+00:00,279.0199890136719,279.2049865722656,278.75,278.7749938964844,206889,278.8804790191651,279.15949900817867
2026-02-11 16:45:00+00:00,278.7699890136719,279.1000061035156,278.6199951171875,279.0350036621094,182187,278.63060401916505,278.9093740081787
2026-02-11 16:50:00+00:00,278.7550048828125,278.8688049316406,278.69000244140625,278.760009765625,118424,278.6156273803711,278.8943823852539
2026-02-11 16:55:00+00:00,278.3500061035156,278.82000732421875,278.2799987792969,278.7550048828125,144018,278.2108311004639,278.48918110656734
2026-02-11 17:00:00+00:00,278.4809875488281,278.5400085449219,278.17999267578125,278.3399963378906,149750,278.3417470550537,278.62022804260255
2026-02-11 17:05:00+00:00,278.7349853515625,278.75,278.239990234375,278.4599914550781,202820,278.5956178588867,278.8743528442383
2026-02-11 17:10:00+00:00,278.70001220703125,279.1099853515625,278.54998779296875,278.7300109863281,271894,278.56066220092777,278.83936221313473
2026-02-11 17:15:00+00:00,279.3664855957031,279.489990234375,278.7149963378906,278.7300109863281,322419,279.2268023529053,279.50616883850097
2026-02-11 17:20:00+00:00,279.70001220703125,279.7099914550781,279.2900085449219,279.3699951171875,159217,279.5601622009278,279.8398622131347
2026-02-11 17:25:00+00:00,279.94500732421875,280.17999267578125,279.7200012207031,279.7300109863281,495172,279.80503482055667,280.08497982788083
2026-02-11 17:30:00+00:00,279.8016052246094,280.1499938964844,279.68011474609375,279.910400390625,214623,279.66170442199706,279.9415060272217
2026-02-11 17:35:00+00:00,279.4800109863281,280.09991455078125,279.3999938964844,279.82000732421875,169820,279.340270980835,279.61975099182126
2026-02-11 17:40:00+00:00,279.760009765625,279.9150085449219,279.4700012207031,279.4700012207031,138922,279.6201297607422,279.8998897705078
2026-02-11 17:45:00+00:00,279.94000244140625,280.010009765625,279.6449890136719,279.75,143039,279.8000324401856,280.0799724426269
2026-02-11 17:50:00+00:00,279.6900939941406,280.1000061035156,279.67498779296875,279.8999938964844,158228,279.5502489471436,279.82993904113766
2026-02-11 17:55:00+00:00,279.4200134277344,279.7149963378906,279.3599853515625,279.69500732421875,168638,279.2803034210205,279.55972343444824
2026-02-11 18:00:00+00:00,279.2699890136719,279.69000244140625,279.2699890136719,279.4200134277344,204037,279.13035401916505,279.4096240081787
2026-02-11 18:05:00+00:00,278.8299865722656,279.29998779296875,278.80999755859375,279.2699890136719,108962,278.69057157897953,278.9694015655517
2026-02-11 18:10:00+00:00,278.6700134277344,278.8399963378906,278.5,278.8299865722656,167201,278.5306784210205,278.8093484344482
2026-02-11 18:15:00+00:00,278.94000244140625,278.989990234375,278.56500244140625,278.6600036621094,184182,278.8005324401856,279.0794724426269
2026-02-11 18:20:00+00:00,278.9700012207031,279.1650085449219,278.74688720703125,278.94000244140625,135948,278.83051622009276,279.1094862213135
2026-02-11 18:25:00+00:00,278.9599914550781,279.07000732421875,278.82000732421875,278.9599914550781,99497,278.8205114593506,279.09947145080565
2026-02-11 18:30:00+00:00,278.8399963378906,279.07000732421875,278.8399963378906,278.93499755859375,119776,278.7005763397217,278.97941633605956
2026-02-11 18:35:00+00:00,278.9200134277344,279.04998779296875,278.7500915527344,278.8450012207031,96125,278.7805534210205,279.05947343444825
2026-02-11 18:40:00+00:00,278.81988525390625,278.9100036621094,278.6199951171875,278.8500061035156,147788,278.68047531127934,278.95929519653316
2026-02-11 18:45:00+00:00,278.875,279.010009765625,278.79998779296875,278.8192138671875,118426,278.7355625,279.0144375
2026-02-11 18:50:00+00:00,278.7749938964844,278.898193359375,278.6700134277344,278.8713073730469,121947,278.63560639953613,278.9143813934326
2026-02-11 18:55:00+00:00,278.8926086425781,278.95001220703125,278.69000244140625,278.7616882324219,125396,278.75316233825686,279.0320549468994
2026-02-11 19:00:00+00:00,279.0150146484375,279.0299987792969,278.7709045410156,278.8999938964844,103723,278.8755071411133,279.1545221557617
2026-02-11 19:05:00+00:00,278.70001220703125,279.0299987792969,278.5,279.0199890136719,241982,278.56066220092777,278.83936221313473
2026-02-11 19:10:00+00:00,278.8599853515625,278.9599914550781,278.5199890136719,278.7099914550781,178603,278.7205553588867,278.9994153442383
2026-02-11 19:15:00+00:00,279.04998779296875,279.04998779296875,278.8500061035156,278.86590576171875,124880,278.91046279907226,279.18951278686524
2026-02-11 19:20:00+00:00,278.9501037597656,279.0400085449219,278.760009765625,279.0299987792969,157454,278.81062870788577,279.0895788116455
2026-02-11 19:25:00+00:00,279.5799865722656,279.6700134277344,278.9599914550781,278.9599914550781,254151,279.4401965789795,279.71977656555174
2026-02-11 19:30:00+00:00,278.9700012207031,279.5899963378906,278.95001220703125,279.5799865722656,182076,278.83051622009276,279.1094862213135
2026-02-11 19:35:00+00:00,278.8599853515625,279.0950012207031,278.82000732421875,278.9601135253906,133563,278.7205553588867,278.9994153442383
2026-02-11 19:40:00+00:00,278.8699951171875,279.0799865722656,278.5799865722656,278.8525085449219,183682,278.73056011962893,279.00943011474607
2026-02-11 19:45:00+00:00,276.2900085449219,278.8900146484375,274.81060791015625,278.8500061035156,2311682,276.1518635406494,276.42815354919435
2026-02-11 19:50:00+00:00,276.1400146484375,277.1596984863281,275.4230041503906,276.30999755859375,794285,276.0019446411133,276.2780846557617
2026-02-11 19:55:00+00:00,276.5899963378906,277.25,276.0249938964844,276.1400146484375,715468,276.4517013397217,276.72829133605956
2026-02-11 20:00:00+00:00,276.4299011230469,277.20001220703125,276.1700134277344,276.5799865722656,517390,276.29168617248536,276.5681160736084
2026-02-11 20:05:00+00:00,276.6000061035156,277.2900085449219,276.3599853515625,276.4049987792969,352166,276.46170610046386,276.7383061065674
2026-02-11 20:10:00+00:00,276.2427062988281,277.0,276.20001220703125,276.5849914550781,239673,276.1045849456787,276.38082765197754
2026-02-11 20:15:00+00:00,275.875,276.2876892089844,275.7860107421875,276.2300109863281,318170,275.73706250000004,276.01293749999996
2026-02-11 20:20:00+00:00,275.2900085449219,275.8699951171875,275.1000061035156,275.8599853515625,482930,275.15236354064945,275.4276535491943
2026-02-11 20:25:00+00:00,276.04998779296875,276.0799865722656,275.0199890136719,275.2699890136719,368582,275.9119627990723,276.1880127868652
2026-02-11 20:30:00+00:00,276.1600036621094,276.3500061035156,275.8599853515625,276.010009765625,245803,276.02192366027833,276.2980836639404
2026-02-11 20:35:00+00:00,276.239990234375,276.4200134277344,276.0,276.1300048828125,239919,276.10187023925783,276.37811022949217
2026-02-11 20:40:00+00:00,276.2749938964844,276.54998779296875,276.2200927734375,276.25,258649,276.13685639953616,276.4131313934326
2026-02-11 20:45:00+00:00,276.05499267578125,276.3500061035156,275.94000244140625,276.2814025878906,201723,275.91696517944337,276.19302017211913
2026-02-11 20:50:00+00:00,276.2799987792969,276.32000732421875,275.510009765625,276.07000732421875,480258,276.14185877990724,276.4181387786865
2026-02-11 20:55:00+00:00,275.5400085449219,276.2799987792969,275.4599914550781,276.2799987792969,1504896,275.4022385406494,275.67777854919433
2026-02-12 14:30:00+00:00,272.55010986328125,275.7200012207031,272.0299987792969,275.6000061035156,1839659,272.41383480834963,272.68638491821287
2026-02-12 14:35:00+00:00,272.8599853515625,273.6600036621094,272.5400085449219,272.5700988769531,580604,272.72355535888676,272.99641534423824
2026-02-12 14:40:00+00:00,272.0400085449219,273.3399963378906,271.9100036621094,272.8599853515625,579021,271.90398854064944,272.1760285491943
2026-02-12 14:45:00+00:00,272.0799865722656,272.92498779296875,271.54998779296875,271.9800109863281,627096,271.94394657897953,272.2160265655517
2026-02-12 14:50:00+00:00,272.8299865722656,273.0,271.82000732421875,272.1000061035156,353930,272.6935715789795,272.96640156555173
2026-02-12 14:55:00+00:00,272.1600036621094,272.81500244140625,271.92999267578125,272.81500244140625,355707,272.02392366027834,272.2960836639404
2026-02-12 15:00:00+00:00,271.1199951171875,272.2300109863281,271.1000061035156,272.1600036621094,472574,270.9844351196289,271.2555551147461
2026-02-12 15:05:00+00:00,270.5,271.42999267578125,270.25,271.1400146484375,744100,270.36475,270.63525
2026-02-12 15:10:00+00:00,270.2550048828125,270.69000244140625,270.05999755859375,270.6000061035156,517407,270.1198773803711,270.3901323852539
2026-02-12 15:15:00+00:00,270.864990234375,271.3490905761719,270.2550048828125,270.260009765625,622886,270.7295577392578,271.0004227294922
2026-02-12 15:20:00+00:00,271.0849914550781,271.260009765625,270.6199951171875,270.8800048828125,396086,270.9494489593506,271.22053395080565
2026-02-12 15:25:00+00:00,271.25,271.75,270.8900146484375,271.0400085449219,386469,271.114375,271.385625
2026-02-12 15:30:00+00:00,271.5799865722656,271.614990234375,271.17010498046875,271.260009765625,262197,271.44419657897953,271.7157765655517
2026-02-12 15:35:00+00:00,271.54998779296875,271.739990234375,271.19000244140625,271.6000061035156,300214,271.4142127990723,271.6857627868652
2026-02-12 15:40:00+00:00,270.9288024902344,271.75,270.8999938964844,271.5400085449219,303234,270.7933380889893,271.06426689147946
2026-02-12 15:45:00+00:00,270.4800109863281,271.18499755859375,270.45001220703125,270.88958740234375,331100,270.344770980835,270.61525099182126
2026-02-12 15:50:00+00:00,269.4049987792969,270.44000244140625,269.3599853515625,270.44000244140625,558487,269.27029627990726,269.5397012786865
2026-02-12 15:55:00+00:00,268.17999267578125,269.46990966796875,268.1300048828125,269.4200134277344,660901,268.0459026794434,268.3140826721191
2026-02-12 16:00:00+00:00,267.8351135253906,268.239990234375,267.7200012207031,268.1730041503906,596461,267.7011959686279,267.9690310821533
2026-02-12 16:05:00+00:00,267.9150085449219,268.2099914550781,267.54998779296875,267.8500061035156,411766,267.7810510406494,268.04896604919435
2026-02-12 16:10:00+00:00,267.9599914550781,268.010009765625,267.3900146484375,267.9049987792969,427242,267.8260114593506,268.09397145080567
2026-02-12 16:15:00+00:00,267.2601013183594,267.94000244140625,267.0703125,267.92999267578125,425842,267.1264712677002,267.39373136901855
2026-02-12 16:20:00+00:00,267.04998779296875,267.3999938964844,266.8699951171875,267.2799987792969,446762,266.9164627990723,267.1835127868652
2026-02-12 16:25:00+00:00,266.1700134277344,267.0199890136719,266.1499938964844,267.0199890136719,681330,266.03692842102055,266.3030984344482
2026-02-12 16:30:00+00:00,266.20001220703125,266.6700134277344,266.04998779296875,266.19000244140625,693523,266.06691220092773,266.33311221313477
2026-02-12 16:35:00+00:00,266.7699890136719,267.0400085449219,266.05999755859375,266.2099914550781,554109,266.6366040191651,266.9033740081787
2026-02-12 16:40:00+00:00,265.6099853515625,266.9599914550781,265.57000732421875,266.75,442119,265.47718035888676,265.74279034423824
2026-02-12 16:45:00+00:00,265.17999267578125,265.9700012207031,265.1499938964844,265.5950012207031,400340,265.0474026794434,265.3125826721191
2026-02-12 16:50:00+00:00,264.8299865722656,265.385009765625,264.8299865722656,265.17498779296875,438026,264.69757157897953,264.9624015655517
2026-02-12 16:55:00+00:00,265.42999267578125,265.6300048828125,264.6199951171875,264.8299865722656,432568,265.29727767944337,265.56270767211913
2026-02-12 17:00:00+00:00,265.510009765625,265.55999755859375,264.9200134277344,265.4442138671875,264025,265.3772547607422,265.6427647705078
2026-02-12 17:05:00+00:00,265.05999755859375,265.8500061035156,264.9800109863281,265.54998779296875,480503,264.9274675598145,265.192527557373
2026-02-12 17:10:00+00:00,264.739990234375,265.04998779296875,264.6199951171875,265.04998779296875,234903,264.6076202392578,264.8723602294922
2026-02-12 17:15:00+00:00,264.5849914550781,264.8599853515625,264.4200134277344,264.7300109863281,262750,264.4526989593506,264.71728395080567
2026-02-12 17:20:00+00:00,264.6300048828125,264.80999755859375,264.44000244140625,264.54998779296875,283088,264.4976898803711,264.7623198852539
2026-02-12 17:25:00+00:00,264.6000061035156,264.7699890136719,264.4800109863281,264.6099853515625,231447,264.4677061004639,264.73230610656736
2026-02-12 17:30:00+00:00,263.9200134277344,264.6499938964844,263.840087890625,264.57000732421875,335972,263.78805342102055,264.0519734344482
2026-02-12 17:35:00+00:00,263.7699890136719,264.1600036621094,263.70001220703125,263.9100036621094,400905,263.63810401916504,263.9018740081787
2026-02-12 17:40:00+00:00,263.5400085449219,263.80999755859375,263.3999938964844,263.75,605480,263.40823854064945,263.6717785491943
2026-02-12 17:45:00+00:00,262.9089050292969,263.5799865722656,262.8030090332031,263.55999755859375,324186,262.77745057678226,263.0403594818115
2026-02-12 17:50:00+00:00,262.2499084472656,262.9049987792969,262.2300109863281,262.9049987792969,544181,262.11878349304203,262.3810334014892
2026-02-12 17:55:00+00:00,261.77899169921875,262.489990234375,261.5299987792969,262.239990234375,782141,261.64810220336915,261.90988119506835
2026-02-12 18:00:00+00:00,261.9700012207031,262.1600036621094,261.54998779296875,261.7900085449219,712775,261.8390162200928,262.10098622131346
2026-02-12 18:05:00+00:00,261.95001220703125,262.9798889160156,261.8500061035156,261.9700012207031,958653,261.81903720092777,262.08098721313473
2026-02-12 18:10:00+00:00,260.8900146484375,261.95989990234375,260.860107421875,261.95001220703125,760512,260.7595696411133,261.0204596557617
2026-02-12 18:15:00+00:00,260.32000732421875,260.94000244140625,260.17999267578125,260.8901062011719,605170,260.1898473205567,260.4501673278808
2026-02-12 18:20:00+00:00,261.739990234375,261.7799987792969,260.30999755859375,260.31500244140625,549298,261.60912023925783,261.87086022949217
2026-02-12 18:25:00+00:00,262.3299865722656,262.4800109863281,261.6300048828125,261.7101135253906,568033,262.1988215789795,262.46115156555175
2026-02-12 18:30:00+00:00,261.864990234375,262.3500061035156,261.8299865722656,262.30999755859375,332698,261.7340577392578,261.9959227294922
2026-02-12 18:35:00+00:00,262.114990234375,262.1449890136719,261.5,261.864990234375,331191,261.98393273925785,262.24604772949215
2026-02-12 18:40:00+00:00,262.32000732421875,262.57501220703125,262.04998779296875,262.125,359593,262.18884732055665,262.45116732788085
2026-02-12 18:45:00+00:00,261.739990234375,262.3900146484375,261.7300109863281,262.32000732421875,304301,261.60912023925783,261.87086022949217
2026-02-12 18:50:00+00:00,261.4599914550781,261.95001220703125,261.4200134277344,261.7300109863281,305920,261.3292614593506,261.59072145080563
2026-02-12 18:55:00+00:00,261.7349853515625,261.760009765625,261.2300109863281,261.45001220703125,406817,261.60411785888675,261.86585284423825
2026-02-12 19:00:00+00:00,261.7699890136719,262.1199951171875,261.6000061035156,261.7099914550781,370668,261.6391040191651,261.9008740081787
2026-02-12 19:05:00+00:00,261.5799865722656,261.9200134277344,261.42999267578125,261.7701110839844,251019,261.4491965789795,261.7107765655517
2026-02-12 19:10:00+00:00,261.3367919921875,261.7200012207031,261.2799987792969,261.5799865722656,312248,261.20612359619145,261.46746038818355
2026-02-12 19:15:00+00:00,261.8299865722656,262.0,261.3500061035156,261.3599853515625,302888,261.6990715789795,261.96090156555175
2026-02-12 19:20:00+00:00,262.5616149902344,262.5799865722656,261.57000732421875,261.8349914550781,365745,262.4303341827393,262.6928957977295
2026-02-12 19:25:00+00:00,261.7799987792969,262.6700134277344,261.67999267578125,262.55999755859375,364606,261.64910877990724,261.9108887786865
2026-02-12 19:30:00+00:00,261.5400085449219,262.1611022949219,261.4800109863281,261.7699890136719,353041,261.4092385406494,261.6707785491943
2026-02-12 19:35:00+00:00,261.7720031738281,261.92498779296875,261.510009765625,261.54010009765625,287129,261.64111717224125,261.902889175415
2026-02-12 19:40:00+00:00,261.6400146484375,262.010009765625,261.55999755859375,261.7749938964844,263501,261.5091946411133,261.7708346557617
2026-02-12 19:45:00+00:00,261.9649963378906,262.44000244140625,261.6600036621094,261.6600036621094,330115,261.8340138397217,262.09597883605954
2026-02-12 19:50:00+00:00,261.777587890625,262.28021240234375,261.510009765625,261.9750061035156,315077,261.6466990966797,261.9084766845703
2026-02-12 19:55:00+00:00,262.04998779296875,262.1700134277344,261.75,261.7900085449219,357580,261.9189627990723,262.1810127868652
2026-02-12 20:00:00+00:00,262.2699890136719,262.2699890136719,261.8800048828125,262.05999755859375,283019,262.1388540191651,262.40112400817867
2026-02-12 20:05:00+00:00,261.92999267578125,262.489990234375,261.9100036621094,262.260009765625,327158,261.7990276794434,262.0609576721191
2026-02-12 20:10:00+00:00,262.0,262.010009765625,261.6000061035156,261.92999267578125,342409,261.869,262.131
2026-02-12 20:15:00+00:00,261.4200134277344,262.0299987792969,261.3695983886719,262.0050048828125,436656,261.2893034210205,261.55072343444823
2026-02-12 20:20:00+00:00,261.3999938964844,261.510009765625,261.1000061035156,261.3900146484375,335820,261.26929389953614,261.5306938934326
2026-02-12 20:25:00+00:00,261.489990234375,261.6400146484375,261.3599853515625,261.40411376953125,286837,261.3592452392578,261.6207352294922
2026-02-12 20:30:00+00:00,261.3059997558594,261.7200012207031,261.1300048828125,261.4800109863281,388583,261.1753467559815,261.43665275573727
2026-02-12 20:35:00+00:00,260.92999267578125,261.3599853515625,260.75,261.32000732421875,394495,260.7995276794434,261.0604576721191
2026-02-12 20:40:00+00:00,260.75,261.0,260.70001220703125,260.9150085449219,494426,260.61962500000004,260.88037499999996
2026-02-12 20:45:00+00:00,260.385009765625,260.8800048828125,260.2799987792969,260.7449951171875,576433,260.2548172607422,260.5152022705078
2026-02-12 20:50:00+00:00,262.43011474609375,262.489990234375,260.28009033203125,260.3999938964844,1158370,262.2988996887207,262.5613298034668
2026-02-12 20:55:00+00:00,261.5899963378906,262.510009765625,261.5400085449219,262.4599914550781,2626511,261.4592013397217,261.72079133605956
2026-02-13 14:30:00+00:00,259.29998779296875,262.2300109863281,258.79998779296875,262.010009765625,4578357,259.1703377990723,259.4296377868652
2026-02-13 14:35:00+00:00,259.385009765625,260.260009765625,258.79998779296875,259.3399963378906,772714,259.2553172607422,259.5147022705078
2026-02-13 14:40:00+00:00,259.5199890136719,260.19000244140625,259.0199890136719,259.3500061035156,646951,259.3902290191651,259.6497490081787
2026-02-13 14:45:00+00:00,260.2749938964844,260.9800109863281,259.3999938964844,259.510009765625,611692,260.14485639953614,260.4051313934326
2026-02-13 14:50:00+00:00,259.5,260.3266906738281,258.82000732421875,260.2699890136719,564613,259.37025,259.62975
2026-02-13 14:55:00+00:00,259.3299865722656,259.80999755859375,259.1000061035156,259.5199890136719,455113,259.2003215789795,259.4596515655517
2026-02-13 15:00:00+00:00,259.30999755859375,259.8500061035156,259.0,259.30999755859375,499497,259.18034255981445,259.43965255737305
2026-02-13 15:05:00+00:00,259.7799987792969,259.8349914550781,258.8800048828125,259.3399963378906,390285,259.6501087799072,259.90988877868654
2026-02-13 15:10:00+00:00,260.0199890136719,260.70001220703125,259.4100036621094,259.80999755859375,329068,259.889979019165,260.1499990081787
2026-02-13 15:15:00+00:00,259.67999267578125,260.3800048828125,259.6549987792969,260.04998779296875,288772,259.5501526794434,259.8098326721191
2026-02-13 15:20:00+00:00,259.4800109863281,259.9599914550781,259.32000732421875,259.67999267578125,280704,259.350270980835,259.6097509918213
2026-02-13 15:25:00+00:00,260.5950012207031,260.82000732421875,259.44000244140625,259.5,385488,260.4647037200928,260.72529872131344
2026-02-13 15:30:00+00:00,261.05999755859375,261.4100036621094,260.4750061035156,260.5799865722656,412885,260.92946755981444,261.19052755737306
2026-02-13 15:35:00+00:00,259.9800109863281,261.489990234375,259.95001220703125,261.0799865722656,363361,259.850020980835,260.11000099182127
2026-02-13 15:40:00+00:00,259.4895935058594,260.5098876953125,259.45001220703125,259.9599914550781,264998,259.3598487091065,259.6193383026123
2026-02-13 15:45:00+00:00,258.55999755859375,259.6099853515625,258.3699951171875,259.57000732421875,374815,258.43071755981447,258.68927755737303
2026-02-13 15:50:00+00:00,259.5,259.57501220703125,258.5299987792969,258.6499938964844,287491,259.37025,259.62975
2026-02-13 15:55:00+00:00,259.3900146484375,259.8399963378906,259.3500061035156,259.5350036621094,255243,259.2603196411133,259.5197096557617
2026-02-13 16:00:00+00:00,259.4649963378906,259.760009765625,259.31500244140625,259.42999267578125,185476,259.3352638397217,259.5947288360596
2026-02-13 16:05:00+00:00,259.4540100097656,259.7449951171875,259.1400146484375,259.45001220703125,382855,259.32428300476073,259.5837370147705
2026-02-13 16:10:00+00:00,259.3349914550781,259.54998779296875,258.94000244140625,259.489990234375,208817,259.2053239593506,259.46465895080564
2026-02-13 16:15:00+00:00,259.4750061035156,259.7799987792969,259.1700134277344,259.3450012207031,161105,259.3452686004639,259.60474360656735
2026-02-13 16:20:00+00:00,258.9599914550781,259.4700012207031,258.7699890136719,259.4700012207031,219049,258.8305114593506,259.08947145080566
2026-02-13 16:25:00+00:00,259.2875061035156,259.639892578125,258.69500732421875,258.9400939941406,281304,259.15786235046386,259.4171498565674
2026-02-13 16:30:00+00:00,259.55499267578125,259.6199951171875,259.0899963378906,259.2984924316406,223184,259.4252151794434,259.6847701721191
2026-02-13 16:35:00+00:00,259.3500061035156,259.55999755859375,258.6000061035156,259.5400085449219,255780,259.2203311004639,259.47968110656734
2026-02-13 16:40:00+00:00,259.45001220703125,259.6099853515625,259.239990234375,259.3999938964844,172959,259.32028720092774,259.57973721313476
2026-02-13 16:45:00+00:00,259.42999267578125,259.7300109863281,259.2799987792969,259.4800109863281,212010,259.30027767944335,259.55970767211915
2026-02-13 16:50:00+00:00,259.55999755859375,259.614990234375,259.2200012207031,259.404296875,166657,259.4302175598145,259.689777557373
2026-02-13 16:55:00+00:00,259.17999267578125,259.7799987792969,259.1499938964844,259.6300048828125,180093,259.0504026794434,259.3095826721191
2026-02-13 17:00:00+00:00,259.4700012207031,259.57000732421875,258.8900146484375,259.20001220703125,166354,259.3402662200928,259.59973622131344
2026-02-13 17:05:00+00:00,259.5299987792969,259.75,259.42999267578125,259.45001220703125,175188,259.40023377990724,259.6597637786865
2026-02-13 17:10:00+00:00,259.8450012207031,259.8699951171875,259.5199890136719,259.5350036621094,157870,259.7150787200928,259.9749237213135
2026-02-13 17:15:00+00:00,259.7900085449219,260.0799865722656,259.7650146484375,259.8599853515625,223810,259.66011354064943,259.9199035491943
2026-02-13 17:20:00+00:00,260.0899963378906,260.2099914550781,259.6600036621094,259.7829895019531,158181,259.95995133972167,260.2200413360596
2026-02-13 17:25:00+00:00,259.5899963378906,260.1400146484375,259.5899963378906,260.1050109863281,223420,259.4602013397217,259.71979133605953
2026-02-13 17:30:00+00:00,259.989990234375,260.0400085449219,259.5,259.5899963378906,221180,259.85999523925784,260.11998522949216
2026-02-13 17:35:00+00:00,260.07000732421875,260.1571960449219,259.8800048828125,259.9800109863281,186703,259.93997232055665,260.20004232788085
2026-02-13 17:40:00+00:00,260.1000061035156,260.2699890136719,259.9800109863281,260.07501220703125,173788,259.9699561004639,260.23005610656736
2026-02-13 17:45:00+00:00,259.5050048828125,260.17999267578125,259.3399963378906,260.1199951171875,345337,259.3752523803711,259.6347573852539
2026-02-13 17:50:00+00:00,259.260009765625,259.5400085449219,259.1199951171875,259.510009765625,242885,259.1303797607422,259.3896397705078
2026-02-13 17:55:00+00:00,259.0450134277344,259.3900146484375,259.0249938964844,259.2799987792969,243497,258.91549092102053,259.1745359344482
2026-02-13 18:00:00+00:00,258.92999267578125,259.20001220703125,258.79998779296875,259.0450134277344,218759,258.80052767944335,259.05945767211915
2026-02-13 18:05:00+00:00,258.8598937988281,259.010009765625,258.7699890136719,258.9100036621094,150052,258.73046385192873,258.9893237457275
2026-02-13 18:10:00+00:00,259.05999755859375,259.1400146484375,258.8299865722656,258.8500061035156,213467,258.9304675598145,259.189527557373
2026-02-13 18:15:00+00:00,258.94000244140625,259.2200012207031,258.8599853515625,259.04998779296875,6182599,258.81053244018557,259.06947244262693
2026-02-13 18:20:00+00:00,259.0950012207031,259.489990234375,258.92999267578125,258.94000244140625,0,258.9654537200928,259.22454872131345
2026-02-13 18:25:00+00:00,258.9100036621094,259.1011047363281,258.79998779296875,259.1011047363281,153851,258.7805486602783,259.0394586639404
2026-02-13 18:30:00+00:00,258.9849853515625,259.07000732421875,258.79998779296875,258.94000244140625,138522,258.85549285888675,259.11447784423825
2026-02-13 18:35:00+00:00,259.1300048828125,259.20001220703125,258.92999267578125,258.9800109863281,234107,259.0004398803711,259.2595698852539
2026-02-13 18:40:00+00:00,258.9729919433594,259.20001220703125,258.94500732421875,259.1650085449219,132874,258.8435054473877,259.10247843933104
2026-02-13 18:45:00+00:00,259.0,259.30999755859375,258.9700012207031,258.9849853515625,267269,258.8705,259.1295
2026-02-13 18:50:00+00:00,258.80010986328125,259.0398864746094,258.5799865722656,258.9800109863281,382061,258.6707098083496,258.9295099182129
2026-02-13 18:55:00+00:00,258.70001220703125,259.0,258.625,258.79998779296875,183176,258.57066220092776,258.82936221313474
2026-02-13 19:00:00+00:00,258.69000244140625,258.893798828125,258.6300048828125,258.7101135253906,144614,258.56065744018554,258.81934744262696
2026-02-13 19:05:00+00:00,258.8900146484375,258.95001220703125,258.6000061035156,258.7099914550781,223646,258.7605696411133,259.0194596557617
2026-02-13 19:10:00+00:00,258.82000732421875,259.0199890136719,258.7500915527344,258.8599853515625,183840,258.69059732055666,258.94941732788084
2026-02-13 19:15:00+00:00,258.95001220703125,258.95001220703125,258.7200012207031,258.8100891113281,133276,258.82053720092773,259.07948721313477
2026-02-13 19:20:00+00:00,258.7699890136719,258.9800109863281,258.75,258.9435119628906,141094,258.64060401916504,258.8993740081787
2026-02-13 19:25:00+00:00,258.4599914550781,258.7900085449219,258.2799987792969,258.7799987792969,237136,258.3307614593506,258.58922145080567
2026-02-13 19:30:00+00:00,258.3500061035156,258.5899963378906,258.260009765625,258.4800109863281,244852,258.2208311004639,258.47918110656735
2026-02-13 19:35:00+00:00,258.30999755859375,258.4700012207031,258.20001220703125,258.3431091308594,183101,258.1808425598145,258.439152557373
2026-02-13 19:40:00+00:00,258.0451965332031,258.3999938964844,257.9601135253906,258.32000732421875,258267,257.9161739349365,258.1742191314697
2026-02-13 19:45:00+00:00,258.20001220703125,258.3099060058594,257.92999267578125,258.0299987792969,157662,258.07091220092775,258.32911221313475
2026-02-13 19:50:00+00:00,258.4649963378906,258.4649963378906,258.090087890625,258.2099914550781,187510,258.3357638397217,258.59422883605953
2026-02-13 19:55:00+00:00,258.1099853515625,258.7300109863281,258.04998779296875,258.4800109863281,284557,257.9809303588867,258.2390403442383
2026-02-13 20:00:00+00:00,258.2650146484375,258.5398864746094,258.0849914550781,258.1050109863281,271435,258.1358821411133,258.3941471557617
2026-02-13 20:05:00+00:00,257.7300109863281,258.30999755859375,257.57501220703125,258.260009765625,472059,257.601145980835,257.85887599182126
2026-02-13 20:10:00+00:00,257.5199890136719,258.010009765625,257.5199890136719,257.7200012207031,269195,257.39122901916505,257.6487490081787
2026-02-13 20:15:00+00:00,257.2898864746094,257.70001220703125,257.010009765625,257.5400085449219,493556,257.16124153137207,257.4185314178467
2026-02-13 20:20:00+00:00,256.7349853515625,257.3299865722656,256.67999267578125,257.2799987792969,440698,256.60661785888675,256.86335284423825
2026-02-13 20:25:00+00:00,255.91000366210938,256.79998779296875,255.8173065185547,256.7314147949219,716400,255.78204866027832,256.0379586639404
2026-02-13 20:30:00+00:00,255.50999450683594,256.17999267578125,255.4499969482422,255.91000366210938,761240,255.38223950958255,255.63774950408933
2026-02-13 20:35:00+00:00,255.93499755859375,256.07000732421875,255.4499969482422,255.52999877929688,662997,255.80703005981448,256.06296505737305
2026-02-13 20:40:00+00:00,255.875,256.2099914550781,255.75,255.9600067138672,506679,255.74706250000003,256.0029375
2026-02-13 20:45:00+00:00,255.97000122070312,256.0899963378906,255.72999572753906,255.8800048828125,533621,255.84201622009277,256.0979862213135
2026-02-13 20:50:00+00:00,256.43341064453125,256.6600036621094,255.72999572753906,255.97000122070312,1496727,256.305193939209,256.5616273498535
2026-02-13 20:55:00+00:00,255.82000732421875,256.45001220703125,255.58999633789062,256.45001220703125,2759662,255.69209732055666,255.94791732788084
2026-02-17 14:30:00+00:00,258.70001220703125,259.489990234375,255.55299377441406,258.04998779296875,2753104,258.57066220092776,258.82936221313474
2026-02-17 14:35:00+00:00,259.0199890136719,259.6700134277344,258.0849914550781,258.70001220703125,691826,258.89047901916507,259.1494990081787
2026-02-17 14:40:00+00:00,258.9599914550781,259.6600036621094,258.6499938964844,259.05999755859375,529794,258.8305114593506,259.08947145080566
2026-02-17 14:45:00+00:00,259.2900085449219,259.7200012207031,258.3800048828125,258.94000244140625,604529,259.1603635406494,259.4196535491943
2026-02-17 14:50:00+00:00,259.09991455078125,259.6400146484375,258.5199890136719,259.29998779296875,355159,258.97036459350585,259.22946450805665
2026-02-17 14:55:00+00:00,258.6000061035156,259.1000061035156,258.17999267578125,259.1000061035156,403802,258.4707061004639,258.7293061065674
2026-02-17 15:00:00+00:00,259.5,259.7200012207031,258.43499755859375,258.55499267578125,369024,259.37025,259.62975
2026-02-17 15:05:00+00:00,259.6300048828125,259.7200012207031,259.1600036621094,259.5150146484375,296663,259.5001898803711,259.7598198852539
2026-02-17 15:10:00+00:00,259.81500244140625,260.0,259.260009765625,259.6300048828125,435426,259.68509494018554,259.94490994262696
2026-02-17 15:15:00+00:00,261.260009765625,261.3900146484375,259.7850036621094,259.7900085449219,737567,261.1293797607422,261.3906397705078
2026-02-17 15:20:00+00:00,260.090087890625,261.2799987792969,259.92999267578125,261.2300109863281,504368,259.9600428466797,260.2201329345703
2026-02-17 15:25:00+00:00,259.6400146484375,260.29998779296875,259.4100036621094,260.1099853515625,414870,259.5101946411133,259.7698346557617
2026-02-17 15:30:00+00:00,259.510009765625,259.7998962402344,258.9700012207031,259.6300048828125,320015,259.3802547607422,259.6397647705078
2026-02-17 15:35:00+00:00,259.5899963378906,259.9100036621094,259.2820129394531,259.5249938964844,3630575,259.4602013397217,259.71979133605953
2026-02-17 15:40:00+00:00,259.75,259.9549865722656,259.4200134277344,259.5899963378906,0,259.62012500000003,259.87987499999997
2026-02-17 15:45:00+00:00,260.01141357421875,260.1400146484375,259.67999267578125,259.7300109863281,231405,259.8814078674317,260.1414192810058
2026-02-17 15:50:00+00:00,259.1600036621094,260.0899963378906,259.0799865722656,259.9800109863281,346713,259.03042366027836,259.2895836639404
2026-02-17 15:55:00+00:00,259.1481018066406,259.3599853515625,258.82000732421875,259.1300048828125,366259,259.0185277557373,259.27767585754395
2026-02-17 16:00:00+00:00,259.1824951171875,259.625,258.739990234375,259.1700134277344,282103,259.0529038696289,259.3120863647461
2026-02-17 16:05:00+00:00,259.7799987792969,259.8900146484375,259.09600830078125,259.2049865722656,233365,259.6501087799072,259.90988877868654
2026-02-17 16:10:00+00:00,260.4049987792969,260.42999267578125,259.6099853515625,259.79998779296875,304620,260.27479627990726,260.5352012786865
2026-02-17 16:15:00+00:00,260.510009765625,260.54998779296875,260.04010009765625,260.44000244140625,319839,260.37975476074223,260.64026477050777
2026-02-17 16:20:00+00:00,260.8699951171875,260.9800109863281,260.3399963378906,260.4800109863281,279128,260.73956011962895,261.00043011474605
2026-02-17 16:25:00+00:00,260.2650146484375,260.8599853515625,260.2099914550781,260.8414001464844,213299,260.1348821411133,260.3951471557617
2026-02-17 16:30:00+00:00,260.2200012207031,260.3299865722656,259.92999267578125,260.2550048828125,255860,260.0898912200928,260.35011122131345
2026-02-17 16:35:00+00:00,260.75,260.8399963378906,259.9599914550781,260.1600036621094,253873,260.61962500000004,260.88037499999996
2026-02-17 16:40:00+00:00,260.3800048828125,260.8800048828125,260.360107421875,260.7001037597656,200279,260.2498148803711,260.5101948852539
2026-02-17 16:45:00+00:00,260.2699890136719,260.5,260.17999267578125,260.4100036621094,149860,260.13985401916506,260.4001240081787
2026-02-17 16:50:00+00:00,261.04998779296875,261.04998779296875,260.260009765625,260.260009765625,195483,260.9194627990723,261.1805127868652
2026-02-17 16:55:00+00:00,261.4700012207031,261.7298889160156,261.0,261.0466003417969,341709,261.3392662200928,261.60073622131347
2026-02-17 17:00:00+00:00,261.9389953613281,261.989990234375,261.20001220703125,261.44500732421875,332377,261.80802586364746,262.0699648590088
2026-02-17 17:05:00+00:00,261.5899963378906,262.2300109863281,261.447509765625,261.9200134277344,280500,261.4592013397217,261.72079133605956
2026-02-17 17:10:00+00:00,261.739990234375,261.7799987792969,261.1600036621094,261.5799865722656,300137,261.60912023925783,261.87086022949217
2026-02-17 17:15:00+00:00,261.79998779296875,261.94000244140625,261.6000061035156,261.739990234375,440569,261.66908779907226,261.93088778686524
2026-02-17 17:20:00+00:00,261.5,261.8399963378906,261.25,261.79998779296875,202167,261.36925,261.63075
2026-02-17 17:25:00+00:00,261.84991455078125,261.8800048828125,261.3399963378906,261.510009765625,183421,261.71898959350585,261.98083950805665
2026-02-17 17:30:00+00:00,261.92999267578125,262.1400146484375,261.3900146484375,261.8500061035156,256008,261.7990276794434,262.0609576721191
2026-02-17 17:35:00+00:00,261.8599853515625,262.4700012207031,261.7300109863281,261.94000244140625,290843,261.72905535888674,261.99091534423826
2026-02-17 17:40:00+00:00,261.2200012207031,262.0849914550781,261.2099914550781,261.8900146484375,223636,261.0893912200928,261.35061122131344
2026-02-17 17:45:00+00:00,261.3399963378906,261.55999755859375,260.9100036621094,261.20001220703125,291807,261.2093263397217,261.47066633605954
2026-02-17 17:50:00+00:00,261.489990234375,262.739990234375,261.2799987792969,261.3500061035156,479890,261.3592452392578,261.6207352294922
2026-02-17 17:55:00+00:00,262.2850036621094,262.3699951171875,261.4800109863281,261.5,231499,262.1538611602783,262.4161461639404
2026-02-17 18:00:00+00:00,262.5899963378906,262.8500061035156,262.2200012207031,262.2799987792969,341085,262.4587013397217,262.72129133605955
2026-02-17 18:05:00+00:00,262.4195861816406,262.7799987792969,262.30999755859375,262.6099853515625,272829,262.2883763885498,262.55079597473144
2026-02-17 18:10:00+00:00,262.2200012207031,262.5098876953125,262.07000732421875,262.42999267578125,219921,262.08889122009276,262.3511112213135
2026-02-17 18:15:00+00:00,262.2950134277344,262.3999938964844,262.0685119628906,262.20001220703125,163002,262.16386592102054,262.4261609344482
2026-02-17 18:20:00+00:00,263.2847900390625,263.67999267578125,262.32000732421875,262.3399963378906,429158,263.153147644043,263.416432434082
2026-02-17 18:25:00+00:00,263.3999938964844,263.5899963378906,262.8699951171875,263.27020263671875,196104,263.26829389953616,263.5316938934326
2026-02-17 18:30:00+00:00,263.6700134277344,263.8599853515625,263.32000732421875,263.4599914550781,243137,263.5381784210205,263.80184843444823
2026-02-17 18:35:00+00:00,264.3999938964844,264.4299011230469,263.3599853515625,263.6400146484375,375156,264.2677938995362,264.5321938934326
2026-02-17 18:40:00+00:00,264.9700012207031,265.1000061035156,264.3901062011719,264.4200134277344,493225,264.83751622009277,265.1024862213135
2026-02-17 18:45:00+00:00,265.1549987792969,265.30499267578125,264.8299865722656,264.9549865722656,364307,265.02242127990723,265.2875762786865
2026-02-17 18:50:00+00:00,265.8500061035156,265.8500061035156,265.1379089355469,265.1600036621094,472899,265.7170811004639,265.9829311065674
2026-02-17 18:55:00+00:00,265.8114929199219,266.1099853515625,265.54998779296875,265.8800048828125,563711,265.67858717346195,265.9443986663818
2026-02-17 19:00:00+00:00,266.0899963378906,266.2900085449219,265.7799987792969,265.79998779296875,398799,265.9569513397217,266.22304133605957
2026-02-17 19:05:00+00:00,265.5712890625,266.239990234375,265.4901123046875,266.1300048828125,319095,265.4385034179688,265.7040747070312
2026-02-17 19:10:00+00:00,265.6400146484375,265.75,265.510009765625,265.5799865722656,220464,265.5071946411133,265.7728346557617
2026-02-17 19:15:00+00:00,265.5199890136719,265.92999267578125,265.489990234375,265.6700134277344,261374,265.38722901916503,265.6527490081787
2026-02-17 19:20:00+00:00,265.44000244140625,265.5400085449219,265.19000244140625,265.5350036621094,207892,265.3072824401856,265.5727224426269
2026-02-17 19:25:00+00:00,265.2850036621094,265.79998779296875,265.2300109863281,265.4700012207031,244616,265.15236116027836,265.4176461639404
2026-02-17 19:30:00+00:00,265.4800109863281,265.639892578125,265.260009765625,265.260009765625,213631,265.347270980835,265.61275099182126
2026-02-17 19:35:00+00:00,265.69000244140625,265.7799987792969,265.20001220703125,265.489990234375,171082,265.55715744018556,265.82284744262694
2026-02-17 19:40:00+00:00,265.8500061035156,265.8699951171875,265.6700134277344,265.7149963378906,161812,265.7170811004639,265.9829311065674
2026-02-17 19:45:00+00:00,265.80499267578125,266.14990234375,265.67999267578125,265.82000732421875,294933,265.6720901794434,265.9378951721191
2026-02-17 19:50:00+00:00,265.4949951171875,265.8800048828125,265.42999267578125,265.80499267578125,276803,265.36224761962893,265.62774261474607
2026-02-17 19:55:00+00:00,265.19000244140625,265.5,264.989990234375,265.489990234375,283001,265.05740744018556,265.32259744262694
2026-02-17 20:00:00+00:00,265.3399963378906,265.4599914550781,265.0899963378906,265.20001220703125,198596,265.2073263397217,265.47266633605955
2026-02-17 20:05:00+00:00,265.1199035644531,265.5398864746094,265.0299987792969,265.3699951171875,203940,264.98734361267094,265.2524635162353
2026-02-17 20:10:00+00:00,264.95001220703125,265.20001220703125,264.760009765625,265.1099853515625,221748,264.81753720092775,265.08248721313475
2026-02-17 20:15:00+00:00,264.5799865722656,265.010009765625,264.54998779296875,264.9400939941406,264331,264.4476965789795,264.71227656555175
2026-02-17 20:20:00+00:00,264.1000061035156,264.69000244140625,264.0201110839844,264.6099853515625,287250,263.9679561004639,264.23205610656737
2026-02-17 20:25:00+00:00,264.2900085449219,264.4399108886719,264.1000061035156,264.1000061035156,248485,264.15786354064943,264.4221535491943
2026-02-17 20:30:00+00:00,263.95001220703125,264.3500061035156,263.8599853515625,264.2950134277344,339886,263.81803720092773,264.08198721313477
2026-02-17 20:35:00+00:00,263.7200012207031,264.0299987792969,263.5899963378906,263.9549865722656,264058,263.5881412200928,263.85186122131347
2026-02-17 20:40:00+00:00,264.2699890136719,264.4100036621094,263.6400146484375,263.7200012207031,320669,264.13785401916505,264.4021240081787
2026-02-17 20:45:00+00:00,263.989990234375,264.5299987792969,263.95379638671875,264.2799987792969,375194,263.85799523925783,264.12198522949217
2026-02-17 20:50:00+00:00,263.1700134277344,264.1400146484375,262.5,263.9800109863281,900910,263.0384284210205,263.30159843444824
2026-02-17 20:55:00+00:00,263.75,264.010009765625,263.0950012207031,263.19000244140625,1977487,263.618125,263.881875
2026-02-18 14:30:00+00:00,263.4700012207031,264.9100036621094,262.7200012207031,263.5,3886508,263.3382662200928,263.60173622131344
2026-02-18 14:35:00+00:00,263.9949951171875,264.4700012207031,262.7200012207031,263.5299987792969,546705,263.8629976196289,264.1269926147461
2026-02-18 14:40:00+00:00,263.3949890136719,264.0946044921875,262.8599853515625,263.9700012207031,293364,263.2632915191651,263.52668650817867
2026-02-18 14:45:00+00:00,262.8450012207031,263.510009765625,262.45001220703125,263.4200134277344,388793,262.7135787200928,262.97642372131344
2026-02-18 14:50:00+00:00,263.9049987792969,263.9700012207031,262.5199890136719,262.8599853515625,344263,263.77304627990725,264.0369512786865
2026-02-18 14:55:00+00:00,264.210205078125,264.55999755859375,263.69000244140625,263.8800048828125,357038,264.0780999755859,264.3423101806641
2026-02-18 15:00:00+00:00,264.8800048828125,264.94000244140625,263.7699890136719,264.2099914550781,373024,264.7475648803711,265.0124448852539
2026-02-18 15:05:00+00:00,264.8599853515625,265.1000061035156,264.6099853515625,264.9100036621094,366311,264.7275553588867,264.9924153442383
2026-02-18 15:10:00+00:00,264.5400085449219,265.0,264.3699951171875,264.8999938964844,323532,264.4077385406494,264.67227854919435
2026-02-18 15:15:00+00:00,265.1600036621094,265.1700134277344,264.510009765625,264.5799865722656,366230,265.0274236602783,265.29258366394043
2026-02-18 15:20:00+00:00,265.3900146484375,265.4200134277344,264.8399963378906,265.1600036621094,302961,265.25731964111327,265.52270965576173
2026-02-18 15:25:00+00:00,265.398193359375,265.6499938964844,265.1499938964844,265.4049987792969,249050,265.2654942626953,265.5308924560547
2026-02-18 15:30:00+00:00,265.6000061035156,265.6300048828125,265.04998779296875,265.3900146484375,286025,265.4672061004639,265.73280610656735
2026-02-18 15:35:00+00:00,265.5824890136719,265.75,265.2950134277344,265.6054992675781,183548,265.449697769165,265.7152802581787
2026-02-18 15:40:00+00:00,265.67999267578125,265.75,265.0899963378906,265.5400085449219,222231,265.5471526794434,265.8128326721191
2026-02-18 15:45:00+00:00,265.56500244140625,265.739990234375,265.3900146484375,265.70001220703125,192260,265.4322199401856,265.6977849426269
2026-02-18 15:50:00+00:00,265.78009033203125,265.95001220703125,265.510009765625,265.5799865722656,209226,265.64720028686526,265.91298037719724
2026-02-18 15:55:00+00:00,265.1600036621094,265.79998779296875,265.0400085449219,265.7950134277344,216611,265.0274236602783,265.29258366394043
2026-02-18 16:00:00+00:00,265.3299865722656,265.6299133300781,265.1300048828125,265.15509033203125,214602,265.1973215789795,265.46265156555177
2026-02-18 16:05:00+00:00,265.1199951171875,265.6499938964844,265.1000061035156,265.3299865722656,162177,264.9874351196289,265.2525551147461
2026-02-18 16:10:00+00:00,265.19500732421875,265.56988525390625,265.1099853515625,265.1199951171875,156235,265.06240982055664,265.32760482788086
2026-02-18 16:15:00+00:00,265.4100036621094,265.5899963378906,265.1650085449219,265.20001220703125,150251,265.27729866027835,265.5427086639404
2026-02-18 16:20:00+00:00,265.7538146972656,265.760009765625,265.375,265.3999938964844,151915,265.620937789917,265.88669160461427
2026-02-18 16:25:00+00:00,266.0400085449219,266.0899963378906,265.6300048828125,265.7550048828125,227663,265.9069885406494,266.1730285491943
2026-02-18 16:30:00+00:00,266.375,266.82000732421875,265.9800109863281,266.0249938964844,297463,266.24181250000004,266.50818749999996
2026-02-18 16:35:00+00:00,266.1698913574219,266.5400085449219,266.1199951171875,266.3800048828125,161740,266.03680641174316,266.3029763031006
2026-02-18 16:40:00+00:00,266.0,266.239990234375,265.92999267578125,266.17999267578125,128909,265.867,266.133
2026-02-18 16:45:00+00:00,265.6400146484375,266.0199890136719,265.6199951171875,266.0,196797,265.5071946411133,265.7728346557617
2026-02-18 16:50:00+00:00,265.3299865722656,265.9100036621094,265.26031494140625,265.6499938964844,187747,265.1973215789795,265.46265156555177
2026-02-18 16:55:00+00:00,265.1700134277344,265.3699951171875,265.1700134277344,265.3244934082031,116923,265.03742842102054,265.3025984344482
2026-02-18 17:00:00+00:00,265.6200866699219,265.65960693359375,265.20001220703125,265.20001220703125,126196,265.48727662658695,265.7528967132568
2026-02-18 17:05:00+00:00,265.7749938964844,266.0,265.60009765625,265.6199951171875,180410,265.64210639953615,265.9078813934326
2026-02-18 17:10:00+00:00,265.4201965332031,265.7699890136719,265.3500061035156,265.7699890136719,112417,265.2874864349365,265.55290663146974
2026-02-18 17:15:00+00:00,265.6080017089844,265.6709899902344,265.3299865722656,265.4100036621094,140377,265.4751977081299,265.74080570983887
2026-02-18 17:20:00+00:00,265.45001220703125,265.6700134277344,265.42999267578125,265.5950012207031,93689,265.31728720092775,265.58273721313475
2026-02-18 17:25:00+00:00,265.4200134277344,265.54998779296875,265.3450012207031,265.44000244140625,98097,265.2873034210205,265.55272343444824
2026-02-18 17:30:00+00:00,265.17498779296875,265.54998779296875,265.1499938964844,265.4100036621094,102646,265.04240029907226,265.30757528686524
2026-02-18 17:35:00+00:00,265.2349853515625,265.45001220703125,265.1499938964844,265.1499938964844,115350,265.10236785888674,265.36760284423826
2026-02-18 17:40:00+00:00,265.093994140625,265.2349853515625,265.0,265.2300109863281,142575,264.9614471435547,265.2265411376953
2026-02-18 17:45:00+00:00,265.2701110839844,265.2998962402344,265.07000732421875,265.1199951171875,120917,265.1374760284424,265.40274613952636
2026-02-18 17:50:00+00:00,265.510009765625,265.6000061035156,265.2699890136719,265.2799987792969,119312,265.3772547607422,265.6427647705078
2026-02-18 17:55:00+00:00,265.260009765625,265.6400146484375,265.2149963378906,265.5299987792969,92773,265.1273797607422,265.3926397705078
2026-02-18 18:00:00+00:00,265.614990234375,265.7799987792969,265.17999267578125,265.25,113802,265.48218273925784,265.74779772949216
2026-02-18 18:05:00+00:00,265.6099853515625,265.7300109863281,265.4800109863281,265.6000061035156,141238,265.47718035888676,265.74279034423824
2026-02-18 18:10:00+00:00,265.7149963378906,265.7499084472656,265.57000732421875,265.6000061035156,83777,265.5821388397217,265.8478538360595
2026-02-18 18:15:00+00:00,265.8299865722656,265.9599914550781,265.7099914550781,265.7300109863281,93967,265.6970715789795,265.96290156555176
2026-02-18 18:20:00+00:00,265.739990234375,265.8599853515625,265.6600036621094,265.82000732421875,88893,265.6071202392578,265.8728602294922
2026-02-18 18:25:00+00:00,265.39990234375,265.8599853515625,265.30999755859375,265.760009765625,120168,265.26720239257816,265.53260229492184
2026-02-18 18:30:00+00:00,265.44000244140625,265.489990234375,265.260009765625,265.3800048828125,120415,265.3072824401856,265.5727224426269
2026-02-18 18:35:00+00:00,265.5050048828125,265.5790100097656,265.31768798828125,265.4493103027344,102351,265.3722523803711,265.6377573852539
2026-02-18 18:40:00+00:00,265.1199951171875,265.5199890136719,264.8299865722656,265.5150146484375,157090,264.9874351196289,265.2525551147461
2026-02-18 18:45:00+00:00,265.1261901855469,265.20001220703125,264.9903869628906,265.1300048828125,94183,264.99362709045414,265.2587532806396
2026-02-18 18:50:00+00:00,265.04998779296875,265.1650085449219,264.739990234375,265.125,126177,264.91746279907227,265.18251278686523
2026-02-18 18:55:00+00:00,265.0736083984375,265.1600036621094,264.9700927734375,265.0199890136719,86362,264.9410715942383,265.2061452026367
2026-02-18 19:00:00+00:00,264.9645080566406,265.1000061035156,264.8500061035156,265.081787109375,93613,264.8320258026123,265.09699031066896
2026-02-18 19:05:00+00:00,264.864990234375,265.0799865722656,264.8399963378906,264.9700012207031,136488,264.7325577392578,264.9974227294922
2026-02-18 19:10:00+00:00,264.6499938964844,264.94000244140625,264.6300048828125,264.8540954589844,87484,264.51766889953615,264.7823188934326
2026-02-18 19:15:00+00:00,264.5799865722656,264.70001220703125,264.52301025390625,264.6449890136719,112180,264.4476965789795,264.71227656555175
2026-02-18 19:20:00+00:00,264.82000732421875,264.8800048828125,264.5799865722656,264.6000061035156,101866,264.6875973205567,264.9524173278808
2026-02-18 19:25:00+00:00,264.57000732421875,264.8999938964844,264.56500244140625,264.8299865722656,94352,264.43772232055665,264.70229232788085
2026-02-18 19:30:00+00:00,264.2749938964844,264.6299133300781,264.2112121582031,264.5950012207031,147413,264.14285639953613,264.4071313934326
2026-02-18 19:35:00+00:00,263.9042053222656,264.3099060058594,263.7601013183594,264.25,123026,263.7722532196045,264.0361574249267
2026-02-18 19:40:00+00:00,264.019287109375,264.2099914550781,263.8949890136719,263.8949890136719,112483,263.8872774658203,264.1512967529297
2026-02-18 19:45:00+00:00,264.19000244140625,264.3500061035156,263.95001220703125,264.010009765625,123486,264.05790744018555,264.32209744262695
2026-02-18 19:50:00+00:00,263.8699951171875,264.2699890136719,263.8450012207031,264.1499938964844,120076,263.7380601196289,264.0019301147461
2026-02-18 19:55:00+00:00,263.743408203125,263.9200134277344,263.57000732421875,263.8599853515625,146880,263.61153649902343,263.87527990722657
2026-02-18 20:00:00+00:00,263.6369934082031,264.0,263.6369934082031,263.79998779296875,176150,263.505174911499,263.76881190490724
2026-02-18 20:05:00+00:00,263.4700012207031,263.75,263.4501037597656,263.6300048828125,141207,263.3382662200928,263.60173622131344
2026-02-18 20:10:00+00:00,263.6099853515625,263.6300048828125,263.2099914550781,263.4700012207031,215199,263.47818035888673,263.74179034423827
2026-02-18 20:15:00+00:00,263.4599914550781,263.6600036621094,263.3900146484375,263.6296081542969,152359,263.3282614593506,263.59172145080566
2026-02-18 20:20:00+00:00,263.7300109863281,263.8399963378906,263.42999267578125,263.4700012207031,139308,263.598145980835,263.86187599182125
2026-02-18 20:25:00+00:00,263.739990234375,263.8500061035156,263.6199951171875,263.7200012207031,129886,263.6081202392578,263.8718602294922
2026-02-18 20:30:00+00:00,264.0400085449219,264.1000061035156,263.739990234375,263.739990234375,153270,263.90798854064946,264.1720285491943
2026-02-18 20:35:00+00:00,264.0899963378906,264.1499938964844,263.8599853515625,264.0299987792969,145539,263.9579513397217,264.22204133605953
2026-02-18 20:40:00+00:00,264.1600036621094,264.2200012207031,263.989990234375,264.1050109863281,169458,264.02792366027836,264.2920836639404
2026-02-18 20:45:00+00:00,264.70001220703125,264.7799987792969,264.0830078125,264.1600036621094,219098,264.56766220092777,264.83236221313473
2026-02-18 20:50:00+00:00,265.2449951171875,265.5299987792969,264.7070007324219,264.7300109863281,457434,265.1123726196289,265.3776176147461
2026-02-18 20:55:00+00:00,264.32000732421875,265.38409423828125,264.2099914550781,265.2449951171875,1960320,264.18784732055667,264.45216732788083
2026-02-19 14:30:00+00:00,263.43499755859375,264.319091796875,262.3800048828125,262.6000061035156,1653594,263.3032800598145,263.566715057373
2026-02-19 14:35:00+00:00,262.760009765625,263.8299865722656,262.2900085449219,263.4100036621094,385050,262.62862976074223,262.89138977050777
2026-02-19 14:40:00+00:00,263.7200012207031,263.739990234375,262.5199890136719,262.7914123535156,304376,263.5881412200928,263.85186122131347
2026-02-19 14:45:00+00:00,263.9100036621094,264.0799865722656,263.29998779296875,263.7250061035156,268453,263.77804866027833,264.0419586639404
2026-02-19 14:50:00+00:00,264.1400146484375,264.3500061035156,263.739990234375,263.9200134277344,216753,264.0079446411133,264.2720846557617
2026-02-19 14:55:00+00:00,263.7799987792969,264.25,263.6300048828125,264.1400146484375,223611,263.64810877990726,263.9118887786865
2026-02-19 15:00:00+00:00,263.7699890136719,264.1449890136719,263.010009765625,263.7699890136719,314812,263.63810401916504,263.9018740081787
2026-02-19 15:05:00+00:00,263.1400146484375,263.8299865722656,262.9599914550781,263.82000732421875,269150,263.0084446411133,263.2715846557617
2026-02-19 15:10:00+00:00,262.9649963378906,263.3800048828125,262.8500061035156,263.135009765625,182181,262.8335138397217,263.09647883605953
2026-02-19 15:15:00+00:00,263.2279968261719,263.32989501953125,262.9599914550781,262.989990234375,168117,263.0963828277588,263.35961082458493
2026-02-19 15:20:00+00:00,263.6600036621094,263.67999267578125,263.1000061035156,263.215087890625,209045,263.52817366027836,263.7918336639404
2026-02-19 15:25:00+00:00,262.8699951171875,263.77679443359375,262.7701110839844,263.6499938964844,177585,262.7385601196289,263.0014301147461
2026-02-19 15:30:00+00:00,263.760009765625,263.8500061035156,262.7601013183594,262.8800048828125,195601,263.6281297607422,263.8918897705078
2026-02-19 15:35:00+00:00,263.8399963378906,264.07501220703125,263.6700134277344,263.7799987792969,126948,263.7080763397217,263.97191633605956
2026-02-19 15:40:00+00:00,263.82000732421875,263.9346008300781,263.6499938964844,263.8299865722656,142459,263.68809732055666,263.95191732788084
2026-02-19 15:45:00+00:00,263.7699890136719,263.9200134277344,263.6300048828125,263.8179931640625,117666,263.63810401916504,263.9018740081787
2026-02-19 15:50:00+00:00,263.4200134277344,263.79998779296875,263.1700134277344,263.75,192068,263.28830342102054,263.5517234344482
2026-02-19 15:55:00+00:00,263.8299865722656,264.0,263.4100036621094,263.4599914550781,143834,263.6980715789795,263.9619015655517
2026-02-19 16:00:00+00:00,263.43499755859375,263.9119873046875,263.42999267578125,263.8299865722656,101629,263.3032800598145,263.566715057373
2026-02-19 16:05:00+00:00,263.45001220703125,263.45001220703125,263.0299987792969,263.42498779296875,129217,263.3182872009277,263.5817372131348
2026-02-19 16:10:00+00:00,263.7200012207031,263.7200012207031,263.1820983886719,263.44500732421875,125521,263.5881412200928,263.85186122131347
2026-02-19 16:15:00+00:00,264.0249938964844,264.0299987792969,263.6700134277344,263.7200012207031,124613,263.89298139953615,264.1570063934326
2026-02-19 16:20:00+00:00,264.2929992675781,264.4800109863281,264.04998779296875,264.04998779296875,181384,264.16085276794433,264.4251457672119
2026-02-19 16:25:00+00:00,263.6199951171875,264.4599914550781,263.57000732421875,264.2900085449219,145822,263.4881851196289,263.7518051147461
2026-02-19 16:30:00+00:00,264.07000732421875,264.0975036621094,263.54010009765625,263.6700134277344,132071,263.93797232055664,264.20204232788086
2026-02-19 16:35:00+00:00,263.8399963378906,264.1400146484375,263.67999267578125,264.1199951171875,138571,263.7080763397217,263.97191633605956
2026-02-19 16:40:00+00:00,263.3599853515625,264.0299987792969,263.3299865722656,263.8500061035156,197781,263.22830535888676,263.49166534423824
2026-02-19 16:45:00+00:00,263.17999267578125,263.57989501953125,263.0899963378906,263.3399963378906,134307,263.04840267944337,263.31158267211913
2026-02-19 16:50:00+00:00,263.42999267578125,263.44000244140625,262.9700012207031,263.17999267578125,212254,263.2982776794434,263.5617076721191
2026-02-19 16:55:00+00:00,263.1199951171875,263.4750061035156,263.1199951171875,263.4700012207031,139903,262.98843511962895,263.25155511474605
2026-02-19 17:00:00+00:00,262.8799133300781,263.20001220703125,262.7900085449219,263.1700134277344,130053,262.7484733734131,263.01135328674314
2026-02-19 17:05:00+00:00,262.81500244140625,263.0400085449219,262.6900939941406,262.8550109863281,207907,262.68359494018557,262.94640994262693
2026-02-19 17:10:00+00:00,263.04998779296875,263.1099853515625,262.7701110839844,262.79998779296875,140293,262.9184627990723,263.1815127868652
2026-02-19 17:15:00+00:00,263.0899963378906,263.3900146484375,262.9200134277344,263.04998779296875,135878,262.9584513397217,263.22154133605954
2026-02-19 17:20:00+00:00,263.385009765625,263.5299987792969,263.0299987792969,263.04010009765625,125115,263.2533172607422,263.5167022705078
2026-02-19 17:25:00+00:00,262.94000244140625,263.3699951171875,262.90008544921875,263.3500061035156,91859,262.80853244018556,263.07147244262694
2026-02-19 17:30:00+00:00,262.7900085449219,262.96990966796875,262.690185546875,262.8999938964844,113486,262.6586135406494,262.92140354919434
2026-02-19 17:35:00+00:00,262.80999755859375,263.0,262.6000061035156,262.7950134277344,86853,262.6785925598145,262.941402557373
2026-02-19 17:40:00+00:00,262.760009765625,263.05999755859375,262.7500915527344,262.8800048828125,65633,262.62862976074223,262.89138977050777
2026-02-19 17:45:00+00:00,262.30999755859375,262.79998779296875,262.0299987792969,262.7887878417969,128409,262.1788425598145,262.441152557373
2026-02-19 17:50:00+00:00,262.2250061035156,262.5899963378906,262.1000061035156,262.2950134277344,86615,262.0938936004639,262.35611860656735
2026-02-19 17:55:00+00:00,262.0799865722656,262.3703918457031,261.9949951171875,262.2900085449219,73725,261.94894657897953,262.2110265655517
2026-02-19 18:00:00+00:00,261.8599853515625,262.2099914550781,261.8599853515625,262.0799865722656,88160,261.72905535888674,261.99091534423826
2026-02-19 18:05:00+00:00,261.909912109375,262.0,261.79998779296875,261.8699951171875,124181,261.77895715332033,262.04086706542967
2026-02-19 18:10:00+00:00,262.17999267578125,262.2900085449219,261.7550048828125,261.8900146484375,138387,262.04890267944336,262.31108267211914
2026-02-19 18:15:00+00:00,261.6300048828125,262.20001220703125,261.5899963378906,262.20001220703125,110003,261.4991898803711,261.7608198852539
2026-02-19 18:20:00+00:00,261.69000244140625,261.7300109863281,261.4200134277344,261.6199951171875,124077,261.5591574401856,261.8208474426269
2026-02-19 18:25:00+00:00,261.7699890136719,261.864990234375,261.5450134277344,261.6300048828125,98271,261.6391040191651,261.9008740081787
2026-02-19 18:30:00+00:00,261.6736145019531,261.9750061035156,261.57000732421875,261.739990234375,124971,261.5427776947022,261.80445130920407
2026-02-19 18:35:00+00:00,261.80499267578125,261.8500061035156,261.6300048828125,261.70001220703125,86527,261.6740901794434,261.9358951721191
2026-02-19 18:40:00+00:00,261.6199951171875,261.80499267578125,261.5199890136719,261.7900085449219,116119,261.4891851196289,261.7508051147461
2026-02-19 18:45:00+00:00,261.94000244140625,262.1199951171875,261.6050109863281,261.6099853515625,109326,261.80903244018555,262.07097244262695
2026-02-19 18:50:00+00:00,261.9750061035156,262.07000732421875,261.8100891113281,261.9200134277344,78094,261.84401860046387,262.1059936065674
2026-02-19 18:55:00+00:00,262.3406066894531,262.368896484375,261.8699951171875,261.95001220703125,75921,262.2094363861084,262.47177699279786
2026-02-19 19:00:00+00:00,261.8699951171875,262.31500244140625,261.77490234375,262.31500244140625,103868,261.7390601196289,262.0009301147461
2026-02-19 19:05:00+00:00,261.739990234375,262.010009765625,261.7099914550781,261.8599853515625,124539,261.60912023925783,261.87086022949217
2026-02-19 19:10:00+00:00,261.7090148925781,261.7699890136719,261.5199890136719,261.760009765625,125215,261.57816038513187,261.8398694000244
2026-02-19 19:15:00+00:00,261.9800109863281,261.989990234375,261.6400146484375,261.70001220703125,82325,261.84902098083495,262.1110009918213
2026-02-19 19:20:00+00:00,261.9200134277344,262.0,261.69000244140625,261.92999267578125,79577,261.7890534210205,262.0509734344482
2026-02-19 19:25:00+00:00,261.5400085449219,261.9700012207031,261.5,261.8900146484375,97337,261.4092385406494,261.6707785491943
2026-02-19 19:30:00+00:00,261.5350036621094,261.6700134277344,261.45001220703125,261.510009765625,83968,261.40423616027834,261.6657711639404
2026-02-19 19:35:00+00:00,260.80609130859375,261.5303955078125,260.8038024902344,261.5303955078125,201954,260.67568826293945,260.93649435424805
2026-02-19 19:40:00+00:00,260.7699890136719,260.9599914550781,260.6000061035156,260.7900085449219,173753,260.63960401916506,260.9003740081787
2026-02-19 19:45:00+00:00,260.43499755859375,260.9049987792969,260.4100036621094,260.7799987792969,141090,260.30478005981445,260.56521505737305
2026-02-19 19:50:00+00:00,260.3399963378906,260.6300048828125,260.2699890136719,260.42999267578125,204219,260.2098263397217,260.47016633605955
2026-02-19 19:55:00+00:00,260.4100036621094,260.6700134277344,260.3100891113281,260.3599853515625,163307,260.27979866027835,260.5402086639404
2026-02-19 20:00:00+00:00,260.5899963378906,260.8500061035156,260.30999755859375,260.3999938964844,225109,260.4597013397217,260.7202913360596
2026-02-19 20:05:00+00:00,260.8550109863281,260.85760498046875,260.3800964355469,260.55999755859375,181312,260.72458348083495,260.9854384918213
2026-02-19 20:10:00+00:00,260.95001220703125,261.1700134277344,260.8299865722656,260.8673095703125,176048,260.81953720092775,261.08048721313475
2026-02-19 20:15:00+00:00,260.77960205078125,261.022705078125,260.6000061035156,260.94500732421875,122811,260.64921224975586,260.90999185180664
2026-02-19 20:20:00+00:00,260.7637939453125,261.0050048828125,260.7099914550781,260.7650146484375,140285,260.63341204833984,260.89417584228516
2026-02-19 20:25:00+00:00,260.760009765625,260.802490234375,260.5899963378906,260.739990234375,140473,260.6296297607422,260.8903897705078
2026-02-19 20:30:00+00:00,260.6700134277344,260.90960693359375,260.6499938964844,260.760009765625,172761,260.53967842102054,260.8003484344482
2026-02-19 20:35:00+00:00,260.5899963378906,260.79998779296875,260.4200134277344,260.67999267578125,180802,260.4597013397217,260.7202913360596
2026-02-19 20:40:00+00:00,260.3901062011719,260.69500732421875,260.04998779296875,260.6000061035156,241349,260.2599111480713,260.52030125427245
2026-02-19 20:45:00+00:00,260.6400146484375,260.8299865722656,260.25,260.3949890136719,301453,260.5096946411133,260.7703346557617
2026-02-19 20:50:00+00:00,261.1000061035156,261.19000244140625,260.4800109863281,260.6199951171875,450632,260.9694561004639,261.23055610656735
2026-02-19 20:55:00+00:00,260.510009765625,261.29998779296875,260.1700134277344,261.1499938964844,1609718,260.37975476074223,260.64026477050777
2026-02-20 14:30:00+00:00,259.0849914550781,259.44000244140625,258.1600036621094,258.9549865722656,2790954,258.9554489593506,259.2145339508057
2026-02-20 14:35:00+00:00,259.8064880371094,259.9599914550781,258.79998779296875,259.1300048828125,386749,259.67658479309085,259.9363912811279
2026-02-20 14:40:00+00:00,259.8988952636719,260.25,259.4710998535156,259.8500061035156,369383,259.76894581604006,260.0288447113037
2026-02-20 14:45:00+00:00,259.260009765625,259.93499755859375,259.2200012207031,259.8800048828125,294212,259.1303797607422,259.3896397705078
2026-02-20 14:50:00+00:00,258.7550048828125,259.3999938964844,258.7301025390625,259.2850036621094,372869,258.6256273803711,258.8843823852539
2026-02-20 14:55:00+00:00,259.6000061035156,259.8699951171875,258.5,258.7300109863281,308857,259.4702061004639,259.72980610656737
2026-02-20 15:00:00+00:00,260.9549865722656,261.70001220703125,259.5,259.7149963378906,698470,260.82450907897953,261.0854640655517
2026-02-20 15:05:00+00:00,261.95001220703125,262.0480041503906,260.239990234375,260.9649963378906,548623,261.81903720092777,262.08098721313473
2026-02-20 15:10:00+00:00,261.0799865722656,262.3500061035156,261.0400085449219,261.965087890625,374290,260.9494465789795,261.21052656555173
2026-02-20 15:15:00+00:00,261.3900146484375,261.5000915527344,260.2200012207031,261.03009033203125,357603,261.2593196411133,261.5207096557617
2026-02-20 15:20:00+00:00,261.3599853515625,261.6899108886719,261.17999267578125,261.3599853515625,250214,261.22930535888673,261.49066534423827
2026-02-20 15:25:00+00:00,260.57049560546875,261.41650390625,260.32000732421875,261.3800048828125,215272,260.44021035766605,260.70078085327145
2026-02-20 15:30:00+00:00,260.6499938964844,260.8800048828125,260.2773132324219,260.54998779296875,239097,260.51966889953616,260.7803188934326
2026-02-20 15:35:00+00:00,261.45001220703125,261.5249938964844,260.5101013183594,260.6549987792969,207770,261.31928720092776,261.58073721313474
2026-02-20 15:40:00+00:00,262.375,262.4432067871094,261.0799865722656,261.5,284461,262.2438125,262.5061875
2026-02-20 15:45:00+00:00,262.68499755859375,263.260009765625,262.1700134277344,262.3999938964844,365547,262.55365505981445,262.81634005737305
2026-02-20 15:50:00+00:00,262.92999267578125,262.95001220703125,262.3900146484375,262.67498779296875,283486,262.7985276794434,263.0614576721191
2026-02-20 15:55:00+00:00,262.54998779296875,263.0,262.4100036621094,262.92999267578125,300346,262.4187127990723,262.6812627868652
2026-02-20 16:00:00+00:00,262.67498779296875,262.8030090332031,262.3599853515625,262.55999755859375,297995,262.5436502990723,262.8063252868652
2026-02-20 16:05:00+00:00,262.5199890136719,262.7898864746094,262.3599853515625,262.69000244140625,189721,262.38872901916505,262.6512490081787
2026-02-20 16:10:00+00:00,262.260009765625,262.6050109863281,262.1400146484375,262.5199890136719,212322,262.1288797607422,262.3911397705078
2026-02-20 16:15:00+00:00,262.2699890136719,262.49798583984375,261.8599853515625,262.29998779296875,188139,262.1388540191651,262.40112400817867
2026-02-20 16:20:00+00:00,261.9100036621094,262.30499267578125,261.8572998046875,262.29998779296875,148349,261.77904866027836,262.0409586639404
2026-02-20 16:25:00+00:00,261.42999267578125,261.8800048828125,261.3900146484375,261.8800048828125,242803,261.2992776794434,261.5607076721191
2026-02-20 16:30:00+00:00,262.28009033203125,262.32000732421875,261.2300109863281,261.4200134277344,342500,262.1489502868653,262.4112303771972
2026-02-20 16:35:00+00:00,263.1300048828125,263.1499938964844,262.05010986328125,262.3299865722656,422699,262.9984398803711,263.2615698852539
2026-02-20 16:40:00+00:00,263.3700866699219,263.4200134277344,262.9200134277344,263.1499938964844,209217,263.23840162658695,263.5017717132568
2026-02-20 16:45:00+00:00,264.2300109863281,264.3900146484375,263.29998779296875,263.3699951171875,337330,264.09789598083495,264.3621259918213
2026-02-20 16:50:00+00:00,264.560302734375,264.6788024902344,264.0823974609375,264.25,300061,264.4280225830078,264.6925828857422
2026-02-20 16:55:00+00:00,264.2699890136719,264.75,264.17999267578125,264.5400085449219,281537,264.13785401916505,264.4021240081787
2026-02-20 17:00:00+00:00,263.7900085449219,264.5450134277344,263.760009765625,264.2900085449219,227034,263.6581135406494,263.9219035491943
2026-02-20 17:05:00+00:00,263.29998779296875,263.8399963378906,263.2489929199219,263.80999755859375,148102,263.1683377990723,263.4316377868652
2026-02-20 17:10:00+00:00,262.7550048828125,263.4375,262.67999267578125,263.2650146484375,227968,262.6236273803711,262.8863823852539
2026-02-20 17:15:00+00:00,262.093994140625,262.67999267578125,262.05999755859375,262.67999267578125,210000,261.9629471435547,262.2250411376953
2026-02-20 17:20:00+00:00,261.6400146484375,262.1099853515625,261.5400085449219,262.06500244140625,184183,261.5091946411133,261.7708346557617
2026-02-20 17:25:00+00:00,262.29998779296875,262.32000732421875,261.55499267578125,261.6199951171875,187848,262.16883779907226,262.43113778686524
2026-02-20 17:30:00+00:00,262.1000061035156,262.4700012207031,261.92999267578125,262.2695007324219,166012,261.96895610046386,262.2310561065674
2026-02-20 17:35:00+00:00,262.0400085449219,262.2200012207031,261.6099853515625,262.0950012207031,168135,261.90898854064943,262.1710285491943
2026-02-20 17:40:00+00:00,262.1600036621094,262.20001220703125,261.8299865722656,262.0199890136719,124250,262.02892366027834,262.2910836639404
2026-02-20 17:45:00+00:00,262.6499938964844,262.7200012207031,262.07000732421875,262.1199951171875,204186,262.5186688995361,262.7813188934326
2026-02-20 17:50:00+00:00,262.68499755859375,262.85321044921875,262.3699951171875,262.6700134277344,198326,262.55365505981445,262.81634005737305
2026-02-20 17:55:00+00:00,263.1199951171875,263.1199951171875,261.8599853515625,262.660400390625,252198,262.98843511962895,263.25155511474605
2026-02-20 18:00:00+00:00,263.17999267578125,263.3900146484375,263.03961181640625,263.1000061035156,197312,263.04840267944337,263.31158267211913
2026-02-20 18:05:00+00:00,263.510009765625,263.7200012207031,263.1199951171875,263.1736145019531,160392,263.3782547607422,263.6417647705078
2026-02-20 18:10:00+00:00,263.6600036621094,263.7300109863281,263.17999267578125,263.5,124644,263.52817366027836,263.7918336639404
2026-02-20 18:15:00+00:00,263.572998046875,263.6784973144531,263.2637939453125,263.6700134277344,108902,263.4412115478516,263.7047845458984
2026-02-20 18:20:00+00:00,263.7674865722656,263.92999267578125,263.2225036621094,263.5400085449219,198273,263.63560282897953,263.8993703155517
2026-02-20 18:25:00+00:00,263.6099853515625,263.781005859375,263.3299865722656,263.77069091796875,111558,263.47818035888673,263.74179034423827
2026-02-20 18:30:00+00:00,263.94000244140625,264.3800048828125,263.1600036621094,263.57501220703125,264646,263.80803244018557,264.07197244262693
2026-02-20 18:35:00+00:00,263.8320007324219,264.29998779296875,263.4800109863281,263.9599914550781,239363,263.7000847320557,263.96391673278805
2026-02-20 18:40:00+00:00,264.2799987792969,264.7099914550781,263.8699951171875,263.8900146484375,228671,264.14785877990727,264.4121387786865
2026-02-20 18:45:00+00:00,264.1700134277344,264.7300109863281,264.1700134277344,264.2843017578125,148966,264.0379284210205,264.3020984344482
2026-02-20 18:50:00+00:00,264.260009765625,264.3594970703125,263.7699890136719,264.1600036621094,157114,264.1278797607422,264.3921397705078
2026-02-20 18:55:00+00:00,264.2300109863281,264.30499267578125,264.0199890136719,264.260009765625,115107,264.09789598083495,264.3621259918213
2026-02-20 19:00:00+00:00,264.30999755859375,264.42999267578125,264.2099914550781,264.2349853515625,97548,264.17784255981445,264.44215255737305
2026-02-20 19:05:00+00:00,264.1600036621094,264.32000732421875,263.9200134277344,264.32000732421875,140578,264.02792366027836,264.2920836639404
2026-02-20 19:10:00+00:00,263.8800964355469,264.1698913574219,263.8100891113281,264.1549987792969,0,263.7481563873291,264.01203648376463
2026-02-20 19:15:00+00:00,263.80999755859375,264.010009765625,263.7200012207031,263.8999938964844,96113,263.67809255981444,263.94190255737306
2026-02-20 19:20:00+00:00,264.25,264.32000732421875,263.7550048828125,263.81500244140625,92061,264.117875,264.382125
2026-02-20 19:25:00+00:00,264.42999267578125,264.4800109863281,264.1199951171875,264.2550048828125,122091,264.29777767944336,264.56220767211914
2026-02-20 19:30:00+00:00,264.4599914550781,264.7099914550781,264.3900146484375,264.44000244140625,169873,264.3277614593506,264.59222145080565
2026-02-20 19:35:00+00:00,264.1050109863281,264.4800109863281,263.9700012207031,264.4599914550781,148739,263.97295848083496,264.2370634918213
2026-02-20 19:40:00+00:00,263.90020751953125,264.19000244140625,263.8922119140625,264.1050109863281,129337,263.7682574157715,264.032157623291
2026-02-20 19:45:00+00:00,263.76300048828125,263.92999267578125,263.6000061035156,263.9100036621094,149662,263.63111898803714,263.89488198852536
2026-02-20 19:50:00+00:00,264.09051513671875,264.1700134277344,263.75,263.75,106939,263.9584698791504,264.2225603942871
2026-02-20 19:55:00+00:00,264.1759948730469,264.30999755859375,264.0799865722656,264.0950012207031,137834,264.0439068756104,264.30808287048336
2026-02-20 20:00:00+00:00,264.260009765625,264.3999938964844,264.1000061035156,264.17999267578125,119795,264.1278797607422,264.3921397705078
2026-02-20 20:05:00+00:00,264.4200134277344,264.4800109863281,264.18011474609375,264.239990234375,148725,264.2878034210205,264.55222343444825
2026-02-20 20:10:00+00:00,264.6099853515625,264.7099914550781,264.3500061035156,264.4200134277344,202891,264.47768035888674,264.74229034423826
2026-02-20 20:15:00+00:00,264.2799987792969,264.65008544921875,264.2300109863281,264.625,219636,264.14785877990727,264.4121387786865
2026-02-20 20:20:00+00:00,263.6203918457031,264.2850036621094,263.6203918457031,264.2850036621094,163070,263.4885816497803,263.75220204162594
2026-02-20 20:25:00+00:00,263.3301086425781,263.7699890136719,263.2850036621094,263.625,190946,263.19844358825685,263.4617736968994
2026-02-20 20:30:00+00:00,263.20001220703125,263.5400085449219,263.1499938964844,263.3450012207031,169475,263.06841220092775,263.33161221313475
2026-02-20 20:35:00+00:00,263.4299011230469,263.4299011230469,263.0899963378906,263.2200012207031,144517,263.2981861724854,263.5616160736084
2026-02-20 20:40:00+00:00,263.659912109375,263.6600036621094,263.2099914550781,263.3699951171875,224542,263.5280821533203,263.7917420654297
2026-02-20 20:45:00+00:00,263.7699890136719,263.8450012207031,263.60009765625,263.6300048828125,191268,263.63810401916504,263.9018740081787
2026-02-20 20:50:00+00:00,264.42999267578125,264.4599914550781,263.7774963378906,263.7799987792969,476261,264.29777767944336,264.56220767211914
2026-02-20 20:55:00+00:00,264.5899963378906,264.7449951171875,264.3500061035156,264.4150085449219,12334301,264.45770133972167,264.7222913360596
2026-02-23 14:30:00+00:00,265.385009765625,266.8598937988281,263.3810119628906,263.489990234375,1499429,265.2523172607422,265.5177022705078
2026-02-23 14:35:00+00:00,265.8500061035156,266.5,265.43109130859375,265.44000244140625,459504,265.7170811004639,265.9829311065674
2026-02-23 14:40:00+00:00,264.3951110839844,265.8299865722656,264.260009765625,265.8208923339844,408754,264.2629135284424,264.5273086395263
2026-02-23 14:45:00+00:00,264.7099914550781,265.1099853515625,264.20001220703125,264.44000244140625,341697,264.57763645935063,264.8423464508056
2026-02-23 14:50:00+00:00,264.6499938964844,265.1300048828125,264.29998779296875,264.70001220703125,247130,264.51766889953615,264.7823188934326
2026-02-23 14:55:00+00:00,264.9200134277344,265.1199951171875,264.2900085449219,264.6000061035156,272259,264.7875534210205,265.05247343444825
2026-02-23 15:00:00+00:00,264.7699890136719,265.5350036621094,264.568115234375,264.9100036621094,1713069,264.63760401916505,264.9023740081787
2026-02-23 15:05:00+00:00,265.57000732421875,265.8699951171875,264.7699890136719,264.7799987792969,0,265.43722232055666,265.70279232788084
2026-02-23 15:10:00+00:00,265.43011474609375,266.07000732421875,265.27099609375,265.6199951171875,1903060,265.2973996887207,265.5628298034668
2026-02-23 15:15:00+00:00,266.7699890136719,266.7699890136719,265.2900085449219,265.5,0,266.6366040191651,266.9033740081787
2026-02-23 15:20:00+00:00,267.17999267578125,267.260009765625,266.5150146484375,266.79998779296875,347636,267.04640267944336,267.31358267211914
2026-02-23 15:25:00+00:00,267.04998779296875,267.739990234375,266.95001220703125,267.18499755859375,2665554,266.9164627990723,267.1835127868652
2026-02-23 15:30:00+00:00,267.0899963378906,267.5299072265625,266.989990234375,267.0899963378906,0,266.9564513397217,267.22354133605955
2026-02-23 15:35:00+00:00,266.94500732421875,267.3900146484375,266.8315124511719,267.05999755859375,230847,266.81153482055663,267.07847982788087
2026-02-23 15:40:00+00:00,266.78509521484375,267.010009765625,266.6300048828125,266.9200134277344,227182,266.65170266723635,266.91848776245115
2026-02-23 15:45:00+00:00,267.0400085449219,267.2799987792969,266.7300109863281,266.79998779296875,228469,266.90648854064943,267.1735285491943
2026-02-23 15:50:00+00:00,266.70001220703125,267.2229919433594,266.6499938964844,267.0400085449219,206274,266.56666220092774,266.83336221313476
2026-02-23 15:55:00+00:00,266.7950134277344,267.0799865722656,266.5799865722656,266.69500732421875,3076171,266.66161592102054,266.9284109344482
2026-02-23 16:00:00+00:00,265.8500061035156,266.8699951171875,265.6700134277344,266.8450012207031,0,265.7170811004639,265.9829311065674
2026-02-23 16:05:00+00:00,265.1199951171875,265.9599914550781,265.1099853515625,265.8699951171875,333141,264.9874351196289,265.2525551147461
2026-02-23 16:10:00+00:00,264.8500061035156,265.3699951171875,264.75,265.1700134277344,3443780,264.71758110046386,264.9824311065674
2026-02-23 16:15:00+00:00,265.5899963378906,265.6310119628906,264.80999755859375,264.83990478515625,380473,265.4572013397217,265.7227913360596
2026-02-23 16:20:00+00:00,266.1199951171875,266.25,265.5950012207031,265.6099853515625,0,265.9869351196289,266.2530551147461
2026-02-23 16:25:00+00:00,266.5899963378906,266.69000244140625,266.1050109863281,266.1099853515625,302819,266.4567013397217,266.72329133605956
2026-02-23 16:30:00+00:00,266.239990234375,266.5899963378906,266.1700134277344,266.57000732421875,197912,266.10687023925783,266.37311022949217
2026-02-23 16:35:00+00:00,266.3299865722656,266.69000244140625,266.2300109863281,266.2300109863281,203130,266.1968215789795,266.46315156555175
2026-02-23 16:40:00+00:00,266.6099853515625,266.7099914550781,266.222412109375,266.32000732421875,3911730,266.4766803588867,266.7432903442383
2026-02-23 16:45:00+00:00,266.6199951171875,266.80999755859375,266.42999267578125,266.6499938964844,0,266.48668511962893,266.75330511474607
2026-02-23 16:50:00+00:00,266.4150085449219,266.8500061035156,266.4049987792969,266.6300048828125,197573,266.28180104064944,266.5482160491943
2026-02-23 16:55:00+00:00,266.06500244140625,266.4200134277344,265.8399963378906,266.3999938964844,173790,265.9319699401856,266.1980349426269
2026-02-23 17:00:00+00:00,266.385009765625,266.44000244140625,265.9700012207031,266.05999755859375,130819,266.2518172607422,266.5182022705078
2026-02-23 17:05:00+00:00,266.7300109863281,266.75,266.3500061035156,266.3699951171875,184953,266.596645980835,266.8633759918213
2026-02-23 17:10:00+00:00,266.4849853515625,266.8840026855469,266.32000732421875,266.7300109863281,191437,266.3517428588867,266.6182278442383
2026-02-23 17:15:00+00:00,266.760009765625,266.82000732421875,266.3599853515625,266.5299987792969,117636,266.6266297607422,266.8933897705078
2026-02-23 17:20:00+00:00,267.04998779296875,267.34588623046875,266.6600036621094,266.760009765625,213348,266.9164627990723,267.1835127868652
2026-02-23 17:25:00+00:00,267.1297912597656,267.3299865722656,267.010009765625,267.0450134277344,171549,266.99622636413574,267.2633561553955
2026-02-23 17:30:00+00:00,267.1199951171875,267.32000732421875,267.07501220703125,267.10699462890625,146215,266.98643511962894,267.25355511474606
2026-02-23 17:35:00+00:00,267.1650085449219,267.30999755859375,266.8612060546875,267.114990234375,179877,267.0314260406494,267.29859104919433
2026-02-23 17:40:00+00:00,267.7799987792969,268.0400085449219,267.1499938964844,267.1499938964844,341227,267.64610877990725,267.9138887786865
2026-02-23 17:45:00+00:00,267.6510009765625,267.8750915527344,267.5,267.7900085449219,178835,267.5171754760742,267.7848264770508
2026-02-23 17:50:00+00:00,267.82000732421875,267.9299011230469,267.4100036621094,267.6499938964844,218070,267.68609732055666,267.95391732788084
2026-02-23 17:55:00+00:00,268.1499938964844,268.2843933105469,267.84478759765625,267.8699951171875,230048,268.01591889953613,268.2840688934326
2026-02-23 18:00:00+00:00,268.45001220703125,268.5400085449219,268.05999755859375,268.1400146484375,248959,268.31578720092773,268.58423721313477
2026-02-23 18:05:00+00:00,268.8301086425781,268.8599853515625,268.3999938964844,268.44000244140625,220881,268.69569358825686,268.9645236968994
2026-02-23 18:10:00+00:00,268.8500061035156,268.9299011230469,268.6549987792969,268.8299865722656,209796,268.7155811004639,268.98443110656734
2026-02-23 18:15:00+00:00,269.1095886230469,269.19000244140625,268.79010009765625,268.8349914550781,263903,268.9750338287354,269.2441434173584
2026-02-23 18:20:00+00:00,269.0400085449219,269.20001220703125,268.8599853515625,269.1000061035156,5566970,268.9054885406494,269.17452854919435
2026-02-23 18:25:00+00:00,269.3349914550781,269.3699951171875,268.8999938964844,269.0400085449219,0,269.2003239593506,269.46965895080564
2026-02-23 18:30:00+00:00,269.3550109863281,269.3699951171875,269.1199951171875,269.3399963378906,167681,269.220333480835,269.48968849182125
2026-02-23 18:35:00+00:00,269.04998779296875,269.42999267578125,268.9024963378906,269.3576965332031,5782449,268.91546279907226,269.18451278686524
2026-02-23 18:40:00+00:00,269.0010070800781,269.1549987792969,268.8999938964844,269.05999755859375,0,268.8665065765381,269.13550758361816
2026-02-23 18:45:00+00:00,268.9621887207031,269.1000061035156,268.8599853515625,269.010009765625,115317,268.8277076263428,269.0966698150635
2026-02-23 18:50:00+00:00,268.54998779296875,269.0201110839844,268.42999267578125,268.9700012207031,169101,268.41571279907225,268.68426278686525
2026-02-23 18:55:00+00:00,268.07000732421875,268.67999267578125,268.010009765625,268.5400085449219,281865,267.93597232055663,268.20404232788087
2026-02-23 19:00:00+00:00,267.7650146484375,268.135009765625,267.70001220703125,268.0899963378906,224011,267.6311321411133,267.8988971557617
2026-02-23 19:05:00+00:00,267.7771911621094,268.07000732421875,267.7099914550781,267.75,191320,267.64330256652835,267.9110797576904
2026-02-23 19:10:00+00:00,267.7200012207031,267.94500732421875,267.6400146484375,267.7950134277344,304860,267.58614122009277,267.8538612213135
2026-02-23 19:15:00+00:00,267.65020751953125,267.8399963378906,267.5199890136719,267.7200012207031,168954,267.5163824157715,267.784032623291
2026-02-23 19:20:00+00:00,267.5400085449219,267.8699035644531,267.3699951171875,267.6600036621094,180297,267.40623854064944,267.6737785491943
2026-02-23 19:25:00+00:00,267.29998779296875,267.56988525390625,267.25,267.56988525390625,124850,267.16633779907227,267.43363778686523
2026-02-23 19:30:00+00:00,267.0010070800781,267.3299865722656,266.9200134277344,267.2701110839844,204195,266.8675065765381,267.13450758361813
2026-02-23 19:35:00+00:00,267.0799865722656,267.1882019042969,266.7799987792969,266.989990234375,198376,266.94644657897953,267.2135265655517
2026-02-23 19:40:00+00:00,266.6400146484375,267.05999755859375,266.5299987792969,267.05999755859375,7122538,266.5066946411133,266.7733346557617
2026-02-23 19:45:00+00:00,266.8500061035156,266.92999267578125,266.55499267578125,266.6400146484375,0,266.7165811004639,266.98343110656737
2026-02-23 19:50:00+00:00,266.7200012207031,266.92999267578125,266.7200012207031,266.864990234375,128031,266.5866412200928,266.85336122131343
2026-02-23 19:55:00+00:00,266.6300048828125,266.760009765625,266.44000244140625,266.7200012207031,247577,266.4966898803711,266.7633198852539
2026-02-23 20:00:00+00:00,266.62750244140625,266.7250061035156,266.4700012207031,266.6300048828125,160132,266.4941886901856,266.7608161926269
2026-02-23 20:05:00+00:00,266.3500061035156,266.7200012207031,266.32000732421875,266.6199951171875,153723,266.2168311004639,266.4831811065674
2026-02-23 20:10:00+00:00,266.69000244140625,266.7569885253906,266.2799987792969,266.3599853515625,187451,266.5566574401856,266.8233474426269
2026-02-23 20:15:00+00:00,266.8999938964844,266.9800109863281,266.6300048828125,266.67498779296875,240613,266.76654389953615,267.0334438934326
2026-02-23 20:20:00+00:00,266.6199951171875,267.0199890136719,266.57989501953125,266.8999938964844,7559038,266.48668511962893,266.75330511474607
2026-02-23 20:25:00+00:00,266.7799987792969,266.8500061035156,266.4800109863281,266.6400146484375,0,266.64660877990724,266.9133887786865
2026-02-23 20:30:00+00:00,266.8500061035156,267.04998779296875,266.7099914550781,266.80999755859375,256995,266.7165811004639,266.98343110656737
2026-02-23 20:35:00+00:00,266.5498962402344,266.8399963378906,266.4200134277344,266.8399963378906,181297,266.41662129211426,266.6831711883545
2026-02-23 20:40:00+00:00,266.7099914550781,266.8099060058594,266.5299987792969,266.55999755859375,184153,266.5766364593506,266.84334645080565
2026-02-23 20:45:00+00:00,266.8500061035156,266.96990966796875,266.4800109863281,266.7200012207031,172045,266.7165811004639,266.98343110656737
2026-02-23 20:50:00+00:00,266.2023010253906,267.20001220703125,266.1000061035156,266.8599853515625,469457,266.06919987487794,266.3354021759033
2026-02-23 20:55:00+00:00,266.3900146484375,266.4100036621094,265.989990234375,266.20001220703125,1186871,266.2568196411133,266.5232096557617
2026-02-24 14:30:00+00:00,271.9049987792969,271.95001220703125,267.739990234375,268.0,1947295,271.76904627990723,272.0409512786865
2026-02-24 14:35:00+00:00,272.239990234375,272.260009765625,270.2900085449219,271.8700866699219,1027687,272.10387023925784,272.37611022949216
2026-02-24 14:40:00+00:00,274.19500732421875,274.239990234375,272.15899658203125,272.260009765625,1132277,274.05790982055663,274.33210482788087
2026-02-24 14:45:00+00:00,274.375,274.8900146484375,273.6300048828125,274.07501220703125,839599,274.2378125,274.5121875
2026-02-24 14:50:00+00:00,274.43499755859375,274.489990234375,273.82000732421875,274.3999938964844,485175,274.29778005981444,274.57221505737306
2026-02-24 14:55:00+00:00,274.05999755859375,274.44500732421875,273.6499938964844,274.44500732421875,2944684,273.9229675598145,274.197027557373
2026-02-24 15:00:00+00:00,273.8699951171875,274.2699890136719,273.6600036621094,274.0450134277344,517932,273.73306011962893,274.00693011474607
2026-02-24 15:05:00+00:00,274.5299987792969,274.6199951171875,273.55999755859375,273.8900146484375,0,274.39273377990725,274.6672637786865
2026-02-24 15:10:00+00:00,272.9700012207031,274.6700134277344,272.92999267578125,274.5299987792969,470837,272.8335162200928,273.10648622131345
2026-02-24 15:15:00+00:00,273.32501220703125,273.510009765625,272.70001220703125,273.010009765625,343772,273.18834970092774,273.46167471313476
2026-02-24 15:20:00+00:00,273.42999267578125,273.7681884765625,273.0201110839844,273.29998779296875,3692036,273.29327767944335,273.56670767211915
2026-02-24 15:25:00+00:00,273.6700134277344,274.05999755859375,273.3299865722656,273.44500732421875,0,273.5331784210205,273.8068484344482
2026-02-24 15:30:00+00:00,272.5799865722656,273.7699890136719,272.42999267578125,273.67999267578125,354226,272.4436965789795,272.71627656555177
2026-02-24 15:35:00+00:00,273.2049865722656,273.2200012207031,272.3599853515625,272.5849914550781,402159,273.06838407897953,273.3415890655517
2026-02-24 15:40:00+00:00,274.125,274.29998779296875,273.2049865722656,273.2049865722656,4758195,273.9879375,274.2620625
2026-02-24 15:45:00+00:00,274.2200012207031,274.385009765625,273.8599853515625,274.114990234375,0,274.0828912200928,274.35711122131346
2026-02-24 15:50:00+00:00,274.1156005859375,274.4299011230469,273.8999938964844,274.2349853515625,290580,273.97854278564455,274.25265838623045
2026-02-24 15:55:00+00:00,273.94989013671875,274.4100036621094,273.8500061035156,274.1199951171875,223185,273.8129151916504,274.0868650817871
2026-02-24 16:00:00+00:00,273.7699890136719,274.0199890136719,273.510009765625,273.93499755859375,4562933,273.63310401916505,273.9068740081787
2026-02-24 16:05:00+00:00,274.010009765625,274.125,273.43011474609375,273.7850036621094,0,273.8730047607422,274.1470147705078
2026-02-24 16:10:00+00:00,274.45001220703125,274.82000732421875,273.9800109863281,274.0,756662,274.31278720092774,274.58723721313476
2026-02-24 16:15:00+00:00,274.3099060058594,274.6549987792969,274.2449951171875,274.44000244140625,170167,274.1727510528565,274.44706095886227
2026-02-24 16:20:00+00:00,273.9049987792969,274.3070068359375,273.7638854980469,274.29998779296875,5951014,273.76804627990725,274.0419512786865
2026-02-24 16:25:00+00:00,273.2200012207031,273.94000244140625,273.1400146484375,273.9200134277344,348814,273.0833912200928,273.35661122131347
2026-02-24 16:30:00+00:00,272.8900146484375,273.239990234375,272.7214050292969,273.2250061035156,0,272.7535696411133,273.0264596557617
2026-02-24 16:35:00+00:00,273.0199890136719,273.19989013671875,272.8699951171875,272.8900146484375,225904,272.88347901916507,273.1564990081787
2026-02-24 16:40:00+00:00,272.6199035644531,273.239990234375,272.47589111328125,273.05499267578125,187303,272.4835936126709,272.75621351623533
2026-02-24 16:45:00+00:00,273.05999755859375,273.17498779296875,272.5799865722656,272.6099853515625,6631143,272.92346755981447,273.19652755737303
2026-02-24 16:50:00+00:00,272.8299865722656,273.17999267578125,272.75,273.0400085449219,0,272.6935715789795,272.96640156555173
2026-02-24 16:55:00+00:00,272.5199890136719,272.8699951171875,272.42010498046875,272.80999755859375,182304,272.38372901916506,272.6562490081787
2026-02-24 17:00:00+00:00,272.5199890136719,272.6000061035156,272.0799865722656,272.45001220703125,335038,272.38372901916506,272.6562490081787
2026-02-24 17:05:00+00:00,272.2626037597656,272.67498779296875,271.989990234375,272.54998779296875,158513,272.12647245788577,272.3987350616455
2026-02-24 17:10:00+00:00,272.4179992675781,272.8699951171875,272.29998779296875,272.29998779296875,353133,272.28179026794436,272.5542082672119
2026-02-24 17:15:00+00:00,272.4549865722656,272.7499084472656,272.2900085449219,272.3999938964844,183712,272.3187590789795,272.59121406555175
2026-02-24 17:20:00+00:00,272.31500244140625,272.5400085449219,272.1650085449219,272.45001220703125,146027,272.17884494018557,272.45115994262693
2026-02-24 17:25:00+00:00,272.510009765625,272.57989501953125,272.260498046875,272.29998779296875,123301,272.3737547607422,272.6462647705078
2026-02-24 17:30:00+00:00,272.1000061035156,272.5,272.0799865722656,272.489990234375,129291,271.96395610046386,272.2360561065674
2026-02-24 17:35:00+00:00,272.1499938964844,272.1600036621094,271.82000732421875,272.1098937988281,151090,272.0139188995361,272.2860688934326
2026-02-24 17:40:00+00:00,271.94000244140625,272.260009765625,271.92999267578125,272.1499938964844,124505,271.80403244018555,272.07597244262695
2026-02-24 17:45:00+00:00,272.3999938964844,272.4200134277344,271.8900146484375,271.92999267578125,122402,272.26379389953615,272.5361938934326
2026-02-24 17:50:00+00:00,272.3599853515625,272.7900085449219,272.3299865722656,272.43499755859375,140406,272.22380535888675,272.49616534423825
2026-02-24 17:55:00+00:00,272.2900085449219,272.4100036621094,272.1400146484375,272.3699951171875,142821,272.1538635406494,272.42615354919434
2026-02-24 18:00:00+00:00,272.4549865722656,272.5296936035156,272.05999755859375,272.29998779296875,202022,272.3187590789795,272.59121406555175
2026-02-24 18:05:00+00:00,272.489990234375,272.67999267578125,272.35009765625,272.4700012207031,153246,272.3537452392578,272.6262352294922
2026-02-24 18:10:00+00:00,272.2200012207031,272.56500244140625,272.16009521484375,272.5,99334,272.08389122009277,272.3561112213135
2026-02-24 18:15:00+00:00,271.9700012207031,272.214111328125,271.8999938964844,272.214111328125,122067,271.8340162200928,272.10598622131346
2026-02-24 18:20:00+00:00,272.0400085449219,272.20001220703125,271.8599853515625,271.9599914550781,125031,271.90398854064944,272.1760285491943
2026-02-24 18:25:00+00:00,271.5950012207031,272.05511474609375,271.5950012207031,272.04998779296875,129710,271.4592037200928,271.7307987213135
2026-02-24 18:30:00+00:00,271.4303894042969,271.6099853515625,271.3699951171875,271.6000061035156,149046,271.29467420959475,271.566104598999
2026-02-24 18:35:00+00:00,271.92498779296875,271.9700012207031,271.4100036621094,271.4200134277344,159635,271.7890252990723,272.0609502868652
2026-02-24 18:40:00+00:00,272.3500061035156,272.3699951171875,271.93499755859375,271.93499755859375,176141,272.2138311004639,272.48618110656736
2026-02-24 18:45:00+00:00,272.1549987792969,272.510009765625,272.07000732421875,272.3550109863281,187224,272.01892127990726,272.2910762786865
2026-02-24 18:50:00+00:00,272.5,272.5299987792969,272.1600036621094,272.1600036621094,128255,272.36375000000004,272.63624999999996
2026-02-24 18:55:00+00:00,271.9599914550781,272.54998779296875,271.95001220703125,272.5,169087,271.82401145935063,272.0959714508056
2026-02-24 19:00:00+00:00,272.04998779296875,272.2200012207031,271.7799987792969,271.9549865722656,143140,271.9139627990723,272.1860127868652
2026-02-24 19:05:00+00:00,271.9200134277344,272.1300048828125,271.8301086425781,272.03009033203125,124751,271.78405342102053,272.0559734344482
2026-02-24 19:10:00+00:00,271.9501037597656,272.2699890136719,271.8599853515625,271.9200134277344,183650,271.81412870788574,272.0860788116455
2026-02-24 19:15:00+00:00,272.07501220703125,272.1199035644531,271.739990234375,271.9800109863281,158515,271.93897470092776,272.21104971313474
2026-02-24 19:20:00+00:00,272.239990234375,272.3349914550781,272.0799865722656,272.1099853515625,129352,272.10387023925784,272.37611022949216
2026-02-24 19:25:00+00:00,272.2900085449219,272.3299865722656,272.0700988769531,272.2300109863281,162979,272.1538635406494,272.42615354919434
2026-02-24 19:30:00+00:00,272.07000732421875,272.31500244140625,272.07000732421875,272.2799987792969,138365,271.9339723205567,272.2060423278808
2026-02-24 19:35:00+00:00,272.239990234375,272.239990234375,271.9100036621094,272.05999755859375,110209,272.10387023925784,272.37611022949216
2026-02-24 19:40:00+00:00,272.510009765625,272.5400085449219,272.1199951171875,272.2250061035156,171765,272.3737547607422,272.6462647705078
2026-02-24 19:45:00+00:00,272.289306640625,272.6499938964844,272.25,272.5299987792969,228632,272.1531619873047,272.4254512939453
2026-02-24 19:50:00+00:00,272.5299987792969,272.7200012207031,272.2900085449219,272.29010009765625,168484,272.3937337799072,272.6662637786865
2026-02-24 19:55:00+00:00,272.63299560546875,272.70001220703125,272.4599914550781,272.5400085449219,132986,272.496679107666,272.7693121032715
2026-02-24 20:00:00+00:00,272.375,272.6700134277344,272.3599853515625,272.6499938964844,134698,272.2388125,272.5111875
2026-02-24 20:05:00+00:00,271.9750061035156,272.4599914550781,271.8200988769531,272.375,187556,271.8390186004639,272.1109936065674
2026-02-24 20:10:00+00:00,271.6600036621094,272.0,271.5299987792969,271.989990234375,160994,271.52417366027834,271.7958336639404
2026-02-24 20:15:00+00:00,271.6600036621094,271.80999755859375,271.3800048828125,271.6700134277344,187692,271.52417366027834,271.7958336639404
2026-02-24 20:20:00+00:00,272.1000061035156,272.1400146484375,271.6000061035156,271.6549987792969,298483,271.96395610046386,272.2360561065674
2026-02-24 20:25:00+00:00,271.909912109375,272.2049865722656,271.8599853515625,272.1000061035156,202215,271.77395715332034,272.04586706542966
2026-02-24 20:30:00+00:00,271.9200134277344,272.0799865722656,271.760009765625,271.9100036621094,168367,271.78405342102053,272.0559734344482
2026-02-24 20:35:00+00:00,271.5450134277344,272.0299987792969,271.4800109863281,271.9200134277344,138949,271.4092409210205,271.68078593444824
2026-02-24 20:40:00+00:00,272.125,272.20001220703125,271.510009765625,271.5400085449219,227342,271.9889375,272.2610625
2026-02-24 20:45:00+00:00,272.01080322265625,272.20001220703125,271.989990234375,272.1099853515625,210820,271.8747978210449,272.1468086242676
2026-02-24 20:50:00+00:00,272.3450012207031,272.4100036621094,271.9700012207031,272.0199890136719,435226,272.2088287200928,272.48117372131344
2026-02-24 20:55:00+00:00,272.1700134277344,272.4299011230469,272.06781005859375,272.30999755859375,12147702,272.0339284210205,272.30609843444824
2026-02-25 14:30:00+00:00,272.19000244140625,272.5950012207031,271.45001220703125,271.67999267578125,1882035,272.0539074401856,272.3260974426269
2026-02-25 14:35:00+00:00,271.3901062011719,272.2200012207031,271.04998779296875,272.2099914550781,396409,271.2544111480713,271.52580125427244
2026-02-25 14:40:00+00:00,272.2300109863281,272.6300048828125,271.260009765625,271.42999267578125,430156,272.093895980835,272.36612599182126
2026-02-25 14:45:00+00:00,273.5199890136719,273.760009765625,272.2900085449219,272.29998779296875,477024,273.38322901916507,273.6567490081787
2026-02-25 14:50:00+00:00,273.29010009765625,273.6400146484375,272.9400939941406,273.5199890136719,345329,273.15345504760745,273.42674514770505
2026-02-25 14:55:00+00:00,273.93499755859375,274.0,273.25,273.30999755859375,366855,273.7980300598145,274.071965057373
2026-02-25 15:00:00+00:00,272.7250061035156,274.0799865722656,272.6600036621094,273.94000244140625,304944,272.58864360046385,272.8613686065674
2026-02-25 15:05:00+00:00,272.70001220703125,273.0400085449219,272.55999755859375,272.7900085449219,200694,272.56366220092775,272.83636221313475
2026-02-25 15:10:00+00:00,272.9649963378906,273.04998779296875,272.3399963378906,272.67999267578125,1979877,272.8285138397217,273.1014788360595
2026-02-25 15:15:00+00:00,273.2699890136719,273.3699951171875,272.6700134277344,272.9898986816406,0,273.13335401916504,273.4066240081787
2026-02-25 15:20:00+00:00,273.19000244140625,273.4800109863281,273.0199890136719,273.2749938964844,2044409,273.05340744018554,273.32659744262696
2026-02-25 15:25:00+00:00,273.6300048828125,273.6400146484375,273.19000244140625,273.2300109863281,0,273.4931898803711,273.7668198852539
2026-02-25 15:30:00+00:00,273.489990234375,273.9599914550781,273.43450927734375,273.6300048828125,234411,273.35324523925783,273.62673522949217
2026-02-25 15:35:00+00:00,273.69500732421875,273.864990234375,273.43280029296875,273.4800109863281,184093,273.5581598205567,273.8318548278808
2026-02-25 15:40:00+00:00,273.3999938964844,273.739990234375,273.1499938964844,273.70001220703125,167539,273.26329389953617,273.5366938934326
2026-02-25 15:45:00+00:00,273.385009765625,273.6600036621094,273.30999755859375,273.4200134277344,2384404,273.2483172607422,273.5217022705078
2026-02-25 15:50:00+00:00,273.2449951171875,273.44000244140625,272.9700012207031,273.3500061035156,290687,273.10837261962894,273.38161761474606
2026-02-25 15:55:00+00:00,273.54010009765625,273.57989501953125,272.9200134277344,273.2449951171875,0,273.4033300476074,273.6768701477051
2026-02-25 16:00:00+00:00,274.05889892578125,274.07000732421875,273.5299987792969,273.5400085449219,242638,273.92186947631836,274.19592837524414
2026-02-25 16:05:00+00:00,274.2799987792969,274.45001220703125,273.8500061035156,274.0400085449219,364019,274.1428587799072,274.41713877868654
2026-02-25 16:10:00+00:00,274.2300109863281,274.58990478515625,273.92999267578125,274.3023986816406,256838,274.09289598083495,274.3671259918213
2026-02-25 16:15:00+00:00,274.10009765625,274.27508544921875,273.9100036621094,274.19000244140625,2904826,273.9630476074219,274.2371477050781
2026-02-25 16:20:00+00:00,274.0199890136719,274.4010009765625,273.8999938964844,274.1050109863281,265604,273.8829790191651,274.1569990081787
2026-02-25 16:25:00+00:00,273.9649963378906,274.2550048828125,273.840087890625,274.010009765625,0,273.8280138397217,274.1019788360596
2026-02-25 16:30:00+00:00,273.44500732421875,274.06988525390625,273.42999267578125,273.9150085449219,3093283,273.30828482055665,273.58172982788085
2026-02-25 16:35:00+00:00,273.2799987792969,273.5,272.9599914550781,273.42498779296875,0,273.14335877990726,273.4166387786865
2026-02-25 16:40:00+00:00,273.3500061035156,273.44000244140625,273.1199951171875,273.30499267578125,3180893,273.2133311004639,273.48668110656735
2026-02-25 16:45:00+00:00,273.2099914550781,273.3900146484375,273.0899963378906,273.3810119628906,137854,273.0733864593506,273.34659645080563
2026-02-25 16:50:00+00:00,273.5400085449219,273.614990234375,273.1199951171875,273.21881103515625,0,273.40323854064945,273.6767785491943
2026-02-25 16:55:00+00:00,273.4150085449219,273.56500244140625,273.3500061035156,273.5,3355075,273.2783010406494,273.55171604919434
2026-02-25 17:00:00+00:00,273.5799865722656,273.5899963378906,273.2149963378906,273.3999938964844,178633,273.4431965789795,273.71677656555175
2026-02-25 17:05:00+00:00,273.6300048828125,273.6499938964844,273.2099914550781,273.5845031738281,176779,273.4931898803711,273.7668198852539
2026-02-25 17:10:00+00:00,273.7850036621094,273.8399963378906,273.5950012207031,273.6099853515625,0,273.64811116027835,273.9218961639404
2026-02-25 17:15:00+00:00,273.8110046386719,273.9399108886719,273.69500732421875,273.75,125711,273.67409913635254,273.9479101409912
2026-02-25 17:20:00+00:00,273.7900085449219,273.79998779296875,273.6000061035156,273.7900085449219,120222,273.65311354064943,273.9269035491943
2026-02-25 17:25:00+00:00,273.6099853515625,273.9599914550781,273.5,273.7900085449219,180490,273.47318035888674,273.74679034423826
2026-02-25 17:30:00+00:00,273.739990234375,273.8800048828125,273.4200134277344,273.6099853515625,109418,273.6031202392578,273.8768602294922
2026-02-25 17:35:00+00:00,274.0950012207031,274.1300048828125,273.75,273.75,106572,273.9579537200928,274.23204872131345
2026-02-25 17:40:00+00:00,274.3399963378906,274.3999938964844,274.010009765625,274.0899963378906,195383,274.2028263397217,274.47716633605955
2026-02-25 17:45:00+00:00,274.2699890136719,274.3999938964844,274.1700134277344,274.3399963378906,109437,274.13285401916505,274.4071240081787
2026-02-25 17:50:00+00:00,274.3399963378906,274.3999938964844,274.19000244140625,274.2900085449219,103844,274.2028263397217,274.47716633605955
2026-02-25 17:55:00+00:00,274.2149963378906,274.42999267578125,274.0299987792969,274.3450012207031,148632,274.0778888397217,274.35210383605954
2026-02-25 18:00:00+00:00,274.239990234375,274.3500061035156,274.17999267578125,274.2250061035156,96667,274.1028702392578,274.3771102294922
2026-02-25 18:05:00+00:00,274.1300048828125,274.2699890136719,274.0299987792969,274.2099914550781,116750,273.9929398803711,274.2670698852539
2026-02-25 18:10:00+00:00,274.0199890136719,274.1600036621094,273.9599914550781,274.1600036621094,103318,273.8829790191651,274.1569990081787
2026-02-25 18:15:00+00:00,274.24200439453125,274.3599853515625,274.010009765625,274.04998779296875,112555,274.104883392334,274.3791253967285
2026-02-25 18:20:00+00:00,274.4002990722656,274.54998779296875,274.1000061035156,274.239990234375,148231,274.2630989227295,274.53749922180174
2026-02-25 18:25:00+00:00,274.3500061035156,274.6300048828125,274.3399963378906,274.4200134277344,171712,274.21283110046386,274.4871811065674
2026-02-25 18:30:00+00:00,274.29998779296875,274.489990234375,274.2799987792969,274.3299865722656,121298,274.1628377990723,274.4371377868652
2026-02-25 18:35:00+00:00,274.364990234375,274.3999938964844,274.2200012207031,274.2900085449219,122457,274.22780773925786,274.50217272949214
2026-02-25 18:40:00+00:00,274.5,274.5899963378906,274.2900085449219,274.3550109863281,126859,274.36275,274.63725
2026-02-25 18:45:00+00:00,274.5299987792969,274.5299987792969,274.32000732421875,274.510009765625,104949,274.39273377990725,274.6672637786865
2026-02-25 18:50:00+00:00,274.4800109863281,274.7149963378906,274.4599914550781,274.5400085449219,174166,274.342770980835,274.61725099182127
2026-02-25 18:55:00+00:00,274.6099853515625,274.75,274.4849853515625,274.5,115586,274.47268035888675,274.74729034423825
2026-02-25 19:00:00+00:00,274.4750061035156,274.7099914550781,274.4100036621094,274.6199951171875,115454,274.3377686004639,274.61224360656735
2026-02-25 19:05:00+00:00,274.67999267578125,274.75,274.3699951171875,274.4700012207031,135219,274.5426526794434,274.8173326721191
2026-02-25 19:10:00+00:00,274.8299865722656,274.94000244140625,274.6499938964844,274.67498779296875,4681867,274.6925715789795,274.96740156555177
2026-02-25 19:15:00+00:00,274.6700134277344,274.92999267578125,274.6700134277344,274.8299865722656,0,274.53267842102053,274.8073484344482
2026-02-25 19:20:00+00:00,274.54998779296875,274.7300109863281,274.47149658203125,274.69000244140625,120577,274.41271279907227,274.68726278686523
2026-02-25 19:25:00+00:00,274.4100036621094,274.7550048828125,274.17999267578125,274.57000732421875,134373,274.27279866027834,274.5472086639404
2026-02-25 19:30:00+00:00,274.2449951171875,274.5400085449219,274.2300109863281,274.4100036621094,99903,274.10787261962895,274.38211761474605
2026-02-25 19:35:00+00:00,274.25531005859375,274.3800048828125,274.20001220703125,274.25,4836357,274.11818240356445,274.39243771362305
2026-02-25 19:40:00+00:00,274.239990234375,274.3999938964844,274.19000244140625,274.2699890136719,166441,274.1028702392578,274.3771102294922
2026-02-25 19:45:00+00:00,273.94000244140625,274.2200012207031,273.80999755859375,274.2200012207031,0,273.8030324401856,274.0769724426269
2026-02-25 19:50:00+00:00,273.6650085449219,273.98590087890625,273.6499938964844,273.9700012207031,139200,273.52817604064944,273.8018410491943
2026-02-25 19:55:00+00:00,273.2900085449219,273.80999755859375,273.260009765625,273.67999267578125,195410,273.1533635406494,273.4266535491943
2026-02-25 20:00:00+00:00,273.5350036621094,273.6600036621094,273.2099914550781,273.260009765625,164424,273.3982361602783,273.67177116394043
2026-02-25 20:05:00+00:00,273.5450134277344,273.68499755859375,273.3900146484375,273.55999755859375,162008,273.40824092102054,273.6817859344482
2026-02-25 20:10:00+00:00,273.7799987792969,273.8599853515625,273.4901123046875,273.5299987792969,180396,273.64310877990727,273.9168887786865
2026-02-25 20:15:00+00:00,273.7049865722656,273.9309997558594,273.6199951171875,273.7898864746094,5429258,273.5681340789795,273.84183906555177
2026-02-25 20:20:00+00:00,273.75,273.7749938964844,273.4200134277344,273.7049865722656,0,273.613125,273.886875
2026-02-25 20:25:00+00:00,273.75,273.8949890136719,273.7002868652344,273.739990234375,135991,273.613125,273.886875
2026-02-25 20:30:00+00:00,273.80499267578125,273.8710021972656,273.625,273.7200012207031,179368,273.66809017944337,273.94189517211913
2026-02-25 20:35:00+00:00,274.05999755859375,274.2200012207031,273.7950134277344,273.79998779296875,167222,273.9229675598145,274.197027557373
2026-02-25 20:40:00+00:00,273.9700927734375,274.0799865722656,273.8900146484375,274.04998779296875,220422,273.8331077270508,274.1070778198242
2026-02-25 20:45:00+00:00,274.25,274.30999755859375,273.9599914550781,273.9700012207031,255458,274.11287500000003,274.38712499999997
2026-02-25 20:50:00+00:00,274.5801086425781,274.7200012207031,274.1300048828125,274.2900085449219,530965,274.44281858825684,274.7173986968994
2026-02-25 20:55:00+00:00,274.17999267578125,274.5799865722656,274.1099853515625,274.57000732421875,1069288,274.0429026794434,274.3170826721191
2026-02-26 14:30:00+00:00,274.7550048828125,276.1099853515625,274.3999938964844,274.9549865722656,1259408,274.6176273803711,274.8923823852539
2026-02-26 14:35:00+00:00,273.89990234375,274.7699890136719,273.20001220703125,274.7300109863281,423641,273.76295239257814,274.03685229492186
2026-02-26 14:40:00+00:00,274.510009765625,274.760009765625,273.6499938964844,273.8716125488281,436034,274.3727547607422,274.6472647705078
2026-02-26 14:45:00+00:00,274.6499938964844,274.7699890136719,273.8999938964844,274.5299987792969,303275,274.51266889953615,274.7873188934326
2026-02-26 14:50:00+00:00,273.9436950683594,275.0199890136719,273.7699890136719,274.6700134277344,349177,273.80672322082523,274.0806669158935
2026-02-26 14:55:00+00:00,273.875,274.065185546875,273.45001220703125,273.9700012207031,1826406,273.7380625,274.0119375
2026-02-26 15:00:00+00:00,273.7250061035156,274.1499938964844,273.30999755859375,273.8900146484375,0,273.58814360046387,273.8618686065674
2026-02-26 15:05:00+00:00,273.28509521484375,273.9599914550781,273.2699890136719,273.7099914550781,240691,273.14845266723637,273.42173776245113
2026-02-26 15:10:00+00:00,272.5599060058594,273.81988525390625,272.5,273.2950134277344,2241259,272.42362605285643,272.6961859588623
2026-02-26 15:15:00+00:00,272.2950134277344,272.59759521484375,271.7699890136719,272.5,0,272.15886592102055,272.4311609344482
2026-02-26 15:20:00+00:00,271.010009765625,272.6700134277344,270.8399963378906,272.2799987792969,403398,270.8745047607422,271.1455147705078
2026-02-26 15:25:00+00:00,272.0,272.05999755859375,270.9750061035156,271.0150146484375,401844,271.86400000000003,272.13599999999997
2026-02-26 15:30:00+00:00,271.19000244140625,272.1401062011719,271.1499938964844,271.9200134277344,351507,271.05440744018557,271.32559744262693
2026-02-26 15:35:00+00:00,271.375,271.7300109863281,271.1199951171875,271.2200012207031,261082,271.23931250000004,271.51068749999996
2026-02-26 15:40:00+00:00,271.42999267578125,271.7300109863281,271.0799865722656,271.3399963378906,314199,271.2942776794434,271.5657076721191
2026-02-26 15:45:00+00:00,271.3399963378906,271.79998779296875,271.1400146484375,271.4700012207031,3323502,271.2043263397217,271.47566633605953
2026-02-26 15:50:00+00:00,271.1000061035156,271.4150085449219,270.92498779296875,271.29998779296875,0,270.9644561004639,271.23555610656734
2026-02-26 15:55:00+00:00,270.9700012207031,271.20001220703125,270.80999755859375,271.1099853515625,3446573,270.8345162200928,271.10548622131347
2026-02-26 16:00:00+00:00,271.6409912109375,271.6700134277344,270.7950134277344,270.9949951171875,0,271.50517071533204,271.77681170654296
2026-02-26 16:05:00+00:00,271.79620361328125,272.0426025390625,271.614990234375,271.6400146484375,3657584,271.66030551147463,271.93210171508787
2026-02-26 16:10:00+00:00,272.1600036621094,272.1600036621094,271.57000732421875,271.7799987792969,0,272.02392366027834,272.2960836639404
2026-02-26 16:15:00+00:00,272.1199951171875,272.45001220703125,272.0199890136719,272.1549987792969,164654,271.98393511962894,272.25605511474606
2026-02-26 16:20:00+00:00,272.2950134277344,272.543701171875,271.94000244140625,272.1300048828125,163017,272.15886592102055,272.4311609344482
2026-02-26 16:25:00+00:00,272.5400085449219,272.78509521484375,272.3399963378906,272.3399963378906,176456,272.40373854064944,272.6762785491943
2026-02-26 16:30:00+00:00,272.6189880371094,272.7300109863281,272.3699951171875,272.5299987792969,122287,272.48267854309086,272.7552975311279
2026-02-26 16:35:00+00:00,271.7449951171875,272.6400146484375,271.67999267578125,272.625,144218,271.6091226196289,271.8808676147461
2026-02-26 16:40:00+00:00,272.0801086425781,272.1400146484375,271.6400146484375,271.739990234375,115204,271.94406858825687,272.2161486968994
2026-02-26 16:45:00+00:00,272.30499267578125,272.32000732421875,271.80499267578125,272.07000732421875,147040,272.16884017944335,272.44114517211915
2026-02-26 16:50:00+00:00,271.7300109863281,272.42498779296875,271.7200012207031,272.30499267578125,4203658,271.594145980835,271.86587599182127
2026-02-26 16:55:00+00:00,271.93499755859375,271.9700012207031,271.5126953125,271.739990234375,0,271.79903005981447,272.07096505737303
2026-02-26 17:00:00+00:00,272.04998779296875,272.04998779296875,271.6700134277344,271.94000244140625,78317,271.9139627990723,272.1860127868652
2026-02-26 17:05:00+00:00,272.0150146484375,272.1913146972656,271.95001220703125,272.0450134277344,94907,271.8790071411133,272.1510221557617
2026-02-26 17:10:00+00:00,271.80999755859375,272.1650085449219,271.80999755859375,272.0165100097656,4332626,271.6740925598145,271.945902557373
2026-02-26 17:15:00+00:00,271.7650146484375,271.8599853515625,271.6300048828125,271.82501220703125,0,271.6291321411133,271.9008971557617
2026-02-26 17:20:00+00:00,271.8399963378906,271.8900146484375,271.75,271.7850036621094,71755,271.70407633972167,271.9759163360596
2026-02-26 17:25:00+00:00,271.760009765625,271.8399963378906,271.5400085449219,271.8299865722656,106217,271.6241297607422,271.8958897705078
2026-02-26 17:30:00+00:00,271.7900085449219,272.0249938964844,271.6199951171875,271.7550048828125,86933,271.6541135406494,271.92590354919435
2026-02-26 17:35:00+00:00,271.44000244140625,271.79998779296875,271.2900085449219,271.7900085449219,102171,271.30428244018555,271.57572244262695
2026-02-26 17:40:00+00:00,271.4570007324219,271.6099853515625,271.42010498046875,271.45001220703125,74867,271.32127223205566,271.5927292327881
2026-02-26 17:45:00+00:00,271.114013671875,271.42999267578125,271.1000061035156,271.42999267578125,4652404,270.97845666503906,271.24957067871094
2026-02-26 17:50:00+00:00,271.0299987792969,271.239990234375,270.989990234375,271.1300048828125,0,270.89448377990726,271.1655137786865
2026-02-26 17:55:00+00:00,271.19000244140625,271.260009765625,270.9429931640625,271.0299987792969,111935,271.05440744018557,271.32559744262693
2026-02-26 18:00:00+00:00,271.1099853515625,271.3247985839844,270.9599914550781,271.1700134277344,99464,270.9744303588867,271.2455403442383
2026-02-26 18:05:00+00:00,271.20001220703125,271.2200012207031,270.9100036621094,271.0799865722656,104743,271.06441220092773,271.33561221313477
2026-02-26 18:10:00+00:00,271.4200134277344,271.489990234375,271.210693359375,271.210693359375,100188,271.2843034210205,271.5557234344482
2026-02-26 18:15:00+00:00,271.3399963378906,271.45001220703125,271.260009765625,271.4200134277344,79186,271.2043263397217,271.47566633605953
2026-02-26 18:20:00+00:00,271.5400085449219,271.57000732421875,271.260009765625,271.3299865722656,106336,271.40423854064943,271.6757785491943
2026-02-26 18:25:00+00:00,271.3900146484375,271.79998779296875,271.385009765625,271.5299987792969,108012,271.2543196411133,271.5257096557617
2026-02-26 18:30:00+00:00,271.5299987792969,271.5400085449219,270.8529968261719,271.4100036621094,5797191,271.39423377990727,271.6657637786865
2026-02-26 18:35:00+00:00,271.67498779296875,271.8900146484375,271.25,271.55999755859375,0,271.5391502990723,271.8108252868652
2026-02-26 18:40:00+00:00,271.75,271.8900146484375,271.5450134277344,271.65740966796875,125977,271.614125,271.885875
2026-02-26 18:45:00+00:00,271.864990234375,272.05999755859375,271.7099914550781,271.7764892578125,109029,271.7290577392578,272.0009227294922
2026-02-26 18:50:00+00:00,271.7799987792969,271.8699951171875,271.6400146484375,271.8599853515625,89611,271.64410877990724,271.9158887786865
2026-02-26 18:55:00+00:00,272.17498779296875,272.19000244140625,271.6449890136719,271.7799987792969,115359,272.0389002990723,272.3110752868652
2026-02-26 19:00:00+00:00,271.7933044433594,272.1600036621094,271.2200012207031,272.1600036621094,427805,271.6574077911377,271.92920109558105
2026-02-26 19:05:00+00:00,271.95989990234375,272.0,271.6400146484375,271.7900085449219,114014,271.8239199523926,272.0958798522949
2026-02-26 19:10:00+00:00,271.989990234375,272.1400146484375,271.7300109863281,271.95001220703125,120996,271.8539952392578,272.1259852294922
2026-02-26 19:15:00+00:00,272.5400085449219,272.5899963378906,271.989990234375,271.989990234375,156969,272.40373854064944,272.6762785491943
2026-02-26 19:20:00+00:00,272.840087890625,272.94000244140625,272.5,272.55999755859375,148989,272.7036678466797,272.9765079345703
2026-02-26 19:25:00+00:00,272.79998779296875,272.9100036621094,272.69000244140625,272.8599853515625,137266,272.6635877990723,272.9363877868652
2026-02-26 19:30:00+00:00,272.9100036621094,273.1199951171875,272.739990234375,272.80499267578125,6951598,272.7735486602783,273.0464586639404
2026-02-26 19:35:00+00:00,273.04998779296875,273.1099853515625,272.8999938964844,272.8999938964844,0,272.9134627990723,273.1865127868652
2026-02-26 19:40:00+00:00,273.19000244140625,273.2200012207031,272.9800109863281,273.04998779296875,141710,273.05340744018554,273.32659744262696
2026-02-26 19:45:00+00:00,273.42999267578125,273.44000244140625,273.2049865722656,273.20989990234375,142818,273.29327767944335,273.56670767211915
2026-02-26 19:50:00+00:00,273.4540100097656,273.5,273.1199951171875,273.4399108886719,154430,273.3172830047608,273.59073701477047
2026-02-26 19:55:00+00:00,273.0199890136719,273.5,272.95001220703125,273.44000244140625,197486,272.88347901916507,273.1564990081787
2026-02-26 20:00:00+00:00,273.2900085449219,273.31988525390625,272.7900085449219,273.010009765625,137879,273.1533635406494,273.4266535491943
2026-02-26 20:05:00+00:00,273.1600036621094,273.3999938964844,273.1600036621094,273.29998779296875,7296185,273.02342366027835,273.2965836639404
2026-02-26 20:10:00+00:00,272.9100036621094,273.1700134277344,272.8399963378906,273.1499938964844,0,272.7735486602783,273.0464586639404
2026-02-26 20:15:00+00:00,272.79998779296875,273.010009765625,272.7900085449219,272.8900146484375,116231,272.6635877990723,272.9363877868652
2026-02-26 20:20:00+00:00,272.7099914550781,272.8399963378906,272.5899963378906,272.80999755859375,138330,272.5736364593506,272.84634645080564
2026-02-26 20:25:00+00:00,272.6300048828125,272.9599914550781,272.5799865722656,272.7099914550781,143219,272.4936898803711,272.7663198852539
2026-02-26 20:30:00+00:00,272.94000244140625,272.96099853515625,272.5400085449219,272.6449890136719,167813,272.80353244018556,273.07647244262694
2026-02-26 20:35:00+00:00,272.7250061035156,272.9800109863281,272.6600036621094,272.92498779296875,169445,272.58864360046385,272.8613686065674
2026-02-26 20:40:00+00:00,272.7900085449219,272.80999755859375,272.510009765625,272.7200012207031,181259,272.6536135406494,272.92640354919433
2026-02-26 20:45:00+00:00,272.6700134277344,272.82000732421875,272.4100036621094,272.82000732421875,196718,272.5336784210205,272.80634843444824
2026-02-26 20:50:00+00:00,272.7349853515625,272.8999938964844,272.20001220703125,272.6499938964844,361115,272.5986178588867,272.8713528442383
2026-02-26 20:55:00+00:00,272.989990234375,273.07000732421875,272.6600036621094,272.760009765625,830310,272.8534952392578,273.1264852294922
2026-02-27 14:30:00+00:00,269.4700012207031,272.80999755859375,269.20001220703125,272.80999755859375,1638194,269.33526622009276,269.6047362213135
2026-02-27 14:35:00+00:00,269.5450134277344,269.9599914550781,269.0400085449219,269.4700012207031,496282,269.41024092102055,269.6797859344482
2026-02-27 14:40:00+00:00,268.9750061035156,269.739990234375,268.8699951171875,269.55999755859375,527913,268.8405186004639,269.10949360656736
2026-02-27 14:45:00+00:00,270.8900146484375,270.9100036621094,268.760009765625,268.93011474609375,490275,270.7545696411133,271.0254596557617
2026-02-27 14:50:00+00:00,271.1000061035156,271.29998779296875,270.7485046386719,270.8999938964844,274827,270.9644561004639,271.23555610656734
2026-02-27 14:55:00+00:00,270.6400146484375,271.1199951171875,270.2149963378906,271.1000061035156,301399,270.5046946411133,270.7753346557617
2026-02-27 15:00:00+00:00,269.9949951171875,271.3999938964844,269.8800048828125,270.7149963378906,374328,269.8599976196289,270.1299926147461
2026-02-27 15:05:00+00:00,269.8399963378906,270.3900146484375,269.7950134277344,270.010009765625,210928,269.7050763397217,269.97491633605955
2026-02-27 15:10:00+00:00,269.5199890136719,270.3299865722656,269.4599914550781,269.8399963378906,276106,269.3852290191651,269.65474900817867
2026-02-27 15:15:00+00:00,269.3599853515625,269.70001220703125,268.9200134277344,269.5299987792969,310879,269.2253053588867,269.4946653442383
2026-02-27 15:20:00+00:00,269.42498779296875,269.8500061035156,269.1600036621094,269.30999755859375,199772,269.2902752990723,269.5597002868652
2026-02-27 15:25:00+00:00,268.5050048828125,269.41290283203125,268.29998779296875,269.3900146484375,3345976,268.37075238037113,268.63925738525387
2026-02-27 15:30:00+00:00,268.30999755859375,268.8699951171875,268.1919860839844,268.4700927734375,410772,268.17584255981444,268.44415255737306
2026-02-27 15:35:00+00:00,268.5849914550781,268.9798889160156,268.2699890136719,268.30999755859375,0,268.4506989593506,268.7192839508057
2026-02-27 15:40:00+00:00,268.7049865722656,268.8999938964844,268.28118896484375,268.5899963378906,305955,268.5706340789795,268.83933906555177
2026-02-27 15:45:00+00:00,268.9601135253906,269.13250732421875,268.6099853515625,268.69000244140625,3819597,268.8256334686279,269.0945935821533
2026-02-27 15:50:00+00:00,268.52099609375,269.0299987792969,268.3900146484375,268.94000244140625,0,268.38673559570316,268.65525659179684
2026-02-27 15:55:00+00:00,268.8999938964844,268.9100036621094,268.3800048828125,268.57501220703125,155065,268.76554389953617,269.0344438934326
2026-02-27 16:00:00+00:00,269.44000244140625,269.6400146484375,268.8501892089844,268.8800048828125,222600,269.3052824401856,269.5747224426269
2026-02-27 16:05:00+00:00,268.7200012207031,269.4800109863281,268.69000244140625,269.4800109863281,195118,268.5856412200928,268.85436122131347
2026-02-27 16:10:00+00:00,268.4150085449219,268.8500061035156,268.2300109863281,268.7200012207031,203123,268.2808010406494,268.54921604919434
2026-02-27 16:15:00+00:00,268.5950012207031,268.6700134277344,268.2300109863281,268.4200134277344,4358464,268.4607037200928,268.72929872131346
2026-02-27 16:20:00+00:00,268.75,268.80999755859375,268.3900146484375,268.5799865722656,0,268.615625,268.884375
2026-02-27 16:25:00+00:00,269.05499267578125,269.1300048828125,268.6199951171875,268.7550048828125,199729,268.9204651794434,269.1895201721191
2026-02-27 16:30:00+00:00,269.32000732421875,269.42230224609375,269.0199890136719,269.07000732421875,160667,269.1853473205567,269.4546673278808
2026-02-27 16:35:00+00:00,269.1600036621094,269.5199890136719,269.0199890136719,269.3299865722656,196825,269.02542366027836,269.2945836639404
2026-02-27 16:40:00+00:00,268.8299865722656,269.1600036621094,268.8218078613281,269.04998779296875,111351,268.6955715789795,268.9644015655517
2026-02-27 16:45:00+00:00,268.6000061035156,269.0,268.5851135253906,268.8550109863281,98615,268.4657061004639,268.7343061065674
2026-02-27 16:50:00+00:00,269.18499755859375,269.239990234375,268.6000061035156,268.6000061035156,133890,269.05040505981447,269.31959005737303
2026-02-27 16:55:00+00:00,268.614990234375,269.3999938964844,268.55999755859375,269.20001220703125,4936520,268.4806827392578,268.7492977294922
2026-02-27 17:00:00+00:00,269.0249938964844,269.1000061035156,268.6050109863281,268.62249755859375,0,268.89048139953616,269.1595063934326
2026-02-27 17:05:00+00:00,268.9549865722656,269.20001220703125,268.80999755859375,269.0199890136719,160665,268.8205090789795,269.08946406555174
2026-02-27 17:10:00+00:00,267.9685974121094,268.9599914550781,267.93499755859375,268.9549865722656,182216,267.83461311340335,268.1025817108154
2026-02-27 17:15:00+00:00,267.80499267578125,267.94000244140625,267.5299987792969,267.9100036621094,217245,267.67109017944335,267.93889517211915
2026-02-27 17:20:00+00:00,267.5400085449219,267.8999938964844,267.2699890136719,267.83990478515625,183675,267.40623854064944,267.6737785491943
2026-02-27 17:25:00+00:00,267.8841857910156,268.010009765625,267.4621887207031,267.5400085449219,235610,267.75024369812013,268.0181278839111
2026-02-27 17:30:00+00:00,268.1050109863281,268.260009765625,267.5010070800781,267.8699951171875,265383,267.97095848083495,268.2390634918213
2026-02-27 17:35:00+00:00,267.75799560546875,268.17999267578125,267.7101135253906,268.1300048828125,157782,267.62411660766605,267.89187460327145
2026-02-27 17:40:00+00:00,267.3900146484375,267.8086853027344,267.3406066894531,267.7349853515625,132724,267.2563196411133,267.5237096557617
2026-02-27 17:45:00+00:00,266.9750061035156,267.375,266.8533935546875,267.375,170006,266.84151860046387,267.1084936065674
2026-02-27 17:50:00+00:00,267.3598937988281,267.44500732421875,266.9599914550781,266.989990234375,182430,267.2262138519287,267.49357374572753
2026-02-27 17:55:00+00:00,267.1000061035156,267.42999267578125,267.0899963378906,267.3450012207031,117332,266.96645610046386,267.2335561065674
2026-02-27 18:00:00+00:00,266.9200134277344,267.45989990234375,266.91009521484375,267.0899963378906,194262,266.7865534210205,267.0534734344482
2026-02-27 18:05:00+00:00,266.7900085449219,266.989990234375,266.7200012207031,266.9599914550781,179183,266.6566135406494,266.92340354919435
2026-02-27 18:10:00+00:00,266.4649963378906,266.92999267578125,266.4649963378906,266.7699890136719,180357,266.3317638397217,266.59822883605955
2026-02-27 18:15:00+00:00,266.3999938964844,266.5299072265625,266.3575134277344,266.4649963378906,184005,266.26679389953614,266.5331938934326
2026-02-27 18:20:00+00:00,266.260009765625,266.5199890136719,266.2300109863281,266.389892578125,147957,266.1268797607422,266.3931397705078
2026-02-27 18:25:00+00:00,265.9508056640625,266.2616882324219,265.8800048828125,266.2301025390625,6522085,265.8178302612305,266.0837810668945
2026-02-27 18:30:00+00:00,266.17999267578125,266.30999755859375,265.8999938964844,265.95001220703125,0,266.04690267944335,266.31308267211915
2026-02-27 18:35:00+00:00,265.93499755859375,266.3125,265.8800048828125,266.1449890136719,166906,265.80203005981446,266.06796505737304
2026-02-27 18:40:00+00:00,266.010009765625,266.19000244140625,265.8700866699219,265.9599914550781,130082,265.8770047607422,266.1430147705078
2026-02-27 18:45:00+00:00,265.8949890136719,266.2699890136719,265.8500061035156,266.010009765625,127533,265.76204151916505,266.0279365081787
2026-02-27 18:50:00+00:00,266.0199890136719,266.2699890136719,265.9150085449219,265.94500732421875,144521,265.88697901916504,266.1529990081787
2026-02-27 18:55:00+00:00,266.1499938964844,266.31500244140625,265.9549865722656,266.0184020996094,146186,266.01691889953617,266.2830688934326
2026-02-27 19:00:00+00:00,266.2950134277344,266.45001220703125,266.04998779296875,266.19500732421875,176865,266.16186592102054,266.4281609344482
2026-02-27 19:05:00+00:00,265.79998779296875,266.4800109863281,265.6600036621094,266.30999755859375,191317,265.6670877990723,265.9328877868652
2026-02-27 19:10:00+00:00,266.135009765625,266.19000244140625,265.67999267578125,265.79998779296875,265022,266.0019422607422,266.2680772705078
2026-02-27 19:15:00+00:00,266.0907897949219,266.42498779296875,266.0,266.1600036621094,175452,265.9577444000244,266.22383518981934
2026-02-27 19:20:00+00:00,265.614990234375,266.1099853515625,265.54998779296875,266.1099853515625,149042,265.48218273925784,265.74779772949216
2026-02-27 19:25:00+00:00,265.7300109863281,265.82000732421875,265.4801025390625,265.6199951171875,175708,265.59714598083497,265.8628759918213
2026-02-27 19:30:00+00:00,265.94000244140625,265.95001220703125,265.3800048828125,265.7300109863281,216807,265.80703244018554,266.07297244262696
2026-02-27 19:35:00+00:00,266.1199951171875,266.2200012207031,265.8900146484375,265.9200134277344,262863,265.9869351196289,266.2530551147461
2026-02-27 19:40:00+00:00,265.3999938964844,266.1499938964844,265.2699890136719,266.1300048828125,192520,265.2672938995361,265.5326938934326
2026-02-27 19:45:00+00:00,265.3500061035156,265.6300048828125,265.3409118652344,265.4200134277344,155284,265.21733110046387,265.4826811065674
2026-02-27 19:50:00+00:00,265.3699951171875,265.5400085449219,265.2699890136719,265.3599853515625,136887,265.23731011962894,265.50268011474606
2026-02-27 19:55:00+00:00,265.3500061035156,265.4800109863281,265.260009765625,265.364990234375,7972781,265.21733110046387,265.4826811065674
2026-02-27 20:00:00+00:00,265.3900146484375,265.5899963378906,265.2799987792969,265.3900146484375,0,265.25731964111327,265.52270965576173
2026-02-27 20:05:00+00:00,265.6000061035156,265.75,265.364990234375,265.4100036621094,206695,265.4672061004639,265.73280610656735
2026-02-27 20:10:00+00:00,266.45001220703125,266.45001220703125,265.6000061035156,265.6199951171875,283139,266.31678720092776,266.58323721313474
2026-02-27 20:15:00+00:00,266.8500061035156,266.8800048828125,266.45001220703125,266.4599914550781,288752,266.7165811004639,266.98343110656737
2026-02-27 20:20:00+00:00,266.6199951171875,266.8999938964844,266.5799865722656,266.8599853515625,251437,266.48668511962893,266.75330511474607
2026-02-27 20:25:00+00:00,266.6400146484375,266.7900085449219,266.4599914550781,266.6099853515625,234263,266.5066946411133,266.7733346557617
2026-02-27 20:30:00+00:00,265.6300048828125,266.6300048828125,265.57000732421875,266.6300048828125,501898,265.4971898803711,265.7628198852539
2026-02-27 20:35:00+00:00,265.25,265.7200012207031,265.1700134277344,265.6300048828125,502141,265.11737500000004,265.38262499999996
2026-02-27 20:40:00+00:00,264.864990234375,265.3500061035156,264.8399963378906,265.2301025390625,549255,264.7325577392578,264.9974227294922
2026-02-27 20:45:00+00:00,265.07501220703125,265.239990234375,264.7749938964844,264.8599853515625,642454,264.94247470092773,265.20754971313477
2026-02-27 20:50:00+00:00,264.4150085449219,265.69000244140625,264.0299987792969,265.1099853515625,1499171,264.2828010406494,264.54721604919433
2026-02-27 20:55:00+00:00,264.1700134277344,264.5199890136719,262.8900146484375,264.4599914550781,5430762,264.0379284210205,264.3020984344482
2026-03-02 14:30:00+00:00,262.1549987792969,263.1199951171875,260.20001220703125,262.44000244140625,3605326,262.02392127990726,262.2860762786865
2026-03-02 14:35:00+00:00,261.9700012207031,262.7900085449219,261.4700012207031,262.1600036621094,511373,261.8390162200928,262.10098622131346
2026-03-02 14:40:00+00:00,262.81500244140625,263.32000732421875,261.8800048828125,261.96539306640625,438656,262.68359494018557,262.94640994262693
2026-03-02 14:45:00+00:00,263.07501220703125,263.3819885253906,262.6199951171875,262.8900146484375,385102,262.94347470092777,263.20654971313473
2026-03-02 14:50:00+00:00,262.7099914550781,263.07000732421875,262.2300109863281,263.05999755859375,375769,262.5786364593506,262.84134645080564
2026-03-02 14:55:00+00:00,263.1499938964844,263.2900085449219,262.29998779296875,262.6499938964844,318117,263.01841889953613,263.2815688934326
2026-03-02 15:00:00+00:00,263.68499755859375,263.9700012207031,262.6600036621094,263.1199951171875,389597,263.55315505981446,263.81684005737304
2026-03-02 15:05:00+00:00,263.5899963378906,264.07000732421875,263.510009765625,263.7099914550781,2044434,263.4582013397217,263.72179133605954
2026-03-02 15:10:00+00:00,263.82000732421875,264.17999267578125,263.44000244140625,263.5899963378906,0,263.68809732055666,263.95191732788084
2026-03-02 15:15:00+00:00,264.1199951171875,264.5398864746094,263.70050048828125,263.82000732421875,2249363,263.9879351196289,264.2520551147461
2026-03-02 15:20:00+00:00,263.989990234375,264.3399963378906,263.4800109863281,264.1199951171875,384183,263.85799523925783,264.12198522949217
2026-03-02 15:25:00+00:00,263.80999755859375,264.07000732421875,263.0,263.989990234375,335583,263.67809255981444,263.94190255737306
2026-03-02 15:30:00+00:00,264.1600036621094,264.3299865722656,263.70001220703125,263.82000732421875,288792,264.02792366027836,264.2920836639404
2026-03-02 15:35:00+00:00,264.19000244140625,264.5899963378906,264.05999755859375,264.1449890136719,362623,264.05790744018555,264.32209744262695
2026-03-02 15:40:00+00:00,263.8299865722656,264.25,263.75,264.223388671875,0,263.6980715789795,263.9619015655517
2026-03-02 15:45:00+00:00,262.7900085449219,263.9679870605469,262.7449951171875,263.80999755859375,225495,262.6586135406494,262.92140354919434
2026-03-02 15:50:00+00:00,262.1499938964844,262.8599853515625,262.1499938964844,262.7349853515625,2789324,262.0189188995362,262.2810688934326
2026-03-02 15:55:00+00:00,262.7200012207031,262.7900085449219,262.0,262.1400146484375,0,262.58864122009277,262.8513612213135
2026-03-02 16:00:00+00:00,263.7749938964844,263.79998779296875,262.6000061035156,262.7099914550781,3064232,263.6431063995361,263.9068813934326
2026-03-02 16:05:00+00:00,264.93499755859375,264.94500732421875,263.7601013183594,263.783203125,327075,264.80253005981444,265.06746505737306
2026-03-02 16:10:00+00:00,264.7799987792969,264.9800109863281,264.5799865722656,264.9352111816406,0,264.6476087799072,264.91238877868653
2026-03-02 16:15:00+00:00,264.57501220703125,264.989990234375,264.3550109863281,264.8800048828125,3306683,264.4427247009277,264.7072997131348
2026-03-02 16:20:00+00:00,264.8599853515625,265.0299987792969,264.4599914550781,264.5715026855469,0,264.7275553588867,264.9924153442383
2026-03-02 16:25:00+00:00,264.3599853515625,264.94000244140625,264.04998779296875,264.885009765625,169026,264.2278053588867,264.4921653442383
2026-03-02 16:30:00+00:00,264.70001220703125,264.7250061035156,264.0,264.3599853515625,171498,264.56766220092777,264.83236221313473
2026-03-02 16:35:00+00:00,265.2300109863281,265.3616943359375,264.4700012207031,264.70001220703125,224444,265.09739598083496,265.3626259918213
2026-03-02 16:40:00+00:00,265.6300048828125,265.68798828125,265.2099914550781,265.2099914550781,3660391,265.4971898803711,265.7628198852539
2026-03-02 16:45:00+00:00,265.6000061035156,265.9483947753906,265.54998779296875,265.6509094238281,0,265.4672061004639,265.73280610656735
2026-03-02 16:50:00+00:00,265.510009765625,265.75,265.32501220703125,265.6300048828125,237175,265.3772547607422,265.6427647705078
2026-03-02 16:55:00+00:00,265.8550109863281,265.8999938964844,265.3900146484375,265.4700012207031,232942,265.72208348083495,265.9879384918213
2026-03-02 17:00:00+00:00,265.95001220703125,265.9898986816406,265.5899963378906,265.79998779296875,113253,265.81703720092776,266.08298721313474
2026-03-02 17:05:00+00:00,265.8399963378906,266.1546936035156,265.5150146484375,265.95001220703125,224131,265.7070763397217,265.97291633605954
2026-03-02 17:10:00+00:00,265.8599853515625,265.9599914550781,265.6300048828125,265.82501220703125,132162,265.72705535888673,265.99291534423827
2026-03-02 17:15:00+00:00,266.04998779296875,266.20001220703125,265.8598937988281,265.94000244140625,177175,265.9169627990723,266.1830127868652
2026-03-02 17:20:00+00:00,266.1600036621094,266.1700134277344,265.7850036621094,266.1050109863281,133890,266.0269236602783,266.2930836639404
2026-03-02 17:25:00+00:00,266.0,266.17999267578125,265.8599853515625,266.1700134277344,163116,265.867,266.133
2026-03-02 17:30:00+00:00,265.67498779296875,266.02508544921875,265.6300048828125,265.9949951171875,132385,265.54215029907226,265.80782528686524
2026-03-02 17:35:00+00:00,265.69500732421875,265.9800109863281,265.5,265.6600036621094,93281,265.56215982055664,265.82785482788086
2026-03-02 17:40:00+00:00,265.94000244140625,266.1700134277344,265.6700134277344,265.69000244140625,129561,265.80703244018554,266.07297244262696
2026-03-02 17:45:00+00:00,265.6000061035156,266.0799865722656,265.5101013183594,265.989990234375,182777,265.4672061004639,265.73280610656735
2026-03-02 17:50:00+00:00,265.67999267578125,265.9700012207031,265.57000732421875,265.6650085449219,147314,265.5471526794434,265.8128326721191
2026-03-02 17:55:00+00:00,266.1000061035156,266.1199951171875,265.44000244140625,265.67498779296875,174462,265.9669561004639,266.23305610656735
2026-03-02 18:00:00+00:00,265.8299865722656,266.2900085449219,265.7699890136719,266.1199951171875,258356,265.6970715789795,265.96290156555176
2026-03-02 18:05:00+00:00,265.6549987792969,266.0899963378906,265.63128662109375,265.8500061035156,90921,265.52217127990724,265.7878262786865
2026-03-02 18:10:00+00:00,265.80999755859375,265.8500061035156,265.5400085449219,265.6549987792969,129470,265.67709255981447,265.94290255737303
2026-03-02 18:15:00+00:00,265.4700012207031,265.8299865722656,265.3999938964844,265.8100891113281,113372,265.3372662200928,265.6027362213135
2026-03-02 18:20:00+00:00,265.2699890136719,265.6709899902344,265.2699890136719,265.4700012207031,99659,265.13735401916506,265.4026240081787
2026-03-02 18:25:00+00:00,265.5,265.6199951171875,265.25,265.2898864746094,93373,265.36725,265.63275
2026-03-02 18:30:00+00:00,265.239990234375,265.55010986328125,265.19000244140625,265.52801513671875,117669,265.1073702392578,265.3726102294922
2026-03-02 18:35:00+00:00,265.1058044433594,265.2900085449219,264.8900146484375,265.2300109863281,4824663,264.9732515411377,265.23835734558105
2026-03-02 18:40:00+00:00,265.010009765625,265.239990234375,264.8299865722656,265.0899963378906,0,264.8775047607422,265.1425147705078
2026-03-02 18:45:00+00:00,264.7300109863281,265.010009765625,264.3599853515625,265.010009765625,155161,264.59764598083495,264.8623759918213
2026-03-02 18:50:00+00:00,264.7099914550781,264.79998779296875,264.6000061035156,264.7200012207031,4920509,264.57763645935063,264.8423464508056
2026-03-02 18:55:00+00:00,264.6199951171875,264.760009765625,264.510009765625,264.67999267578125,0,264.4876851196289,264.7523051147461
2026-03-02 19:00:00+00:00,264.7900085449219,264.8699035644531,264.4060974121094,264.6000061035156,119094,264.65761354064944,264.9224035491943
2026-03-02 19:05:00+00:00,265.2799987792969,265.29998779296875,264.6499938964844,264.80999755859375,151875,265.1473587799072,265.4126387786865
2026-03-02 19:10:00+00:00,265.739990234375,265.8299865722656,265.2569885253906,265.2950134277344,173792,265.6071202392578,265.8728602294922
2026-03-02 19:15:00+00:00,265.9700012207031,266.04998779296875,265.739990234375,265.739990234375,150266,265.8370162200928,266.1029862213135
2026-03-02 19:20:00+00:00,265.82501220703125,266.1499938964844,265.739990234375,265.9700012207031,234133,265.69209970092777,265.95792471313473
2026-03-02 19:25:00+00:00,266.05999755859375,266.135009765625,265.7099914550781,265.8016052246094,5417355,265.92696755981444,266.19302755737306
2026-03-02 19:30:00+00:00,266.4599914550781,266.48809814453125,265.8299865722656,266.0450134277344,0,266.3267614593506,266.59322145080563
2026-03-02 19:35:00+00:00,266.0851135253906,266.5299987792969,265.9800109863281,266.45001220703125,161126,265.95207096862794,266.2181560821533
2026-03-02 19:40:00+00:00,266.1300048828125,266.239990234375,266.0400085449219,266.0400085449219,125107,265.9969398803711,266.2630698852539
2026-03-02 19:45:00+00:00,266.260009765625,266.44000244140625,266.0400085449219,266.1199951171875,227743,266.1268797607422,266.3931397705078
2026-03-02 19:50:00+00:00,266.1700134277344,266.4898986816406,266.1449890136719,266.2601013183594,161216,266.03692842102055,266.3030984344482
2026-03-02 19:55:00+00:00,265.7799987792969,266.2300109863281,265.739990234375,266.19500732421875,182508,265.6471087799072,265.9128887786865
2026-03-02 20:00:00+00:00,265.7550048828125,265.82049560546875,265.4216003417969,265.7900085449219,5767055,265.6221273803711,265.8878823852539
2026-03-02 20:05:00+00:00,264.54998779296875,265.95001220703125,264.45001220703125,265.7650146484375,490748,264.41771279907226,264.68226278686524
2026-03-02 20:10:00+00:00,264.44000244140625,264.80999755859375,264.2900085449219,264.5299987792969,415178,264.3077824401856,264.5722224426269
2026-03-02 20:15:00+00:00,264.7699890136719,265.0,264.1400146484375,264.42999267578125,320335,264.63760401916505,264.9023740081787
2026-03-02 20:20:00+00:00,264.3299865722656,264.8500061035156,264.32000732421875,264.7973937988281,302903,264.19782157897953,264.4621515655517
2026-03-02 20:25:00+00:00,264.30999755859375,264.6199951171875,264.20001220703125,264.3500061035156,244942,264.17784255981445,264.44215255737305
2026-03-02 20:30:00+00:00,264.6300048828125,264.6499938964844,264.17999267578125,264.31500244140625,230102,264.4976898803711,264.7623198852539
2026-03-02 20:35:00+00:00,264.2799987792969,264.625,264.2300109863281,264.625,297768,264.14785877990727,264.4121387786865
2026-03-02 20:40:00+00:00,264.202392578125,264.4150085449219,263.7699890136719,264.25,525223,264.07029138183594,264.33449377441406
2026-03-02 20:45:00+00:00,263.7099914550781,264.42999267578125,263.6099853515625,264.17999267578125,654738,263.5781364593506,263.84184645080563
2026-03-02 20:50:00+00:00,264.6499938964844,264.7200012207031,263.6199951171875,263.70001220703125,1026225,264.51766889953615,264.7823188934326
2026-03-02 20:55:00+00:00,264.6000061035156,265.54998779296875,264.57000732421875,264.6499938964844,3004525,264.4677061004639,264.73230610656736
2026-03-03 14:30:00+00:00,261.3699951171875,263.8299865722656,261.30010986328125,263.4800109863281,2144666,261.2393101196289,261.5006801147461
2026-03-03 14:35:00+00:00,264.7300109863281,265.55999755859375,261.2200012207031,261.35430908203125,1065774,264.59764598083495,264.8623759918213
2026-03-03 14:40:00+00:00,262.9649963378906,264.9800109863281,262.885009765625,264.760009765625,683151,262.8335138397217,263.09647883605953
2026-03-03 14:45:00+00:00,262.2950134277344,263.730712890625,262.0249938964844,263.04998779296875,517900,262.16386592102054,262.4261609344482
2026-03-03 14:50:00+00:00,262.7799987792969,263.1698913574219,262.1700134277344,262.2699890136719,461826,262.64860877990725,262.9113887786865
2026-03-03 14:55:00+00:00,262.32000732421875,262.94000244140625,262.05999755859375,262.7799987792969,374787,262.18884732055665,262.45116732788085
2026-03-03 15:00:00+00:00,262.8900146484375,263.05999755859375,262.0299987792969,262.2900085449219,521244,262.7585696411133,263.0214596557617
2026-03-03 15:05:00+00:00,263.94000244140625,264.0400085449219,262.54010009765625,262.92999267578125,595333,263.80803244018557,264.07197244262693
2026-03-03 15:10:00+00:00,264.1300048828125,264.7598876953125,263.6744079589844,263.8999938964844,426756,263.9979398803711,264.2620698852539
2026-03-03 15:15:00+00:00,263.760009765625,264.489990234375,263.2806091308594,264.1000061035156,327850,263.6281297607422,263.8918897705078
2026-03-03 15:20:00+00:00,263.385009765625,263.9800109863281,263.3399963378906,263.75,435950,263.2533172607422,263.5167022705078
2026-03-03 15:25:00+00:00,262.260009765625,263.3778076171875,262.1600036621094,263.3599853515625,492321,262.1288797607422,262.3911397705078
2026-03-03 15:30:00+00:00,263.2650146484375,263.2799987792969,262.2799987792969,262.2799987792969,507980,263.1333821411133,263.3966471557617
2026-03-03 15:35:00+00:00,263.0849914550781,263.94000244140625,262.95001220703125,263.2900085449219,345804,262.9534489593506,263.2165339508056
2026-03-03 15:40:00+00:00,262.9100036621094,263.41839599609375,262.6199951171875,263.07000732421875,349294,262.7785486602783,263.04145866394043
2026-03-03 15:45:00+00:00,262.8500061035156,263.2900085449219,262.6200866699219,262.93499755859375,258929,262.7185811004639,262.98143110656736
2026-03-03 15:50:00+00:00,262.1549987792969,262.8599853515625,262.07000732421875,262.82000732421875,255789,262.02392127990726,262.2860762786865
2026-03-03 15:55:00+00:00,262.4200134277344,262.54998779296875,261.9100036621094,262.1449890136719,380377,262.28880342102053,262.5512234344482
2026-03-03 16:00:00+00:00,262.8599853515625,263.1499938964844,262.2001037597656,262.3999938964844,370541,262.72855535888675,262.99141534423825
2026-03-03 16:05:00+00:00,262.6099853515625,263.1700134277344,262.25,262.8949890136719,334444,262.4786803588867,262.7412903442383
2026-03-03 16:10:00+00:00,262.82501220703125,263.07989501953125,262.6099853515625,262.68499755859375,258221,262.69359970092773,262.95642471313477
2026-03-03 16:15:00+00:00,262.6400146484375,263.2799987792969,262.44000244140625,262.8030090332031,297715,262.5086946411133,262.7713346557617
2026-03-03 16:20:00+00:00,262.42999267578125,262.79998779296875,262.1449890136719,262.6099853515625,350303,262.2987776794434,262.5612076721191
2026-03-03 16:25:00+00:00,262.57000732421875,262.57000732421875,262.1099853515625,262.3999938964844,307448,262.4387223205567,262.7012923278808
2026-03-03 16:30:00+00:00,262.9800109863281,263.1000061035156,262.17999267578125,262.4800109863281,258961,262.84852098083496,263.1115009918213
2026-03-03 16:35:00+00:00,262.8800048828125,263.3900146484375,262.8299865722656,262.9849853515625,194499,262.74856488037113,263.01144488525387
2026-03-03 16:40:00+00:00,262.9800109863281,263.17999267578125,262.25,262.8800048828125,333913,262.84852098083496,263.1115009918213
2026-03-03 16:45:00+00:00,263.06988525390625,263.7799987792969,262.8340148925781,262.9700012207031,276572,262.9383503112793,263.2014201965332
2026-03-03 16:50:00+00:00,262.6499938964844,263.1099853515625,262.30999755859375,263.05499267578125,276009,262.5186688995361,262.7813188934326
2026-03-03 16:55:00+00:00,262.6099853515625,262.7900085449219,262.4700012207031,262.6310119628906,199586,262.4786803588867,262.7412903442383
2026-03-03 17:00:00+00:00,262.510009765625,262.8800048828125,262.1499938964844,262.6700134277344,341314,262.3787547607422,262.6412647705078
2026-03-03 17:05:00+00:00,262.54998779296875,262.93499755859375,262.45001220703125,262.5184020996094,224484,262.4187127990723,262.6812627868652
2026-03-03 17:10:00+00:00,262.5400085449219,262.8099060058594,262.25,262.6099853515625,176662,262.40873854064944,262.6712785491943
2026-03-03 17:15:00+00:00,262.17999267578125,262.67999267578125,262.1199951171875,262.5400085449219,194597,262.04890267944336,262.31108267211914
2026-03-03 17:20:00+00:00,261.9800109863281,262.31500244140625,261.7950134277344,262.19000244140625,225273,261.84902098083495,262.1110009918213
2026-03-03 17:25:00+00:00,261.80999755859375,262.1549987792969,261.5799865722656,262.0199890136719,238252,261.6790925598145,261.940902557373
2026-03-03 17:30:00+00:00,260.2699890136719,261.80499267578125,260.2561950683594,261.79998779296875,383144,260.13985401916506,260.4001240081787
2026-03-03 17:35:00+00:00,260.94500732421875,260.95001220703125,260.1300048828125,260.260009765625,332042,260.8145348205567,261.0754798278808
2026-03-03 17:40:00+00:00,261.4150085449219,261.489990234375,260.9419860839844,260.9800109863281,271693,261.28430104064944,261.5457160491943
2026-03-03 17:45:00+00:00,261.32501220703125,261.44000244140625,260.9599914550781,261.3800048828125,192865,261.1943497009278,261.4556747131347
2026-03-03 17:50:00+00:00,260.8299865722656,261.4599914550781,260.7799987792969,261.30999755859375,241270,260.6995715789795,260.96040156555176
2026-03-03 17:55:00+00:00,260.7300109863281,261.010009765625,260.6199951171875,260.82000732421875,247540,260.59964598083496,260.8603759918213
2026-03-03 18:00:00+00:00,260.989990234375,261.2099914550781,260.7300109863281,260.7799987792969,172634,260.85949523925785,261.12048522949215
2026-03-03 18:05:00+00:00,261.0849914550781,261.26800537109375,260.8299865722656,261.0199890136719,194855,260.9544489593506,261.21553395080565
2026-03-03 18:10:00+00:00,260.6400146484375,261.0899963378906,260.5,261.0899963378906,213042,260.5096946411133,260.7703346557617
2026-03-03 18:15:00+00:00,261.0899963378906,261.2200012207031,260.6099853515625,260.6409912109375,176110,260.9594513397217,261.22054133605957
2026-03-03 18:20:00+00:00,261.7410888671875,261.8699951171875,261.0899963378906,261.1000061035156,235590,261.6102183227539,261.8719594116211
2026-03-03 18:25:00+00:00,261.4800109863281,261.79998779296875,261.43499755859375,261.7799987792969,240522,261.349270980835,261.61075099182125
2026-03-03 18:30:00+00:00,261.760009765625,261.92999267578125,261.3699951171875,261.44000244140625,230059,261.6291297607422,261.8908897705078
2026-03-03 18:35:00+00:00,261.98809814453125,262.18499755859375,261.4844970703125,261.739990234375,288834,261.857104095459,262.1190921936035
2026-03-03 18:40:00+00:00,262.2799987792969,262.54998779296875,261.9700012207031,262.04998779296875,225487,262.14885877990724,262.4111387786865
2026-03-03 18:45:00+00:00,262.8500061035156,262.9049987792969,262.0899963378906,262.2799987792969,273418,262.7185811004639,262.98143110656736
2026-03-03 18:50:00+00:00,262.79010009765625,263.1000061035156,262.590087890625,262.8550109863281,196431,262.65870504760744,262.92149514770506
2026-03-03 18:55:00+00:00,262.3999938964844,262.80999755859375,262.3800048828125,262.80999755859375,158922,262.26879389953615,262.5311938934326
2026-03-03 19:00:00+00:00,262.7099914550781,262.760009765625,262.239990234375,262.4302978515625,165411,262.5786364593506,262.84134645080564
2026-03-03 19:05:00+00:00,262.97149658203125,263.1000061035156,262.69000244140625,262.7300109863281,309697,262.8400108337402,263.1029823303223
2026-03-03 19:10:00+00:00,263.4200134277344,263.4750061035156,262.8500061035156,262.9599914550781,445876,263.28830342102054,263.5517234344482
2026-03-03 19:15:00+00:00,263.510009765625,263.7049865722656,263.3428955078125,263.4700012207031,214097,263.3782547607422,263.6417647705078
2026-03-03 19:20:00+00:00,263.7049865722656,263.9100036621094,263.5299987792969,263.5450134277344,227960,263.5731340789795,263.83683906555177
2026-03-03 19:25:00+00:00,263.6549987792969,263.8599853515625,263.56500244140625,263.7200012207031,181326,263.5231712799072,263.78682627868653
2026-03-03 19:30:00+00:00,263.5199890136719,263.75,263.3500061035156,263.6700134277344,228774,263.38822901916507,263.6517490081787
2026-03-03 19:35:00+00:00,264.1650085449219,264.614990234375,263.385009765625,263.55999755859375,405182,264.03292604064944,264.2970910491943
2026-03-03 19:40:00+00:00,264.2900085449219,264.4700012207031,263.94000244140625,264.2099914550781,258682,264.15786354064943,264.4221535491943
2026-03-03 19:45:00+00:00,263.8500061035156,264.489990234375,263.7900085449219,264.30999755859375,164061,263.7180811004639,263.98193110656734
2026-03-03 19:50:00+00:00,263.3999938964844,263.9200134277344,263.1000061035156,263.8450927734375,206808,263.26829389953616,263.5316938934326
2026-03-03 19:55:00+00:00,263.2601013183594,263.3999938964844,263.04998779296875,263.3349914550781,174628,263.1284712677002,263.39173136901854
2026-03-03 20:00:00+00:00,262.9800109863281,263.4993896484375,262.8800048828125,263.30999755859375,178690,262.84852098083496,263.1115009918213
2026-03-03 20:05:00+00:00,263.3598937988281,263.3598937988281,262.7200012207031,262.9999084472656,231436,263.22821385192873,263.4915737457275
2026-03-03 20:10:00+00:00,262.92999267578125,263.3349914550781,262.92999267578125,263.30999755859375,157872,262.7985276794434,263.0614576721191
2026-03-03 20:15:00+00:00,262.75,263.1700134277344,262.69000244140625,262.94500732421875,182491,262.618625,262.881375
2026-03-03 20:20:00+00:00,262.7200012207031,262.9070129394531,262.510009765625,262.7699890136719,171138,262.58864122009277,262.8513612213135
2026-03-03 20:25:00+00:00,263.2799987792969,263.36981201171875,262.6401062011719,262.7300109863281,211615,263.14835877990726,263.4116387786865
2026-03-03 20:30:00+00:00,263.239990234375,263.5299987792969,263.0849914550781,263.239990234375,272481,263.10837023925785,263.37161022949215
2026-03-03 20:35:00+00:00,263.4200134277344,263.77978515625,263.2449951171875,263.260009765625,325699,263.28830342102054,263.5517234344482
2026-03-03 20:40:00+00:00,263.2749938964844,263.5400085449219,263.1600036621094,263.4599914550781,267118,263.1433563995362,263.4066313934326
2026-03-03 20:45:00+00:00,263.260009765625,263.4100036621094,262.8900146484375,263.25,293606,263.1283797607422,263.3916397705078
2026-03-03 20:50:00+00:00,263.3599853515625,263.739990234375,262.3399963378906,263.25,806138,263.22830535888676,263.49166534423824
2026-03-03 20:55:00+00:00,263.6889953613281,263.9599914550781,263.30999755859375,263.30999755859375,2173419,263.55715086364745,263.8208398590088
2026-03-04 14:30:00+00:00,264.6799011230469,266.1499938964844,263.9200134277344,264.6499938964844,2172518,264.54756117248536,264.8122410736084
2026-03-04 14:35:00+00:00,263.2250061035156,264.7535095214844,262.7250061035156,264.635009765625,588778,263.09339360046386,263.3566186065674
2026-03-04 14:40:00+00:00,262.29998779296875,263.2311096191406,262.1400146484375,263.2311096191406,549218,262.16883779907226,262.43113778686524
2026-03-04 14:45:00+00:00,262.4200134277344,262.9599914550781,261.4200134277344,262.1600036621094,569006,262.28880342102053,262.5512234344482
2026-03-04 14:50:00+00:00,262.6400146484375,262.8699951171875,262.0199890136719,262.44000244140625,380959,262.5086946411133,262.7713346557617
2026-03-04 14:55:00+00:00,262.5,262.8299865722656,262.1099853515625,262.6099853515625,475193,262.36875000000003,262.63124999999997
2026-03-04 15:00:00+00:00,262.1099853515625,263.0,261.7099914550781,262.5199890136719,622444,261.9789303588867,262.2410403442383
2026-03-04 15:05:00+00:00,262.875,262.9410095214844,262.0799865722656,262.1099853515625,361140,262.7435625,263.0064375
2026-03-04 15:10:00+00:00,262.8999938964844,263.19000244140625,262.5299987792969,262.8699951171875,345983,262.76854389953616,263.0314438934326
2026-03-04 15:15:00+00:00,263.7499084472656,263.7898864746094,262.80999755859375,262.860107421875,367148,263.618033493042,263.88178340148926
2026-03-04 15:20:00+00:00,264.17999267578125,264.3299865722656,263.59130859375,263.75,432934,264.0479026794434,264.3120826721191
2026-03-04 15:25:00+00:00,264.1300048828125,264.20001220703125,263.75,264.1499938964844,349533,263.9979398803711,264.2620698852539
2026-03-04 15:30:00+00:00,264.1700134277344,264.3999938964844,263.9200134277344,264.125,373063,264.0379284210205,264.3020984344482
2026-03-04 15:35:00+00:00,263.9700012207031,264.5758972167969,263.8689880371094,264.17999267578125,331959,263.8380162200928,264.10198622131344
2026-03-04 15:40:00+00:00,263.7300109863281,264.3550109863281,263.7200012207031,263.9700012207031,246607,263.598145980835,263.86187599182125
2026-03-04 15:45:00+00:00,263.25048828125,263.739990234375,263.1000061035156,263.7200012207031,257431,263.1188630371094,263.3821135253906
2026-03-04 15:50:00+00:00,263.2200012207031,263.5299987792969,262.81500244140625,263.2699890136719,319940,263.0883912200928,263.3516112213135
2026-03-04 15:55:00+00:00,264.05621337890625,264.0799865722656,263.20001220703125,263.2200012207031,275873,263.9241852722168,264.1882414855957
2026-03-04 16:00:00+00:00,264.14990234375,264.42999267578125,263.8999938964844,264.06500244140625,355999,264.0178273925781,264.2819772949219
2026-03-04 16:05:00+00:00,263.75,264.32000732421875,263.5400085449219,264.1499938964844,279917,263.618125,263.881875
2026-03-04 16:10:00+00:00,263.510009765625,263.8169860839844,263.4198913574219,263.7699890136719,246860,263.3782547607422,263.6417647705078
2026-03-04 16:15:00+00:00,263.5450134277344,263.7699890136719,263.3699951171875,263.5400085449219,260710,263.41324092102053,263.6767859344482
2026-03-04 16:20:00+00:00,264.1499938964844,264.260009765625,263.4425964355469,263.56500244140625,294754,264.01791889953614,264.2820688934326
2026-03-04 16:25:00+00:00,264.5299987792969,264.7200012207031,264.0700988769531,264.1361999511719,333098,264.39773377990724,264.6622637786865
2026-03-04 16:30:00+00:00,264.6000061035156,264.6099853515625,264.29998779296875,264.5199890136719,200838,264.4677061004639,264.73230610656736
2026-03-04 16:35:00+00:00,264.7300109863281,264.8399963378906,264.46929931640625,264.6199951171875,328432,264.59764598083495,264.8623759918213
2026-03-04 16:40:00+00:00,265.3299865722656,265.489990234375,264.7099914550781,264.7699890136719,310412,265.1973215789795,265.46265156555177
2026-03-04 16:45:00+00:00,265.239990234375,265.510009765625,265.0,265.32000732421875,305203,265.1073702392578,265.3726102294922
2026-03-04 16:50:00+00:00,265.239990234375,265.37701416015625,264.989990234375,265.2449951171875,193238,265.1073702392578,265.3726102294922
2026-03-04 16:55:00+00:00,264.7300109863281,265.260009765625,264.7300109863281,265.239990234375,236289,264.59764598083495,264.8623759918213
2026-03-04 17:00:00+00:00,264.8900146484375,264.9367980957031,264.67999267578125,264.760009765625,175904,264.7575696411133,265.0224596557617
2026-03-04 17:05:00+00:00,265.1300048828125,265.29998779296875,264.9100036621094,264.9100036621094,318968,264.99743988037113,265.26256988525387
2026-03-04 17:10:00+00:00,265.2699890136719,265.4100036621094,265.1000061035156,265.1499938964844,287431,265.13735401916506,265.4026240081787
2026-03-04 17:15:00+00:00,265.1000061035156,265.32501220703125,265.0199890136719,265.2699890136719,230953,264.9674561004639,265.23255610656736
2026-03-04 17:20:00+00:00,265.17999267578125,265.2699890136719,265.0,265.0950012207031,196109,265.0474026794434,265.3125826721191
2026-03-04 17:25:00+00:00,264.8999938964844,265.4100036621094,264.8900146484375,265.2149963378906,267065,264.7675438995361,265.0324438934326
2026-03-04 17:30:00+00:00,264.5090026855469,264.9100036621094,264.1824951171875,264.9100036621094,258884,264.37674818420413,264.6412571868896
2026-03-04 17:35:00+00:00,264.81500244140625,264.84991455078125,264.44000244140625,264.5199890136719,123454,264.68259494018554,264.94740994262696
2026-03-04 17:40:00+00:00,264.67999267578125,264.8096923828125,264.4599914550781,264.8096923828125,145335,264.5476526794434,264.8123326721191
2026-03-04 17:45:00+00:00,265.1099853515625,265.239990234375,264.6600036621094,264.6697082519531,145187,264.97743035888675,265.24254034423825
2026-03-04 17:50:00+00:00,265.0,265.3599853515625,264.8299865722656,265.1300048828125,251788,264.8675,265.1325
2026-03-04 17:55:00+00:00,264.6199951171875,264.9700012207031,264.6000061035156,264.9700012207031,137610,264.4876851196289,264.7523051147461
2026-03-04 18:00:00+00:00,264.41009521484375,264.7900085449219,264.3599853515625,264.6000061035156,196016,264.27789016723636,264.54230026245114
2026-03-04 18:05:00+00:00,264.07000732421875,264.46990966796875,263.9100036621094,264.4100036621094,397799,263.93797232055664,264.20204232788086
2026-03-04 18:10:00+00:00,264.0150146484375,264.6700134277344,263.82000732421875,264.05999755859375,385885,263.8830071411133,264.1470221557617
2026-03-04 18:15:00+00:00,263.82000732421875,264.0400085449219,263.4800109863281,264.0,343110,263.68809732055666,263.95191732788084
2026-03-04 18:20:00+00:00,263.55999755859375,263.92999267578125,263.54998779296875,263.8299865722656,194385,263.42821755981447,263.69177755737303
2026-03-04 18:25:00+00:00,263.7799987792969,263.82000732421875,263.3399963378906,263.57000732421875,247850,263.64810877990726,263.9118887786865
2026-03-04 18:30:00+00:00,263.9849853515625,264.19500732421875,263.739990234375,263.79998779296875,249346,263.85299285888675,264.11697784423825
2026-03-04 18:35:00+00:00,263.9100036621094,264.1600036621094,263.8699951171875,263.9599914550781,210509,263.77804866027833,264.0419586639404
2026-03-04 18:40:00+00:00,263.6600036621094,264.0150146484375,263.610107421875,263.94000244140625,192039,263.52817366027836,263.7918336639404
2026-03-04 18:45:00+00:00,263.7099914550781,263.8399963378906,263.6000061035156,263.6700134277344,135378,263.5781364593506,263.84184645080563
2026-03-04 18:50:00+00:00,263.4049987792969,263.7200012207031,263.40008544921875,263.7200012207031,191105,263.27329627990724,263.5367012786865
2026-03-04 18:55:00+00:00,263.260009765625,263.45001220703125,263.05999755859375,263.4100036621094,216527,263.1283797607422,263.3916397705078
2026-03-04 19:00:00+00:00,263.3599853515625,263.55999755859375,263.2300109863281,263.260009765625,189272,263.22830535888676,263.49166534423824
2026-03-04 19:05:00+00:00,263.2850036621094,263.4100036621094,263.239990234375,263.3699951171875,207674,263.15336116027834,263.4166461639404
2026-03-04 19:10:00+00:00,263.4599914550781,263.6299133300781,263.2799987792969,263.2799987792969,227544,263.3282614593506,263.59172145080566
2026-03-04 19:15:00+00:00,263.4700012207031,263.5199890136719,263.2349853515625,263.4700012207031,222012,263.3382662200928,263.60173622131344
2026-03-04 19:20:00+00:00,263.4306945800781,263.6300048828125,263.1099853515625,263.4999084472656,272656,263.2989792327881,263.56240992736815
2026-03-04 19:25:00+00:00,263.3500061035156,263.50299072265625,263.2099914550781,263.42999267578125,574947,263.2183311004639,263.48168110656735
2026-03-04 19:30:00+00:00,263.3399963378906,263.5,263.26300048828125,263.3399963378906,163945,263.2083263397217,263.47166633605957
2026-03-04 19:35:00+00:00,263.56500244140625,263.5799865722656,263.2900085449219,263.364990234375,231258,263.43321994018555,263.69678494262695
2026-03-04 19:40:00+00:00,263.2099914550781,263.67999267578125,263.15008544921875,263.5885009765625,320715,263.0783864593506,263.34159645080564
2026-03-04 19:45:00+00:00,263.18499755859375,263.34991455078125,263.0899963378906,263.2799987792969,188708,263.05340505981445,263.31659005737305
2026-03-04 19:50:00+00:00,263.2699890136719,263.4200134277344,263.1499938964844,263.19000244140625,316794,263.13835401916504,263.4016240081787
2026-03-04 19:55:00+00:00,263.2200012207031,263.3699951171875,263.0199890136719,263.2699890136719,315410,263.0883912200928,263.3516112213135
2026-03-04 20:00:00+00:00,263.2850036621094,263.45001220703125,263.1300048828125,263.2300109863281,443819,263.15336116027834,263.4166461639404
2026-03-04 20:05:00+00:00,262.9599914550781,263.3349914550781,262.8599853515625,263.2850036621094,275248,262.8285114593506,263.09147145080567
2026-03-04 20:10:00+00:00,262.875,262.9700012207031,262.79998779296875,262.9700012207031,198132,262.7435625,263.0064375
2026-03-04 20:15:00+00:00,262.3500061035156,262.8999938964844,262.30999755859375,262.8599853515625,327148,262.2188311004639,262.48118110656736
2026-03-04 20:20:00+00:00,262.44000244140625,262.4800109863281,262.0599060058594,262.3599853515625,328453,262.30878244018555,262.57122244262695
2026-03-04 20:25:00+00:00,262.7300109863281,262.7699890136719,262.4100036621094,262.45001220703125,274002,262.598645980835,262.86137599182126
2026-03-04 20:30:00+00:00,262.6050109863281,262.7900085449219,262.55999755859375,262.7099914550781,247456,262.473708480835,262.73631349182125
2026-03-04 20:35:00+00:00,262.6400146484375,262.8500061035156,262.55999755859375,262.6050109863281,272285,262.5086946411133,262.7713346557617
2026-03-04 20:40:00+00:00,262.345703125,262.69000244140625,262.3399963378906,262.6498107910156,327085,262.2145302734375,262.4768759765625
2026-03-04 20:45:00+00:00,262.2349853515625,262.45001220703125,262.17999267578125,262.3399963378906,308315,262.10386785888676,262.36610284423824
2026-03-04 20:50:00+00:00,262.8599853515625,263.1600036621094,262.16461181640625,262.2300109863281,1044816,262.72855535888675,262.99141534423825
2026-03-04 20:55:00+00:00,262.45001220703125,263.1199951171875,262.44500732421875,262.8500061035156,2637679,262.3187872009278,262.5812372131347
2026-03-05 14:30:00+00:00,260.7699890136719,261.1000061035156,259.8800048828125,260.7449951171875,3898264,260.63960401916506,260.9003740081787
2026-03-05 14:35:00+00:00,260.44000244140625,261.45001220703125,260.260009765625,260.79998779296875,585300,260.3097824401856,260.5702224426269
2026-03-05 14:40:00+00:00,259.33990478515625,260.7300109863281,259.1600036621094,260.4563903808594,624359,259.21023483276366,259.46957473754884
2026-03-05 14:45:00+00:00,259.1549987792969,259.95001220703125,259.05999755859375,259.3399963378906,675835,259.0254212799072,259.28457627868653
2026-03-05 14:50:00+00:00,259.3500061035156,259.5799865722656,258.8599853515625,259.1700134277344,661214,259.2203311004639,259.47968110656734
2026-03-05 14:55:00+00:00,259.94000244140625,260.0299987792969,259.1700134277344,259.32000732421875,622698,259.8100324401856,260.0699724426269
2026-03-05 15:00:00+00:00,259.6300048828125,260.28448486328125,259.4549865722656,259.9100036621094,732350,259.5001898803711,259.7598198852539
2026-03-05 15:05:00+00:00,258.9599914550781,259.6199951171875,258.8399963378906,259.6199951171875,482239,258.8305114593506,259.08947145080566
2026-03-05 15:10:00+00:00,259.6199951171875,259.70001220703125,258.5799865722656,258.9549865722656,717699,259.4901851196289,259.7498051147461
2026-03-05 15:15:00+00:00,258.8800048828125,259.6700134277344,258.66400146484375,259.6199951171875,470699,258.7505648803711,259.0094448852539
2026-03-05 15:20:00+00:00,258.7099914550781,259.2699890136719,258.6099853515625,258.8699951171875,534942,258.5806364593506,258.83934645080564
2026-03-05 15:25:00+00:00,258.8699951171875,258.8999938964844,258.5400085449219,258.6700134277344,463148,258.7405601196289,258.9994301147461
2026-03-05 15:30:00+00:00,258.44940185546875,258.92498779296875,258.07501220703125,258.9100036621094,518581,258.32017715454106,258.57862655639644
2026-03-05 15:35:00+00:00,260.0,260.0,258.4200134277344,258.42498779296875,533472,259.87,260.13
2026-03-05 15:40:00+00:00,260.15130615234375,260.3500061035156,259.9700012207031,260.0199890136719,436926,260.0212304992676,260.2813818054199
2026-03-05 15:45:00+00:00,260.260009765625,260.3999938964844,259.82000732421875,260.1600036621094,314175,260.1298797607422,260.3901397705078
2026-03-05 15:50:00+00:00,260.739990234375,261.010009765625,260.2699890136719,260.2799987792969,524192,260.6096202392578,260.8703602294922
2026-03-05 15:55:00+00:00,261.0,261.2250061035156,260.6400146484375,260.7499084472656,438541,260.8695,261.1305
2026-03-05 16:00:00+00:00,260.6000061035156,261.0400085449219,260.42999267578125,261.0150146484375,440855,260.4697061004639,260.73030610656735
2026-03-05 16:05:00+00:00,260.44000244140625,260.7099914550781,260.1700134277344,260.5899963378906,397159,260.3097824401856,260.5702224426269
2026-03-05 16:10:00+00:00,259.6499938964844,260.4620056152344,259.57000732421875,260.44000244140625,414468,259.52016889953615,259.7798188934326
2026-03-05 16:15:00+00:00,259.9150085449219,260.125,259.5,259.6400146484375,296359,259.7850510406494,260.04496604919433
2026-03-05 16:20:00+00:00,260.6300048828125,260.7099914550781,259.8999938964844,259.8999938964844,315767,260.49968988037114,260.76031988525386
2026-03-05 16:25:00+00:00,260.7550048828125,260.8900146484375,260.55999755859375,260.6000061035156,220577,260.6246273803711,260.8853823852539
2026-03-05 16:30:00+00:00,260.6300048828125,261.5,260.5,260.760009765625,531624,260.49968988037114,260.76031988525386
2026-03-05 16:35:00+00:00,260.62799072265625,260.8599853515625,260.4150085449219,260.6000061035156,314616,260.49767672729496,260.75830471801754
2026-03-05 16:40:00+00:00,260.760009765625,260.9200134277344,260.57000732421875,260.6400146484375,283796,260.6296297607422,260.8903897705078
2026-03-05 16:45:00+00:00,260.635009765625,261.29998779296875,260.6123962402344,260.7799987792969,388049,260.5046922607422,260.7653272705078
2026-03-05 16:50:00+00:00,260.6099853515625,260.94500732421875,260.32000732421875,260.6400146484375,307906,260.47968035888675,260.74029034423825
2026-03-05 16:55:00+00:00,260.69000244140625,260.82000732421875,260.4700012207031,260.6300048828125,277668,260.55965744018556,260.82034744262694
2026-03-05 17:00:00+00:00,261.45001220703125,261.55499267578125,260.6600036621094,260.70001220703125,256820,261.31928720092776,261.58073721313474
2026-03-05 17:05:00+00:00,260.4750061035156,261.5400085449219,260.42999267578125,261.4700012207031,238896,260.3447686004639,260.60524360656734
2026-03-05 17:10:00+00:00,260.30999755859375,260.614990234375,260.05999755859375,260.427490234375,305877,260.17984255981446,260.44015255737304
2026-03-05 17:15:00+00:00,259.19000244140625,260.3399963378906,259.125,260.3399963378906,453057,259.06040744018554,259.31959744262696
2026-03-05 17:20:00+00:00,259.2749938964844,259.42999267578125,259.0899963378906,259.20001220703125,245367,259.1453563995361,259.4046313934326
2026-03-05 17:25:00+00:00,259.0199890136719,259.44000244140625,258.9700012207031,259.25,329678,258.89047901916507,259.1494990081787
2026-03-05 17:30:00+00:00,258.614990234375,259.1099853515625,258.54998779296875,259.0400085449219,369264,258.4856827392578,258.7442977294922
2026-03-05 17:35:00+00:00,258.9549865722656,259.1499938964844,258.57000732421875,258.70001220703125,333743,258.8255090789795,259.08446406555174
2026-03-05 17:40:00+00:00,258.8299865722656,259.3699951171875,258.6300048828125,258.9700012207031,302831,258.7005715789795,258.95940156555173
2026-03-05 17:45:00+00:00,258.8399963378906,259.3599853515625,258.7047119140625,258.80999755859375,404832,258.7105763397217,258.96941633605957
2026-03-05 17:50:00+00:00,258.57000732421875,259.1199951171875,258.4949951171875,258.875,332089,258.44072232055663,258.69929232788087
2026-03-05 17:55:00+00:00,258.7200012207031,258.8399963378906,258.51129150390625,258.5799865722656,244883,258.5906412200928,258.8493612213135
2026-03-05 18:00:00+00:00,258.8500061035156,259.14898681640625,258.69000244140625,258.7200012207031,231673,258.7205811004639,258.97943110656735
2026-03-05 18:05:00+00:00,259.1099853515625,259.2799987792969,258.7850036621094,258.82000732421875,281396,258.98043035888674,259.23954034423826
2026-03-05 18:10:00+00:00,259.32501220703125,259.4200134277344,258.8800048828125,259.1091003417969,224001,259.19534970092775,259.45467471313475
2026-03-05 18:15:00+00:00,258.8900146484375,259.489990234375,258.80999755859375,259.3299865722656,219364,258.7605696411133,259.0194596557617
2026-03-05 18:20:00+00:00,259.44500732421875,259.4590148925781,258.75,258.8900146484375,269597,259.31528482055666,259.57472982788084
2026-03-05 18:25:00+00:00,258.9090881347656,259.45989990234375,258.71990966796875,259.45989990234375,212616,258.77963359069827,259.038542678833
2026-03-05 18:30:00+00:00,258.9049987792969,259.1199951171875,258.760009765625,258.9200134277344,256287,258.77554627990725,259.0344512786865
2026-03-05 18:35:00+00:00,258.8100891113281,259.1099853515625,258.6650085449219,258.91009521484375,258925,258.68068406677247,258.9394941558838
2026-03-05 18:40:00+00:00,259.1400146484375,259.17999267578125,258.760009765625,258.8399963378906,300273,259.0104446411133,259.2695846557617
2026-03-05 18:45:00+00:00,258.3800048828125,259.17999267578125,258.30010986328125,259.1600036621094,321148,258.2508148803711,258.5091948852539
2026-03-05 18:50:00+00:00,257.989990234375,258.3999938964844,257.92999267578125,258.375,350436,257.8609952392578,258.1189852294922
2026-03-05 18:55:00+00:00,258.2200012207031,258.364990234375,257.8500061035156,258.0,379172,258.0908912200928,258.3491112213135
2026-03-05 19:00:00+00:00,258.2850036621094,258.4700012207031,258.1199951171875,258.18609619140625,342731,258.15586116027833,258.4141461639404
2026-03-05 19:05:00+00:00,258.5199890136719,258.5400085449219,258.25,258.2699890136719,238325,258.39072901916506,258.6492490081787
2026-03-05 19:10:00+00:00,258.260009765625,258.5599060058594,258.1700134277344,258.5150146484375,189773,258.1308797607422,258.3891397705078
2026-03-05 19:15:00+00:00,258.260009765625,258.3349914550781,258.1400146484375,258.2699890136719,192047,258.1308797607422,258.3891397705078
2026-03-05 19:20:00+00:00,258.2300109863281,258.4100036621094,258.1499938964844,258.2699890136719,228297,258.100895980835,258.35912599182126
2026-03-05 19:25:00+00:00,257.8599853515625,258.2749938964844,257.760009765625,258.2300109863281,299075,257.73105535888675,257.98891534423825
2026-03-05 19:30:00+00:00,257.4200134277344,257.8450012207031,257.3399963378906,257.8450012207031,385794,257.29130342102053,257.5487234344482
2026-03-05 19:35:00+00:00,257.5400085449219,257.5400085449219,257.25,257.42999267578125,257932,257.41123854064944,257.6687785491943
2026-03-05 19:40:00+00:00,258.32000732421875,258.3299865722656,257.5450134277344,257.54998779296875,274212,258.19084732055666,258.44916732788084
2026-03-05 19:45:00+00:00,258.2699890136719,258.4100036621094,258.1300048828125,258.3299865722656,225199,258.14085401916503,258.3991240081787
2026-03-05 19:50:00+00:00,257.6700134277344,258.4100036621094,257.6499938964844,258.30999755859375,225364,257.5411784210205,257.79884843444825
2026-03-05 19:55:00+00:00,257.7749938964844,257.8500061035156,257.55999755859375,257.67498779296875,234794,257.64610639953617,257.9038813934326
2026-03-05 20:00:00+00:00,258.1210021972656,258.1600036621094,257.3999938964844,257.7699890136719,354520,257.99194169616703,258.2500626983642
2026-03-05 20:05:00+00:00,257.8999938964844,258.1199951171875,257.4200134277344,258.1199951171875,364698,257.77104389953615,258.0289438934326
2026-03-05 20:10:00+00:00,258.7225036621094,258.7699890136719,257.8999938964844,257.9100036621094,397655,258.59314241027835,258.8518649139404
2026-03-05 20:15:00+00:00,258.8800048828125,259.1700134277344,258.3500061035156,258.7200012207031,455771,258.7505648803711,259.0094448852539
2026-03-05 20:20:00+00:00,259.1990051269531,259.29998779296875,258.85009765625,258.8599853515625,427273,259.0694056243897,259.3286046295166
2026-03-05 20:25:00+00:00,258.69000244140625,259.489990234375,258.67010498046875,259.20001220703125,435171,258.56065744018554,258.81934744262696
2026-03-05 20:30:00+00:00,258.79998779296875,259.1700134277344,258.6000061035156,258.67999267578125,318627,258.6705877990723,258.9293877868652
2026-03-05 20:35:00+00:00,258.8900146484375,259.17999267578125,258.7300109863281,258.7799987792969,298058,258.7605696411133,259.0194596557617
2026-03-05 20:40:00+00:00,258.6099853515625,258.9649963378906,258.4100036621094,258.9100036621094,481851,258.48068035888673,258.73929034423827
2026-03-05 20:45:00+00:00,258.9700012207031,258.989990234375,258.4949951171875,258.6099853515625,548914,258.8405162200928,259.09948622131344
2026-03-05 20:50:00+00:00,260.19000244140625,260.3299865722656,258.989990234375,259.0,1568569,260.05990744018555,260.32009744262695
2026-03-05 20:55:00+00:00,260.260009765625,260.55999755859375,259.9599914550781,260.20001220703125,3806495,260.1298797607422,260.3901397705078
2026-03-06 14:30:00+00:00,255.3408966064453,258.760009765625,255.16000366210938,258.739990234375,2969179,255.2132261581421,255.46856705474852
2026-03-06 14:35:00+00:00,255.05999755859375,255.41000366210938,254.3699951171875,255.3820037841797,861439,254.93246755981446,255.18752755737304
2026-03-06 14:40:00+00:00,255.50999450683594,255.88999938964844,254.9949951171875,255.0800018310547,444720,255.38223950958255,255.63774950408933
2026-03-06 14:45:00+00:00,255.1999969482422,255.60000610351562,254.72000122070312,255.4936981201172,583334,255.0723969497681,255.32759694671628
2026-03-06 14:50:00+00:00,255.72470092773438,256.239990234375,254.99000549316406,255.16000366210938,546463,255.59683857727052,255.85256327819823
2026-03-06 14:55:00+00:00,255.89999389648438,256.0400085449219,255.27000427246094,255.72999572753906,572083,255.77204389953616,256.0279438934326
2026-03-06 15:00:00+00:00,256.1000061035156,256.6099853515625,255.85000610351562,255.88999938964844,838056,255.97195610046387,256.22805610656735
2026-03-06 15:05:00+00:00,255.27999877929688,256.20001220703125,255.25,256.0799865722656,505046,255.15235877990725,255.4076387786865
2026-03-06 15:10:00+00:00,256.56170654296875,256.69000244140625,255.1999969482422,255.3000030517578,399017,256.4334256896973,256.6899873962402
2026-03-06 15:15:00+00:00,256.5,256.7698974609375,256.2001037597656,256.5899963378906,307219,256.37175,256.62825
2026-03-06 15:20:00+00:00,256.69000244140625,257.0697937011719,256.3900146484375,256.510009765625,307393,256.56165744018557,256.81834744262693
2026-03-06 15:25:00+00:00,256.70001220703125,256.82000732421875,256.3299865722656,256.6499938964844,231120,256.57166220092773,256.82836221313477
2026-03-06 15:30:00+00:00,256.9501037597656,257.0589904785156,256.6099853515625,256.69500732421875,345060,256.82162870788574,257.0785788116455
2026-03-06 15:35:00+00:00,257.1199951171875,257.260009765625,256.79998779296875,256.9700012207031,549804,256.99143511962893,257.24855511474607
2026-03-06 15:40:00+00:00,256.8550109863281,257.2099914550781,256.7200012207031,257.1600036621094,316508,256.72658348083496,256.9834384918213
2026-03-06 15:45:00+00:00,256.8905029296875,257.06170654296875,256.79998779296875,256.86981201171875,203213,256.7620576782227,257.0189481811523
2026-03-06 15:50:00+00:00,256.6099853515625,256.9100036621094,256.0799865722656,256.9100036621094,247408,256.4816803588867,256.7382903442383
2026-03-06 15:55:00+00:00,257.510009765625,257.57000732421875,256.6199951171875,256.6200866699219,308530,257.3812547607422,257.6387647705078
2026-03-06 16:00:00+00:00,257.87640380859375,257.95001220703125,257.4200134277344,257.5199890136719,275933,257.74746560668945,258.00534201049805
2026-03-06 16:05:00+00:00,257.55999755859375,257.9100036621094,257.5,257.8500061035156,212420,257.43121755981446,257.68877755737304
2026-03-06 16:10:00+00:00,257.19000244140625,257.54998779296875,257.0506896972656,257.54998779296875,206758,257.0614074401856,257.3185974426269
2026-03-06 16:15:00+00:00,257.55999755859375,257.57000732421875,257.04998779296875,257.17779541015625,195859,257.43121755981446,257.68877755737304
2026-03-06 16:20:00+00:00,257.2770080566406,257.6449890136719,256.9017028808594,257.6300048828125,209508,257.14836955261234,257.4056465606689
2026-03-06 16:25:00+00:00,257.25,257.4100036621094,257.0115966796875,257.2799987792969,199566,257.121375,257.378625
2026-03-06 16:30:00+00:00,256.59051513671875,257.3992004394531,256.44000244140625,257.29998779296875,225022,256.4622198791504,256.7188103942871
2026-03-06 16:35:00+00:00,256.8599853515625,257.0,256.5299987792969,256.5899963378906,810554,256.73155535888674,256.98841534423826
2026-03-06 16:40:00+00:00,256.68359375,257.1199951171875,256.67999267578125,256.94000244140625,228714,256.55525195312504,256.81193554687496
2026-03-06 16:45:00+00:00,256.9840087890625,257.2300109863281,256.7200012207031,256.7200012207031,206469,256.855516784668,257.112500793457
2026-03-06 16:50:00+00:00,256.77801513671875,257.489990234375,256.7200012207031,256.9599914550781,233113,256.6496261291504,256.9064041442871
2026-03-06 16:55:00+00:00,256.7701110839844,257.2200012207031,256.6199951171875,256.80999755859375,247135,256.6417260284424,256.89849613952634
2026-03-06 17:00:00+00:00,256.82000732421875,257.25,256.6099853515625,256.79998779296875,250061,256.69159732055664,256.94841732788086
2026-03-06 17:05:00+00:00,256.6499938964844,256.9562072753906,256.3900146484375,256.82000732421875,254022,256.52166889953617,256.7783188934326
2026-03-06 17:10:00+00:00,256.715087890625,256.8301086425781,256.5299987792969,256.6300048828125,154372,256.5867303466797,256.8434454345703
2026-03-06 17:15:00+00:00,256.95001220703125,256.9599914550781,256.4601135253906,256.70001220703125,211701,256.82153720092776,257.07848721313474
2026-03-06 17:20:00+00:00,256.9200134277344,257.1199035644531,256.7850036621094,256.9549865722656,277060,256.7915534210205,257.0484734344482
2026-03-06 17:25:00+00:00,256.7699890136719,256.9200134277344,256.5400085449219,256.9200134277344,199417,256.6416040191651,256.8983740081787
2026-03-06 17:30:00+00:00,257.0400085449219,257.0799865722656,256.70001220703125,256.7699890136719,314696,256.91148854064943,257.1685285491943
2026-03-06 17:35:00+00:00,256.364990234375,257.07989501953125,256.2699890136719,257.0299987792969,212670,256.2368077392578,256.4931727294922
2026-03-06 17:40:00+00:00,256.2749938964844,256.42999267578125,256.05999755859375,256.3599853515625,184974,256.14685639953615,256.4031313934326
2026-03-06 17:45:00+00:00,256.82000732421875,256.8900146484375,256.2799987792969,256.2799987792969,164734,256.69159732055664,256.94841732788086
2026-03-06 17:50:00+00:00,256.7349853515625,257.2099914550781,256.6700134277344,256.8500061035156,184969,256.60661785888675,256.86335284423825
2026-03-06 17:55:00+00:00,256.3599853515625,256.7799072265625,256.3299865722656,256.739990234375,136863,256.23180535888673,256.48816534423827
2026-03-06 18:00:00+00:00,256.68798828125,256.9200134277344,256.30999755859375,256.3583068847656,199840,256.5596442871094,256.8163322753906
2026-03-06 18:05:00+00:00,256.7510986328125,257.04998779296875,256.6910095214844,256.73590087890625,143059,256.6227230834961,256.8794741821289
2026-03-06 18:10:00+00:00,257.57000732421875,257.5899963378906,256.7200012207031,256.7650146484375,243739,257.4412223205567,257.6987923278808
2026-03-06 18:15:00+00:00,257.20001220703125,257.54998779296875,256.94171142578125,257.5299987792969,230950,257.07141220092774,257.32861221313476
2026-03-06 18:20:00+00:00,256.823486328125,257.2799987792969,256.70001220703125,257.20001220703125,194896,256.69507458496093,256.95189807128907
2026-03-06 18:25:00+00:00,256.4750061035156,256.8599853515625,256.3599853515625,256.8299865722656,176370,256.34676860046386,256.6032436065674
2026-03-06 18:30:00+00:00,256.4125061035156,256.6744079589844,256.19000244140625,256.4750061035156,348543,256.28429985046387,256.5407123565674
2026-03-06 18:35:00+00:00,256.2049865722656,256.4299011230469,256.0799865722656,256.3800048828125,144784,256.0768840789795,256.33308906555175
2026-03-06 18:40:00+00:00,256.2344055175781,256.34698486328125,256.1000061035156,256.20001220703125,117034,256.1062883148193,256.3625227203369
2026-03-06 18:45:00+00:00,256.3599853515625,256.3800048828125,256.1499938964844,256.2349853515625,143825,256.23180535888673,256.48816534423827
2026-03-06 18:50:00+00:00,256.05999755859375,256.3301086425781,255.91000366210938,256.3301086425781,169440,255.93196755981447,256.188027557373
2026-03-06 18:55:00+00:00,256.3312072753906,256.510009765625,256.0299987792969,256.04998779296875,169702,256.20304167175294,256.4593728790283
2026-03-06 19:00:00+00:00,256.4200134277344,256.6000061035156,256.32000732421875,256.3900146484375,159817,256.2918034210205,256.54822343444823
2026-03-06 19:05:00+00:00,256.67498779296875,256.7101135253906,256.3399963378906,256.375,129866,256.54665029907227,256.80332528686523
2026-03-06 19:10:00+00:00,256.8900146484375,257.0,256.6900939941406,256.6900939941406,137220,256.7615696411133,257.0184596557617
2026-03-06 19:15:00+00:00,256.92999267578125,257.0249938964844,256.75,256.8800048828125,184870,256.8015276794434,257.0584576721191
2026-03-06 19:20:00+00:00,256.7900085449219,257.0199890136719,256.44000244140625,256.9200134277344,205412,256.66161354064945,256.9184035491943
2026-03-06 19:25:00+00:00,257.17999267578125,257.2300109863281,256.6400146484375,256.80999755859375,179749,257.05140267944336,257.30858267211914
2026-03-06 19:30:00+00:00,257.3534851074219,257.4100036621094,257.1400146484375,257.1700134277344,153930,257.2248083648682,257.48216184997557
2026-03-06 19:35:00+00:00,257.0950012207031,257.3599853515625,256.8005065917969,257.340087890625,138255,256.9664537200928,257.2235487213135
2026-03-06 19:40:00+00:00,256.989990234375,257.45001220703125,256.9800109863281,257.1000061035156,165653,256.8614952392578,257.1184852294922
2026-03-06 19:45:00+00:00,256.9590148925781,257.1300048828125,256.85009765625,256.989990234375,146560,256.83053538513184,257.0874944000244
2026-03-06 19:50:00+00:00,257.42498779296875,257.4800109863281,256.9200134277344,256.9599914550781,161179,257.2962752990723,257.5537002868652
2026-03-06 19:55:00+00:00,257.5899963378906,257.67999267578125,257.3840026855469,257.4549865722656,269982,257.4612013397217,257.71879133605955
2026-03-06 20:00:00+00:00,257.5849914550781,257.8301086425781,257.510009765625,257.5950012207031,238700,257.4561989593506,257.71378395080563
2026-03-06 20:05:00+00:00,257.4700012207031,257.6099853515625,257.2900085449219,257.5849914550781,198405,257.3412662200928,257.59873622131346
2026-03-06 20:10:00+00:00,257.70001220703125,257.70001220703125,257.1400146484375,257.4599914550781,299230,257.57116220092774,257.82886221313476
2026-03-06 20:15:00+00:00,257.7799987792969,257.96990966796875,257.5400085449219,257.69000244140625,377969,257.65110877990725,257.9088887786865
2026-03-06 20:20:00+00:00,257.2262878417969,257.82501220703125,257.1600036621094,257.7699890136719,303337,257.097674697876,257.35490098571773
2026-03-06 20:25:00+00:00,256.9100036621094,257.2300109863281,256.81109619140625,257.2300109863281,342277,256.78154866027836,257.0384586639404
2026-03-06 20:30:00+00:00,256.93499755859375,256.9700012207031,256.4700012207031,256.9200134277344,420422,256.80653005981446,257.06346505737304
2026-03-06 20:35:00+00:00,256.8699951171875,256.9599914550781,256.44000244140625,256.9200134277344,400776,256.7415601196289,256.9984301147461
2026-03-06 20:40:00+00:00,256.57000732421875,257.2799987792969,256.5299987792969,256.8999938964844,453706,256.44172232055666,256.69829232788084
2026-03-06 20:45:00+00:00,256.7900085449219,256.9599914550781,256.54998779296875,256.57000732421875,312450,256.66161354064945,256.9184035491943
2026-03-06 20:50:00+00:00,257.4100036621094,257.70001220703125,256.54998779296875,256.82000732421875,756552,257.2812986602783,257.53870866394044
2026-03-06 20:55:00+00:00,257.44000244140625,258.010009765625,257.32000732421875,257.3999938964844,2785517,257.31128244018555,257.56872244262695
2026-03-09 13:30:00+00:00,254.4600067138672,257.0198974609375,253.6804962158203,255.69000244140625,2344979,254.33277671051027,254.5872367172241
2026-03-09 13:35:00+00:00,254.7899932861328,255.48300170898438,254.16000366210938,254.4600067138672,762939,254.66259828948975,254.91738828277587
2026-03-09 13:40:00+00:00,254.9600067138672,255.6392059326172,254.75999450683594,254.8300018310547,587990,254.83252671051028,255.0874867172241
2026-03-09 13:45:00+00:00,255.24000549316406,255.83999633789062,254.6300048828125,254.9499969482422,430977,255.1123854904175,255.36762549591063
2026-03-09 13:50:00+00:00,255.30999755859375,255.77000427246094,254.83999633789062,255.2100067138672,375735,255.18234255981446,255.43765255737304
2026-03-09 13:55:00+00:00,255.7100067138672,256.3699951171875,255.32000732421875,255.32000732421875,511760,255.58215171051026,255.83786171722411
2026-03-09 14:00:00+00:00,256.3299865722656,256.406494140625,255.5850067138672,255.65499877929688,338918,256.2018215789795,256.45815156555176
2026-03-09 14:05:00+00:00,255.92999267578125,256.59991455078125,255.5800018310547,256.3797912597656,527586,255.80202767944337,256.05795767211913
2026-03-09 14:10:00+00:00,256.1199951171875,256.3900146484375,255.5800018310547,255.93499755859375,313114,255.99193511962892,256.2480551147461
2026-03-09 14:15:00+00:00,255.95509338378906,256.4700012207031,255.5800018310547,256.1400146484375,387333,255.82711583709718,256.0830709304809
2026-03-09 14:20:00+00:00,256.6400146484375,256.9200134277344,255.74000549316406,255.93499755859375,312294,256.5116946411133,256.7683346557617
2026-03-09 14:25:00+00:00,255.7100067138672,256.739990234375,255.50010681152344,256.6000061035156,287872,255.58215171051026,255.83786171722411
2026-03-09 14:30:00+00:00,256.1505126953125,256.2300109863281,255.6300048828125,255.66000366210938,410775,256.02243743896486,256.27858795166014
2026-03-09 14:35:00+00:00,256.6199951171875,256.8799133300781,256.0400085449219,256.1355895996094,330272,256.4916851196289,256.7483051147461
2026-03-09 14:40:00+00:00,257.07000732421875,257.07000732421875,256.43499755859375,256.6000061035156,354190,256.94147232055667,257.19854232788083
2026-03-09 14:45:00+00:00,257.6199951171875,257.79998779296875,256.989990234375,257.05999755859375,475391,257.49118511962894,257.74880511474606
2026-03-09 14:50:00+00:00,257.7998962402344,257.8800048828125,257.3599853515625,257.6297912597656,281322,257.6709962921143,257.92879618835445
2026-03-09 14:55:00+00:00,257.3399963378906,257.7734069824219,257.1600036621094,257.7699890136719,337799,257.21132633972167,257.4686663360596
2026-03-09 15:00:00+00:00,257.44000244140625,257.5199890136719,257.1000061035156,257.32000732421875,260876,257.31128244018555,257.56872244262695
2026-03-09 15:05:00+00:00,257.1200866699219,257.5150146484375,256.92999267578125,257.3800048828125,213915,256.9915266265869,257.24864671325685
2026-03-09 15:10:00+00:00,257.260009765625,257.4800109863281,257.0899963378906,257.1300048828125,342077,257.1313797607422,257.3886397705078
2026-03-09 15:15:00+00:00,257.4750061035156,257.5,257.1899108886719,257.260009765625,204960,257.3462686004639,257.6037436065674
2026-03-09 15:20:00+00:00,257.4200134277344,257.6400146484375,257.29998779296875,257.4599914550781,244928,257.29130342102053,257.5487234344482
2026-03-09 15:25:00+00:00,257.7300109863281,257.7900085449219,257.3482971191406,257.44000244140625,270897,257.601145980835,257.85887599182126
2026-03-09 15:30:00+00:00,257.44000244140625,257.8100891113281,257.3200988769531,257.7200012207031,232949,257.31128244018555,257.56872244262695
2026-03-09 15:35:00+00:00,257.6000061035156,257.92999267578125,257.2950134277344,257.4549865722656,290219,257.47120610046386,257.7288061065674
2026-03-09 15:40:00+00:00,257.4100036621094,257.6099853515625,257.1499938964844,257.54998779296875,297340,257.2812986602783,257.53870866394044
2026-03-09 15:45:00+00:00,257.7919921875,257.8999938964844,257.3450012207031,257.4150085449219,357889,257.6630961914063,257.9208881835937
2026-03-09 15:50:00+00:00,258.0199890136719,258.17999267578125,257.70001220703125,257.7699890136719,250093,257.89097901916506,258.1489990081787
2026-03-09 15:55:00+00:00,257.44500732421875,258.0350036621094,257.30999755859375,258.0,287479,257.31628482055663,257.57372982788087
2026-03-09 16:00:00+00:00,257.3399963378906,257.7699890136719,257.15008544921875,257.4599914550781,238406,257.21132633972167,257.4686663360596
2026-03-09 16:05:00+00:00,257.79998779296875,257.9800109863281,257.364990234375,257.375,212229,257.67108779907227,257.92888778686523
2026-03-09 16:10:00+00:00,257.75,258.1000061035156,257.7229919433594,257.80169677734375,259063,257.621125,257.878875
2026-03-09 16:15:00+00:00,257.7300109863281,257.9283142089844,257.5436096191406,257.760009765625,151939,257.601145980835,257.85887599182126
2026-03-09 16:20:00+00:00,257.6400146484375,257.8500061035156,257.30999755859375,257.7449951171875,238034,257.5111946411133,257.7688346557617
2026-03-09 16:25:00+00:00,257.57000732421875,258.2699890136719,257.5299987792969,257.6499938964844,234857,257.4412223205567,257.6987923278808
2026-03-09 16:30:00+00:00,257.78009033203125,257.79998779296875,257.17999267578125,257.5799865722656,246639,257.6512002868653,257.9089803771972
2026-03-09 16:35:00+00:00,257.5978088378906,257.989990234375,257.5978088378906,257.80999755859375,168742,257.4690099334717,257.72660774230957
2026-03-09 16:40:00+00:00,257.739990234375,257.8599853515625,257.510009765625,257.6099853515625,150145,257.61112023925784,257.86886022949216
2026-03-09 16:45:00+00:00,257.9150085449219,258.0,257.6449890136719,257.7250061035156,219215,257.78605104064945,258.0439660491943
2026-03-09 16:50:00+00:00,257.6684875488281,257.94000244140625,257.55999755859375,257.94000244140625,171211,257.5396533050537,257.79732179260253
2026-03-09 16:55:00+00:00,257.7250061035156,258.0899963378906,257.55999755859375,257.6400146484375,246490,257.5961436004639,257.85386860656735
2026-03-09 17:00:00+00:00,257.4150085449219,257.7699890136719,257.29998779296875,257.7699890136719,205210,257.28630104064945,257.5437160491943
2026-03-09 17:05:00+00:00,257.4909973144531,257.5,257.2300109863281,257.4200134277344,145246,257.3622518157959,257.61974281311035
2026-03-09 17:10:00+00:00,257.2449951171875,257.57000732421875,257.20001220703125,257.489990234375,210900,257.1163726196289,257.3736176147461
2026-03-09 17:15:00+00:00,256.889892578125,257.3500061035156,256.8399963378906,257.25,204979,256.76144763183595,257.01833752441405
2026-03-09 17:20:00+00:00,256.7300109863281,256.9800109863281,256.6400146484375,256.95001220703125,229871,256.601645980835,256.8583759918213
2026-03-09 17:25:00+00:00,256.6300048828125,256.7900085449219,256.5400085449219,256.7200012207031,202444,256.5016898803711,256.7583198852539
2026-03-09 17:30:00+00:00,256.4150085449219,256.739990234375,256.364990234375,256.6499938964844,260253,256.28680104064944,256.5432160491943
2026-03-09 17:35:00+00:00,256.090087890625,256.44989013671875,256.090087890625,256.44000244140625,179601,255.9620428466797,256.2181329345703
2026-03-09 17:40:00+00:00,256.30999755859375,256.44659423828125,255.9499969482422,256.1050109863281,208747,256.18184255981447,256.43815255737303
2026-03-09 17:45:00+00:00,256.1600036621094,256.42999267578125,256.07501220703125,256.32000732421875,244655,256.0319236602783,256.2880836639404
2026-03-09 17:50:00+00:00,256.3299865722656,256.3609924316406,256.1499938964844,256.1600036621094,174457,256.2018215789795,256.45815156555176
2026-03-09 17:55:00+00:00,256.1199951171875,256.4798889160156,256.06500244140625,256.3299865722656,151722,255.99193511962892,256.2480551147461
2026-03-09 18:00:00+00:00,256.30999755859375,256.4599914550781,256.10760498046875,256.1300048828125,212901,256.18184255981447,256.43815255737303
2026-03-09 18:05:00+00:00,256.5404052734375,256.659912109375,256.31500244140625,256.31500244140625,587705,256.4121350708008,256.6686754760742
2026-03-09 18:10:00+00:00,256.82000732421875,256.875,256.5216979980469,256.55499267578125,164269,256.69159732055664,256.94841732788086
2026-03-09 18:15:00+00:00,257.0899963378906,257.1099853515625,256.75,256.8500061035156,189847,256.9614513397217,257.21854133605956
2026-03-09 18:20:00+00:00,256.989990234375,257.364990234375,256.8800048828125,257.0950012207031,178118,256.8614952392578,257.1184852294922
2026-03-09 18:25:00+00:00,257.1499938964844,257.2250061035156,256.92999267578125,256.95001220703125,136584,257.0214188995362,257.2785688934326
2026-03-09 18:30:00+00:00,257.7300109863281,257.79998779296875,257.1317138671875,257.1317138671875,248156,257.601145980835,257.85887599182126
2026-03-09 18:35:00+00:00,257.57000732421875,257.7698974609375,257.4700012207031,257.7278137207031,152008,257.4412223205567,257.6987923278808
2026-03-09 18:40:00+00:00,257.5033874511719,257.7449951171875,256.5199890136719,257.5799865722656,541908,257.3746357574463,257.63213914489745
2026-03-09 18:45:00+00:00,257.5249938964844,257.69830322265625,257.489990234375,257.5150146484375,203985,257.39623139953613,257.6537563934326
2026-03-09 18:50:00+00:00,257.6499938964844,257.7850036621094,257.4100036621094,257.510009765625,170393,257.5211688995361,257.77881889343263
2026-03-09 18:55:00+00:00,257.45098876953125,257.7550048828125,257.3999938964844,257.6499938964844,149660,257.3222632751465,257.579714263916
2026-03-09 19:00:00+00:00,257.260009765625,257.6050109863281,257.260009765625,257.45001220703125,182303,257.1313797607422,257.3886397705078
2026-03-09 19:05:00+00:00,257.1803894042969,257.3699951171875,257.0400085449219,257.19000244140625,322817,257.0517992095947,257.30897959899903
2026-03-09 19:10:00+00:00,257.2101135253906,257.3599853515625,257.1600036621094,257.2149963378906,290941,257.08150846862793,257.3387185821533
2026-03-09 19:15:00+00:00,258.67999267578125,258.7200012207031,257.1499938964844,257.2099914550781,521079,258.5506526794434,258.8093326721191
2026-03-09 19:20:00+00:00,258.9800109863281,259.42999267578125,258.4599914550781,258.67999267578125,789915,258.850520980835,259.1095009918213
2026-03-09 19:25:00+00:00,259.4800109863281,259.57000732421875,258.6600036621094,258.9700012207031,532825,259.350270980835,259.6097509918213
2026-03-09 19:30:00+00:00,260.30999755859375,260.3550109863281,259.010009765625,259.4599914550781,635913,260.17984255981446,260.44015255737304
2026-03-09 19:35:00+00:00,261.0299987792969,261.1499938964844,259.8575134277344,260.34991455078125,669563,260.89948377990726,261.1605137786865
2026-03-09 19:40:00+00:00,260.0199890136719,261.0400085449219,259.60009765625,261.0400085449219,644714,259.889979019165,260.1499990081787
2026-03-09 19:45:00+00:00,260.0249938964844,260.2200012207031,259.67999267578125,260.0,407255,259.89498139953616,260.1550063934326
2026-03-09 19:50:00+00:00,259.6929931640625,260.1600036621094,259.5350036621094,260.010009765625,648057,259.5631466674805,259.8228396606445
2026-03-09 19:55:00+00:00,259.8900146484375,260.30999755859375,259.4700012207031,259.67999267578125,1816038,259.7600696411133,260.0199596557617
2026-03-10 13:30:00+00:00,259.4200134277344,259.91839599609375,256.95001220703125,257.69500732421875,1839361,259.2903034210205,259.54972343444825
2026-03-10 13:35:00+00:00,258.739990234375,259.625,258.67999267578125,259.4100036621094,435489,258.6106202392578,258.8693602294922
2026-03-10 13:40:00+00:00,258.9200134277344,258.9700012207031,258.1099853515625,258.7200012207031,403855,258.79055342102055,259.0494734344482
2026-03-10 13:45:00+00:00,258.7300109863281,259.0400085449219,257.9100036621094,258.93499755859375,386871,258.600645980835,258.85937599182125
2026-03-10 13:50:00+00:00,258.2900085449219,258.9800109863281,258.2900085449219,258.82000732421875,278253,258.1608635406494,258.41915354919433
2026-03-10 13:55:00+00:00,257.9649963378906,258.4198913574219,257.70001220703125,258.2900085449219,230845,257.8360138397217,258.09397883605953
2026-03-10 14:00:00+00:00,258.510009765625,258.5799865722656,257.54998779296875,257.94000244140625,294614,258.3807547607422,258.6392647705078
2026-03-10 14:05:00+00:00,258.4750061035156,259.0849914550781,258.3301086425781,258.4800109863281,271726,258.3457686004639,258.60424360656737
2026-03-10 14:10:00+00:00,259.1300048828125,259.2799987792969,258.4150085449219,258.44000244140625,259676,259.0004398803711,259.2595698852539
2026-03-10 14:15:00+00:00,259.3900146484375,259.4200134277344,258.6099853515625,259.114990234375,254298,259.2603196411133,259.5197096557617
2026-03-10 14:20:00+00:00,259.635009765625,259.92999267578125,259.2799987792969,259.3399963378906,308829,259.5051922607422,259.7648272705078
2026-03-10 14:25:00+00:00,259.9700012207031,260.25,259.6400146484375,259.6408996582031,326734,259.84001622009276,260.0999862213135
2026-03-10 14:30:00+00:00,260.1700134277344,260.58990478515625,259.9150085449219,259.9400939941406,312588,260.03992842102053,260.3000984344482
2026-03-10 14:35:00+00:00,260.6099853515625,260.6199951171875,260.1300964355469,260.1499938964844,224699,260.47968035888675,260.74029034423825
2026-03-10 14:40:00+00:00,261.0799865722656,261.260009765625,260.4649963378906,260.6000061035156,337081,260.9494465789795,261.21052656555173
2026-03-10 14:45:00+00:00,261.1050109863281,261.2349853515625,260.82501220703125,261.1000061035156,213413,260.974458480835,261.23556349182127
2026-03-10 14:50:00+00:00,261.364990234375,261.5,261.0700988769531,261.0899963378906,193622,261.2343077392578,261.4956727294922
2026-03-10 14:55:00+00:00,261.3299865722656,261.5299987792969,261.1000061035156,261.3599853515625,268433,261.1993215789795,261.46065156555176
2026-03-10 15:00:00+00:00,261.3900146484375,261.7799987792969,261.20001220703125,261.30499267578125,577478,261.2593196411133,261.5207096557617
2026-03-10 15:05:00+00:00,261.1799011230469,261.4200134277344,261.04998779296875,261.3900146484375,212931,261.0493111724854,261.3104910736084
2026-03-10 15:10:00+00:00,261.2200012207031,261.3599853515625,261.05999755859375,261.17999267578125,168393,261.0893912200928,261.35061122131344
2026-03-10 15:15:00+00:00,261.489990234375,261.5899963378906,261.239990234375,261.2449951171875,200238,261.3592452392578,261.6207352294922
2026-03-10 15:20:00+00:00,261.1499938964844,261.6300048828125,261.1449890136719,261.489990234375,162445,261.01941889953616,261.2805688934326
2026-03-10 15:25:00+00:00,261.30999755859375,261.3800048828125,261.0899963378906,261.20001220703125,160109,261.1793425598145,261.440652557373
2026-03-10 15:30:00+00:00,261.17999267578125,261.3699951171875,261.07000732421875,261.29998779296875,185632,261.04940267944335,261.31058267211915
2026-03-10 15:35:00+00:00,261.2900085449219,261.4100036621094,261.1401062011719,261.17999267578125,146471,261.15936354064945,261.4206535491943
2026-03-10 15:40:00+00:00,261.3599853515625,261.6099853515625,261.19500732421875,261.30499267578125,231300,261.22930535888673,261.49066534423827
2026-03-10 15:45:00+00:00,261.05999755859375,261.3699035644531,261.0,261.364990234375,146805,260.92946755981444,261.19052755737306
2026-03-10 15:50:00+00:00,261.17999267578125,261.3800048828125,261.05499267578125,261.05499267578125,126798,261.04940267944335,261.31058267211915
2026-03-10 15:55:00+00:00,261.510009765625,261.54998779296875,261.0531921386719,261.1700134277344,138386,261.3792547607422,261.6407647705078
2026-03-10 16:00:00+00:00,261.4700012207031,261.54998779296875,261.2099914550781,261.5,174419,261.3392662200928,261.60073622131347
2026-03-10 16:05:00+00:00,261.3500061035156,261.6700134277344,261.1700134277344,261.4750061035156,306557,261.2193311004639,261.4806811065674
2026-03-10 16:10:00+00:00,261.3800048828125,261.5799865722656,261.2179870605469,261.3500061035156,166531,261.2493148803711,261.5106948852539
2026-03-10 16:15:00+00:00,261.3999938964844,261.5950012207031,261.2301025390625,261.3599853515625,229660,261.26929389953614,261.5306938934326
2026-03-10 16:20:00+00:00,261.5299987792969,261.6199951171875,261.1099853515625,261.4200134277344,206957,261.39923377990726,261.6607637786865
2026-03-10 16:25:00+00:00,261.8699951171875,261.9800109863281,261.44000244140625,261.5199890136719,320717,261.7390601196289,262.0009301147461
2026-03-10 16:30:00+00:00,261.4599914550781,261.9599914550781,261.3999938964844,261.8900146484375,344936,261.3292614593506,261.59072145080563
2026-03-10 16:35:00+00:00,261.31500244140625,261.57000732421875,261.25,261.45001220703125,143407,261.18434494018555,261.44565994262695
2026-03-10 16:40:00+00:00,261.3800048828125,261.4661865234375,261.19500732421875,261.3399963378906,210339,261.2493148803711,261.5106948852539
2026-03-10 16:45:00+00:00,261.0899963378906,261.3800048828125,260.82000732421875,261.3699951171875,196887,260.9594513397217,261.22054133605957
2026-03-10 16:50:00+00:00,261.20001220703125,261.30999755859375,260.8699951171875,261.0799865722656,176643,261.06941220092773,261.33061221313477
2026-03-10 16:55:00+00:00,261.1549987792969,261.2699890136719,261.07000732421875,261.2300109863281,120679,261.02442127990724,261.2855762786865
2026-03-10 17:00:00+00:00,261.2850036621094,261.4549865722656,261.1099853515625,261.1700134277344,189529,261.1543611602783,261.41564616394044
2026-03-10 17:05:00+00:00,261.55999755859375,261.57501220703125,261.2550048828125,261.2799987792969,157346,261.42921755981445,261.69077755737305
2026-03-10 17:10:00+00:00,261.8599853515625,261.9599914550781,261.5350036621094,261.55499267578125,229760,261.72905535888674,261.99091534423826
2026-03-10 17:15:00+00:00,262.1199951171875,262.4800109863281,261.8299865722656,261.8299865722656,350355,261.98893511962893,262.25105511474607
2026-03-10 17:20:00+00:00,262.2550048828125,262.2900085449219,261.7749938964844,262.05999755859375,284207,262.1238773803711,262.3861323852539
2026-03-10 17:25:00+00:00,262.20001220703125,262.29998779296875,262.07000732421875,262.25,199124,262.06891220092774,262.33111221313476
2026-03-10 17:30:00+00:00,261.69000244140625,262.2099914550781,261.6499938964844,262.19000244140625,304070,261.5591574401856,261.8208474426269
2026-03-10 17:35:00+00:00,261.54998779296875,261.7699890136719,261.2799987792969,261.69000244140625,257537,261.4192127990723,261.6807627868652
2026-03-10 17:40:00+00:00,261.9100036621094,262.20001220703125,261.4700012207031,261.5400085449219,207915,261.77904866027836,262.0409586639404
2026-03-10 17:45:00+00:00,261.9700012207031,262.1600036621094,261.80999755859375,261.95001220703125,216138,261.8390162200928,262.10098622131346
2026-03-10 17:50:00+00:00,262.3399963378906,262.3500061035156,261.95001220703125,261.9649963378906,160805,262.20882633972167,262.4711663360596
2026-03-10 17:55:00+00:00,262.260009765625,262.4800109863281,262.20001220703125,262.3500061035156,185332,262.1288797607422,262.3911397705078
2026-03-10 18:00:00+00:00,262.30499267578125,262.3731994628906,262.0199890136719,262.2799987792969,194904,262.17384017944335,262.43614517211915
2026-03-10 18:05:00+00:00,261.9100036621094,262.2651062011719,261.8828125,262.2601013183594,110228,261.77904866027836,262.0409586639404
2026-03-10 18:10:00+00:00,261.0299987792969,262.1700134277344,261.0,261.8900146484375,299416,260.89948377990726,261.1605137786865
2026-03-10 18:15:00+00:00,260.739990234375,261.3699951171875,260.4700012207031,261.0400085449219,370244,260.6096202392578,260.8703602294922
2026-03-10 18:20:00+00:00,261.19000244140625,261.4200134277344,260.54998779296875,260.69000244140625,405369,261.05940744018557,261.32059744262693
2026-03-10 18:25:00+00:00,261.6700134277344,261.9100036621094,261.20001220703125,261.260009765625,289069,261.5391784210205,261.80084843444826
2026-03-10 18:30:00+00:00,261.7699890136719,261.9700012207031,261.55999755859375,261.70001220703125,176532,261.6391040191651,261.9008740081787
2026-03-10 18:35:00+00:00,261.409912109375,261.9599914550781,261.260009765625,261.81561279296875,233052,261.2792071533203,261.5406170654297
2026-03-10 18:40:00+00:00,261.2900085449219,261.6867980957031,261.18011474609375,261.375,191735,261.15936354064945,261.4206535491943
2026-03-10 18:45:00+00:00,261.3139953613281,261.5198974609375,261.1549987792969,261.2699890136719,197773,261.18333836364747,261.4446523590088
2026-03-10 18:50:00+00:00,261.30999755859375,261.760009765625,261.1549987792969,261.3299865722656,167366,261.1793425598145,261.440652557373
2026-03-10 18:55:00+00:00,261.32501220703125,261.5299072265625,261.2900085449219,261.3500061035156,156864,261.1943497009278,261.4556747131347
2026-03-10 19:00:00+00:00,261.1000061035156,261.5400085449219,261.1000061035156,261.3599853515625,164881,260.9694561004639,261.23055610656735
2026-03-10 19:05:00+00:00,261.3800048828125,261.5299987792969,260.9599914550781,261.1199951171875,199397,261.2493148803711,261.5106948852539
2026-03-10 19:10:00+00:00,261.3900146484375,261.42999267578125,261.0400085449219,261.385009765625,163278,261.2593196411133,261.5207096557617
2026-03-10 19:15:00+00:00,261.364990234375,261.6000061035156,261.19000244140625,261.4049987792969,209028,261.2343077392578,261.4956727294922
2026-03-10 19:20:00+00:00,261.00299072265625,261.489990234375,260.6700134277344,261.3677978515625,303490,260.8724892272949,261.1334922180176
2026-03-10 19:25:00+00:00,260.5050048828125,261.06829833984375,260.42999267578125,261.0050048828125,213628,260.3747523803711,260.6352573852539
2026-03-10 19:30:00+00:00,260.7099914550781,260.8550109863281,260.35009765625,260.4700012207031,294612,260.5796364593506,260.84034645080567
2026-03-10 19:35:00+00:00,260.8501892089844,260.9576110839844,260.5,260.6900939941406,300175,260.71976411437987,260.9806143035889
2026-03-10 19:40:00+00:00,260.9700012207031,261.20001220703125,260.57501220703125,260.8550109863281,469382,260.8395162200928,261.1004862213135
2026-03-10 19:45:00+00:00,260.8500061035156,261.20001220703125,260.5201110839844,260.9700012207031,369712,260.71958110046387,260.9804311065674
2026-03-10 19:50:00+00:00,260.7250061035156,261.05999755859375,260.5116882324219,260.8599853515625,622460,260.5946436004639,260.85536860656737
2026-03-10 19:55:00+00:00,260.7200012207031,260.92999267578125,260.5,260.7300109863281,1174819,260.5896412200928,260.85036122131345
2026-03-11 13:30:00+00:00,261.7099914550781,261.80999755859375,260.2099914550781,261.2099914550781,915751,261.5791364593506,261.84084645080566
2026-03-11 13:35:00+00:00,261.8492126464844,262.0199890136719,261.20001220703125,261.6700134277344,310203,261.71828804016116,261.9801372528076
2026-03-11 13:40:00+00:00,261.3550109863281,261.9092102050781,261.30999755859375,261.8999938964844,270038,261.22433348083496,261.4856884918213
2026-03-11 13:45:00+00:00,260.8800048828125,261.7300109863281,260.760009765625,261.30999755859375,361535,260.7495648803711,261.0104448852539
2026-03-11 13:50:00+00:00,260.7250061035156,261.1099853515625,260.57000732421875,260.8550109863281,254770,260.5946436004639,260.85536860656737
2026-03-11 13:55:00+00:00,261.260009765625,261.5,260.5899963378906,260.739990234375,294418,261.1293797607422,261.3906397705078
2026-03-11 14:00:00+00:00,261.114990234375,262.1300048828125,260.8799133300781,261.2799987792969,439683,260.98443273925784,261.24554772949216
2026-03-11 14:05:00+00:00,260.8700866699219,261.5,260.82000732421875,261.1206970214844,266496,260.7396516265869,261.00052171325683
2026-03-11 14:10:00+00:00,260.86810302734375,261.20001220703125,260.72540283203125,260.9200134277344,272612,260.7376689758301,260.9985370788574
2026-03-11 14:15:00+00:00,260.7799987792969,261.0899963378906,260.4200134277344,260.8599853515625,298213,260.6496087799072,260.9103887786865
2026-03-11 14:20:00+00:00,260.25,260.8583068847656,260.17999267578125,260.79998779296875,250499,260.11987500000004,260.38012499999996
2026-03-11 14:25:00+00:00,259.9949951171875,260.3299865722656,259.54998779296875,260.2300109863281,346805,259.8649976196289,260.1249926147461
2026-03-11 14:30:00+00:00,260.0350036621094,260.3599853515625,259.8599853515625,260.0,205961,259.9049861602783,260.1650211639404
2026-03-11 14:35:00+00:00,260.2782897949219,260.5,259.92999267578125,260.05999755859375,242651,260.14815065002443,260.4084289398193
2026-03-11 14:40:00+00:00,260.4100036621094,260.5094909667969,260.1199951171875,260.1199951171875,240643,260.27979866027835,260.5402086639404
2026-03-11 14:45:00+00:00,260.55999755859375,260.6300048828125,260.2799987792969,260.4122009277344,212307,260.4297175598145,260.690277557373
2026-03-11 14:50:00+00:00,260.7099914550781,260.79998779296875,260.57501220703125,260.5799865722656,200761,260.5796364593506,260.84034645080567
2026-03-11 14:55:00+00:00,260.7200012207031,260.8299865722656,260.4800109863281,260.7099914550781,202907,260.5896412200928,260.85036122131345
2026-03-11 15:00:00+00:00,260.864990234375,260.9599914550781,260.2900085449219,260.75,250218,260.7345577392578,260.9954227294922
2026-03-11 15:05:00+00:00,260.6199951171875,260.864990234375,260.42999267578125,260.864990234375,185804,260.4896851196289,260.7503051147461
2026-03-11 15:10:00+00:00,260.3900146484375,260.8299865722656,259.95001220703125,260.6000061035156,245818,260.25981964111327,260.52020965576173
2026-03-11 15:15:00+00:00,260.45001220703125,260.5198974609375,260.0899963378906,260.3999938964844,211551,260.31978720092775,260.58023721313475
2026-03-11 15:20:00+00:00,260.8500061035156,260.9200134277344,260.3299865722656,260.42999267578125,199009,260.71958110046387,260.9804311065674
2026-03-11 15:25:00+00:00,260.1000061035156,260.9119873046875,260.0899963378906,260.8599853515625,206655,259.9699561004639,260.23005610656736
2026-03-11 15:30:00+00:00,260.2650146484375,260.44000244140625,259.8500061035156,260.1199951171875,255997,260.1348821411133,260.3951471557617
2026-03-11 15:35:00+00:00,260.42999267578125,260.56170654296875,260.17498779296875,260.2799987792969,154973,260.29977767944337,260.56020767211913
2026-03-11 15:40:00+00:00,260.2699890136719,260.5799865722656,260.260009765625,260.42999267578125,161996,260.13985401916506,260.4001240081787
2026-03-11 15:45:00+00:00,260.30499267578125,260.4200134277344,260.07000732421875,260.2200012207031,169349,260.1748401794434,260.4351451721191
2026-03-11 15:50:00+00:00,260.82000732421875,260.8500061035156,260.32000732421875,260.32000732421875,217418,260.68959732055663,260.95041732788087
2026-03-11 15:55:00+00:00,260.6300048828125,260.8680114746094,260.6171875,260.82000732421875,173494,260.49968988037114,260.76031988525386
2026-03-11 16:00:00+00:00,260.2300109863281,260.69000244140625,260.19000244140625,260.6499938964844,148531,260.09989598083496,260.3601259918213
2026-03-11 16:05:00+00:00,260.260009765625,260.4200134277344,260.1400146484375,260.239990234375,112303,260.1298797607422,260.3901397705078
2026-03-11 16:10:00+00:00,260.41009521484375,260.4800109863281,260.19000244140625,260.239990234375,137166,260.2798901672363,260.5403002624512
2026-03-11 16:15:00+00:00,260.2922058105469,260.55999755859375,260.260009765625,260.42999267578125,142112,260.1620597076416,260.42235191345213
2026-03-11 16:20:00+00:00,260.5,260.5,260.2001037597656,260.30499267578125,149605,260.36975,260.63025
2026-03-11 16:25:00+00:00,260.6449890136719,260.7300109863281,260.510009765625,260.510009765625,131803,260.5146665191651,260.7753115081787
2026-03-11 16:30:00+00:00,261.0199890136719,261.20001220703125,260.6199951171875,260.6199951171875,184456,260.88947901916504,261.1504990081787
2026-03-11 16:35:00+00:00,260.7383117675781,261.1099853515625,260.67999267578125,261.0299987792969,127333,260.60794261169434,260.8686809234619
2026-03-11 16:40:00+00:00,260.7200012207031,261.05999755859375,260.69000244140625,260.739990234375,111175,260.5896412200928,260.85036122131345
2026-03-11 16:45:00+00:00,260.5950012207031,260.7799987792969,260.5400085449219,260.67999267578125,102175,260.4647037200928,260.72529872131344
2026-03-11 16:50:00+00:00,260.6700134277344,260.7247009277344,260.510009765625,260.5799865722656,127965,260.53967842102054,260.8003484344482
2026-03-11 16:55:00+00:00,260.67999267578125,260.7699890136719,260.57000732421875,260.69000244140625,88812,260.5496526794434,260.8103326721191
2026-03-11 17:00:00+00:00,260.5350036621094,260.8500061035156,260.5,260.67999267578125,173827,260.40473616027833,260.6652711639404
2026-03-11 17:05:00+00:00,260.70001220703125,260.7799987792969,260.5199890136719,260.5450134277344,134879,260.5696622009277,260.8303622131348
2026-03-11 17:10:00+00:00,260.6000061035156,260.80999755859375,260.5400085449219,260.68499755859375,108995,260.4697061004639,260.73030610656735
2026-03-11 17:15:00+00:00,260.635009765625,260.92999267578125,260.55999755859375,260.6000061035156,114917,260.5046922607422,260.7653272705078
2026-03-11 17:20:00+00:00,260.9150085449219,260.92999267578125,260.6401062011719,260.6600036621094,126939,260.78455104064943,261.0454660491943
2026-03-11 17:25:00+00:00,261.02508544921875,261.1400146484375,260.8399963378906,260.9049987792969,116429,260.89457290649415,261.15559799194335
2026-03-11 17:30:00+00:00,260.91009521484375,261.1300048828125,260.8699951171875,261.0400085449219,103590,260.7796401672363,261.0405502624512
2026-03-11 17:35:00+00:00,259.989990234375,260.92999267578125,259.6300048828125,260.864990234375,316003,259.85999523925784,260.11998522949216
2026-03-11 17:40:00+00:00,260.1700134277344,260.2950134277344,259.7850036621094,260.07000732421875,264583,260.03992842102053,260.3000984344482
2026-03-11 17:45:00+00:00,260.3301086425781,260.3699951171875,260.010009765625,260.20001220703125,113694,260.1999435882569,260.4602736968994
2026-03-11 17:50:00+00:00,260.54998779296875,260.75,260.4100036621094,260.4200134277344,115318,260.4197127990723,260.6802627868652
2026-03-11 17:55:00+00:00,260.5050048828125,260.6238098144531,260.2550048828125,260.5,151584,260.3747523803711,260.6352573852539
2026-03-11 18:00:00+00:00,260.3399963378906,260.6000061035156,260.2650146484375,260.4800109863281,119986,260.2098263397217,260.47016633605955
2026-03-11 18:05:00+00:00,260.1044006347656,260.389892578125,260.0799865722656,260.364990234375,125764,259.97434843444825,260.234452835083
2026-03-11 18:10:00+00:00,259.989990234375,260.114990234375,259.82000732421875,260.1000061035156,160950,259.85999523925784,260.11998522949216
2026-03-11 18:15:00+00:00,260.1300048828125,260.2250061035156,259.9100036621094,260.0,129986,259.99993988037113,260.26006988525387
2026-03-11 18:20:00+00:00,259.989990234375,260.2900085449219,259.7699890136719,260.1499938964844,131174,259.85999523925784,260.11998522949216
2026-03-11 18:25:00+00:00,260.1099853515625,260.2300109863281,259.9137878417969,259.9800109863281,113054,259.97993035888675,260.24004034423825
2026-03-11 18:30:00+00:00,260.29998779296875,260.31500244140625,260.0801086425781,260.1000061035156,145928,260.1698377990723,260.4301377868652
2026-03-11 18:35:00+00:00,260.0299987792969,260.29998779296875,260.0199890136719,260.2850036621094,163933,259.89998377990725,260.1600137786865
2026-03-11 18:40:00+00:00,259.9800109863281,260.0400085449219,259.8500061035156,260.0299987792969,128257,259.850020980835,260.11000099182127
2026-03-11 18:45:00+00:00,260.010009765625,260.1499938964844,259.9599914550781,259.9822082519531,107648,259.8800047607422,260.1400147705078
2026-03-11 18:50:00+00:00,260.2799987792969,260.3900146484375,259.989990234375,260.0199890136719,119636,260.1498587799072,260.41013877868653
2026-03-11 18:55:00+00:00,260.17999267578125,260.3999938964844,260.12799072265625,260.2749938964844,135301,260.0499026794434,260.3100826721191
2026-03-11 19:00:00+00:00,260.010009765625,260.3078918457031,259.8800048828125,260.19000244140625,146191,259.8800047607422,260.1400147705078
2026-03-11 19:05:00+00:00,260.0939025878906,260.215087890625,259.93780517578125,259.9800109863281,152038,259.9638556365967,260.22394953918456
2026-03-11 19:10:00+00:00,260.0,260.1050109863281,259.80999755859375,260.1000061035156,136868,259.87,260.13
2026-03-11 19:15:00+00:00,260.1300048828125,260.1698913574219,259.8999938964844,259.989990234375,125832,259.99993988037113,260.26006988525387
2026-03-11 19:20:00+00:00,260.1650085449219,260.1783142089844,259.95001220703125,260.1000061035156,127404,260.03492604064945,260.2950910491943
2026-03-11 19:25:00+00:00,260.1317138671875,260.2749938964844,260.0299987792969,260.17999267578125,117826,260.0016480102539,260.2617797241211
2026-03-11 19:30:00+00:00,260.42999267578125,260.5299987792969,260.0400085449219,260.1400146484375,242077,260.29977767944337,260.56020767211913
2026-03-11 19:35:00+00:00,260.2900085449219,260.4599914550781,260.2300109863281,260.43499755859375,189902,260.15986354064944,260.4201535491943
2026-03-11 19:40:00+00:00,260.239990234375,260.4800109863281,260.1199951171875,260.30999755859375,194350,260.1098702392578,260.3701102294922
2026-03-11 19:45:00+00:00,260.25,260.3399963378906,260.07000732421875,260.25,198358,260.11987500000004,260.38012499999996
2026-03-11 19:50:00+00:00,260.8599853515625,260.8999938964844,260.25,260.25,606372,260.7295553588867,260.9904153442383
2026-03-11 19:55:00+00:00,260.80999755859375,261.1000061035156,260.70001220703125,260.8999938964844,1803943,260.67959255981447,260.94040255737303
2026-03-12 13:30:00+00:00,258.2650146484375,258.95001220703125,257.4549865722656,258.6400146484375,1682342,258.1358821411133,258.3941471557617
2026-03-12 13:35:00+00:00,257.8800048828125,258.3900146484375,257.8299865722656,258.25,501609,257.75106488037113,258.00894488525387
2026-03-12 13:40:00+00:00,256.95001220703125,257.9599914550781,256.7699890136719,257.885009765625,660198,256.82153720092776,257.07848721313474
2026-03-12 13:45:00+00:00,256.7300109863281,257.0199890136719,256.2699890136719,256.95989990234375,652298,256.601645980835,256.8583759918213
2026-03-12 13:50:00+00:00,255.8249969482422,256.9800109863281,255.75999450683594,256.7095031738281,609962,255.69708444976808,255.9529094467163
2026-03-12 13:55:00+00:00,255.47000122070312,255.8798065185547,255.33999633789062,255.83999633789062,552541,255.3422662200928,255.59773622131345
2026-03-12 14:00:00+00:00,255.9810028076172,256.2179870605469,255.4199981689453,255.44000244140625,552891,255.8530123062134,256.108993309021
2026-03-12 14:05:00+00:00,255.9694061279297,256.3900146484375,255.88999938964844,256.010009765625,368580,255.84142142486573,256.0973908309936
2026-03-12 14:10:00+00:00,255.9801025390625,256.07501220703125,255.5800018310547,256.010009765625,297468,255.852112487793,256.10809259033203
2026-03-12 14:15:00+00:00,255.4199981689453,256.07000732421875,255.39999389648438,256.0,391409,255.29228816986085,255.54770816802977
2026-03-12 14:20:00+00:00,255.42999267578125,255.61000061035156,255.13999938964844,255.41000366210938,380367,255.30227767944336,255.55770767211914
2026-03-12 14:25:00+00:00,254.6699981689453,255.6024932861328,254.6699981689453,255.4199981689453,600667,254.54266316986084,254.79733316802978
2026-03-12 14:30:00+00:00,254.7899932861328,254.90989685058594,254.5,254.66000366210938,374371,254.66259828948975,254.91738828277587
2026-03-12 14:35:00+00:00,254.91000366210938,255.03500366210938,254.35000610351562,254.80490112304688,412075,254.78254866027834,255.0374586639404
2026-03-12 14:40:00+00:00,255.35000610351562,255.42999267578125,254.72999572753906,254.9199981689453,337348,255.2223311004639,255.47768110656736
2026-03-12 14:45:00+00:00,255.05999755859375,255.7899932861328,254.90499877929688,255.3300018310547,363590,254.93246755981446,255.18752755737304
2026-03-12 14:50:00+00:00,255.13609313964844,255.30999755859375,254.97000122070312,255.11000061035156,227305,255.00852509307862,255.26366118621826
2026-03-12 14:55:00+00:00,254.89999389648438,255.44000244140625,254.8300018310547,255.1699981689453,354391,254.77254389953615,255.0274438934326
2026-03-12 15:00:00+00:00,254.74000549316406,255.0386962890625,254.49000549316406,254.89999389648438,327962,254.6126354904175,254.86737549591064
2026-03-12 15:05:00+00:00,254.9250030517578,254.94000244140625,254.63070678710938,254.72999572753906,214010,254.79754055023196,255.05246555328367
2026-03-12 15:10:00+00:00,255.2801055908203,255.30999755859375,254.8249969482422,254.9149932861328,274507,255.15246553802493,255.4077456436157
2026-03-12 15:15:00+00:00,254.8249969482422,255.4199981689453,254.74000549316406,255.30499267578125,452488,254.69758444976807,254.9524094467163
2026-03-12 15:20:00+00:00,255.25999450683594,255.25999450683594,254.85000610351562,254.85499572753906,319046,255.13236450958254,255.38762450408933
2026-03-12 15:25:00+00:00,255.35499572753906,255.64500427246094,255.14999389648438,255.25999450683594,317317,255.22731822967532,255.4826732254028
2026-03-12 15:30:00+00:00,254.82000732421875,255.4499969482422,254.67999267578125,255.3300018310547,364516,254.69259732055664,254.94741732788086
2026-03-12 15:35:00+00:00,255.27999877929688,255.3000030517578,254.17999267578125,254.82000732421875,518933,255.15235877990725,255.4076387786865
2026-03-12 15:40:00+00:00,255.5749969482422,255.64999389648438,254.97000122070312,255.27000427246094,338613,255.44720944976808,255.7027844467163
2026-03-12 15:45:00+00:00,255.27000427246094,255.64300537109375,254.89500427246094,255.5800018310547,314316,255.1423692703247,255.39763927459717
2026-03-12 15:50:00+00:00,255.2550048828125,255.4600067138672,255.05999755859375,255.29010009765625,171907,255.12737738037112,255.38263238525388
2026-03-12 15:55:00+00:00,255.1300048828125,255.3000030517578,254.89999389648438,255.25999450683594,186582,255.0024398803711,255.2575698852539
2026-03-12 16:00:00+00:00,255.4600067138672,255.5500030517578,254.97999572753906,255.11500549316406,201847,255.33227671051026,255.58773671722412
2026-03-12 16:05:00+00:00,255.22000122070312,255.54989624023438,255.0800018310547,255.4698944091797,381417,255.0923912200928,255.34761122131346
2026-03-12 16:10:00+00:00,255.66000366210938,255.72999572753906,255.22000122070312,255.22000122070312,297326,255.53217366027835,255.7878336639404
2026-03-12 16:15:00+00:00,255.69000244140625,256.0400085449219,255.52000427246094,255.6999969482422,270986,255.56215744018556,255.81784744262694
2026-03-12 16:20:00+00:00,255.7899932861328,256.25,255.63999938964844,255.6999969482422,316049,255.66209828948976,255.91788828277586
2026-03-12 16:25:00+00:00,255.65780639648438,255.88999938964844,255.38499450683594,255.7899932861328,317058,255.52997749328614,255.7856352996826
2026-03-12 16:30:00+00:00,255.82009887695312,255.9499969482422,255.4499969482422,255.6300048828125,355607,255.69218882751466,255.9480089263916
2026-03-12 16:35:00+00:00,255.8249969482422,255.9499969482422,255.49000549316406,255.82000732421875,303044,255.69708444976808,255.9529094467163
2026-03-12 16:40:00+00:00,255.7100067138672,255.94000244140625,255.61500549316406,255.83999633789062,216094,255.58215171051026,255.83786171722411
2026-03-12 16:45:00+00:00,255.1699981689453,255.7100067138672,254.83999633789062,255.7100067138672,273467,255.04241316986085,255.29758316802977
2026-03-12 16:50:00+00:00,255.02000427246094,255.52999877929688,254.86000061035156,255.16000366210938,271608,254.89249427032473,255.14751427459714
2026-03-12 16:55:00+00:00,255.23500061035156,255.27349853515625,254.9499969482422,255.07000732421875,209564,255.1073831100464,255.3626181106567
2026-03-12 17:00:00+00:00,255.5500946044922,255.55999755859375,255.1302032470703,255.24000549316406,294652,255.42231955718995,255.67786965179442
2026-03-12 17:05:00+00:00,255.19000244140625,255.70399475097656,255.1300048828125,255.5500030517578,272817,255.06240744018555,255.31759744262695
2026-03-12 17:10:00+00:00,255.10000610351562,255.5500030517578,255.07000732421875,255.1999969482422,215746,254.9724561004639,255.22755610656736
2026-03-12 17:15:00+00:00,254.91000366210938,255.19000244140625,254.8699951171875,255.0399932861328,240438,254.78254866027834,255.0374586639404
2026-03-12 17:20:00+00:00,255.33999633789062,255.44580078125,254.77000427246094,254.8800048828125,261827,255.2123263397217,255.46766633605955
2026-03-12 17:25:00+00:00,255.0500030517578,255.47000122070312,255.0,255.38999938964844,189573,254.92247805023194,255.17752805328368
2026-03-12 17:30:00+00:00,255.1649932861328,255.30999755859375,254.97999572753906,255.04010009765625,163144,255.03741078948977,255.29257578277586
2026-03-12 17:35:00+00:00,255.2899932861328,255.41000366210938,255.11000061035156,255.16000366210938,182250,255.16234828948976,255.41763828277587
2026-03-12 17:40:00+00:00,254.97999572753906,255.36000061035156,254.92999267578125,255.25360107421875,205621,254.8525057296753,255.10748572540282
2026-03-12 17:45:00+00:00,255.00999450683594,255.27499389648438,254.80999755859375,254.97000122070312,239814,254.88248950958254,255.13749950408933
2026-03-12 17:50:00+00:00,255.22000122070312,255.28500366210938,255.0,255.0,181014,255.0923912200928,255.34761122131346
2026-03-12 17:55:00+00:00,255.3300018310547,255.36000061035156,254.8800048828125,255.22000122070312,227214,255.2023368301392,255.4576668319702
2026-03-12 18:00:00+00:00,255.42999267578125,255.59500122070312,255.27999877929688,255.33399963378906,260869,255.30227767944336,255.55770767211914
2026-03-12 18:05:00+00:00,255.3800048828125,255.52000427246094,255.1199951171875,255.42999267578125,229583,255.2523148803711,255.5076948852539
2026-03-12 18:10:00+00:00,255.4550018310547,255.50999450683594,255.2899932861328,255.35499572753906,206931,255.32727433013918,255.5827293319702
2026-03-12 18:15:00+00:00,255.5500030517578,255.67999267578125,255.39999389648438,255.49000549316406,333709,255.42222805023195,255.67777805328367
2026-03-12 18:20:00+00:00,255.54200744628906,255.6300048828125,255.25,255.50999450683594,287738,255.41423644256594,255.6697784500122
2026-03-12 18:25:00+00:00,255.39500427246094,255.57989501953125,255.22999572753906,255.5399932861328,228655,255.26730677032472,255.52270177459715
2026-03-12 18:30:00+00:00,255.09500122070312,255.47019958496094,255.0800018310547,255.3699951171875,209191,254.96745372009278,255.22254872131347
2026-03-12 18:35:00+00:00,255.11000061035156,255.17999267578125,254.88999938964844,255.10000610351562,241890,254.9824456100464,255.23755561065673
2026-03-12 18:40:00+00:00,255.1490020751953,255.28500366210938,254.9600067138672,255.10000610351562,158348,255.02142757415774,255.27657657623288
2026-03-12 18:45:00+00:00,254.91000366210938,255.19000244140625,254.91000366210938,255.1300048828125,161329,254.78254866027834,255.0374586639404
2026-03-12 18:50:00+00:00,255.29879760742188,255.29989624023438,254.91000366210938,254.9199981689453,166394,255.17114820861818,255.42644700622557
2026-03-12 18:55:00+00:00,255.17999267578125,255.41000366210938,255.08999633789062,255.28500366210938,183548,255.05240267944336,255.30758267211914
2026-03-12 19:00:00+00:00,255.39999389648438,255.5,255.0800018310547,255.17999267578125,241044,255.27229389953615,255.5276938934326
2026-03-12 19:05:00+00:00,255.5399932861328,255.63999938964844,255.35000610351562,255.38999938964844,242696,255.41222328948976,255.66776328277587
2026-03-12 19:10:00+00:00,255.67999267578125,255.6999969482422,255.38999938964844,255.531005859375,246170,255.55215267944337,255.80783267211913
2026-03-12 19:15:00+00:00,255.85000610351562,255.91000366210938,255.63999938964844,255.67999267578125,309860,255.72208110046387,255.97793110656738
2026-03-12 19:20:00+00:00,255.92999267578125,256.25,255.82000732421875,255.875,610058,255.80202767944337,256.05795767211913
2026-03-12 19:25:00+00:00,256.0899963378906,256.17999267578125,255.83999633789062,255.9199981689453,392214,255.9619513397217,256.21804133605957
2026-03-12 19:30:00+00:00,255.99000549316406,256.2051086425781,255.94000244140625,256.09991455078125,278125,255.8620104904175,256.1180004959106
2026-03-12 19:35:00+00:00,255.93499755859375,256.0799865722656,255.7100067138672,255.97000122070312,276169,255.80703005981448,256.06296505737305
2026-03-12 19:40:00+00:00,255.32000732421875,255.92999267578125,255.24009704589844,255.92999267578125,364279,255.19234732055665,255.44766732788085
2026-03-12 19:45:00+00:00,255.0800018310547,255.3300018310547,255.01499938964844,255.3300018310547,422908,254.95246183013919,255.2075418319702
2026-03-12 19:50:00+00:00,255.5500030517578,255.86000061035156,254.97000122070312,255.0800018310547,836522,255.42222805023195,255.67777805328367
2026-03-12 19:55:00+00:00,255.75,255.8800048828125,255.52000427246094,255.5800018310547,2354520,255.622125,255.877875
2026-03-13 13:30:00+00:00,255.61500549316406,255.88999938964844,254.83999633789062,255.39999389648438,1416653,255.48719799041749,255.74281299591064
2026-03-13 13:35:00+00:00,255.25990295410156,256.2300109863281,255.16000366210938,255.61500549316406,477931,255.13227300262452,255.3875329055786
2026-03-13 13:40:00+00:00,255.77000427246094,255.8000030517578,254.91000366210938,255.22909545898438,458735,255.6421192703247,255.89788927459716
2026-03-13 13:45:00+00:00,256.01251220703125,256.2099914550781,255.63999938964844,255.77000427246094,393280,255.88450595092775,256.14051846313475
2026-03-13 13:50:00+00:00,256.1199951171875,256.20001220703125,255.5399932861328,255.97999572753906,336219,255.99193511962892,256.2480551147461
2026-03-13 13:55:00+00:00,255.80999755859375,256.3299865722656,255.5,256.1300048828125,252543,255.68209255981446,255.93790255737304
2026-03-13 14:00:00+00:00,255.49000549316406,255.94000244140625,255.3300018310547,255.8300018310547,323482,255.3622604904175,255.61775049591063
2026-03-13 14:05:00+00:00,255.22999572753906,255.67999267578125,255.1699981689453,255.5,277679,255.1023807296753,255.35761072540282
2026-03-13 14:10:00+00:00,255.1999969482422,255.50999450683594,254.97999572753906,255.1999969482422,618396,255.0723969497681,255.32759694671628
2026-03-13 14:15:00+00:00,254.94000244140625,255.29989624023438,254.6407012939453,255.1999969482422,348508,254.81253244018555,255.06747244262695
2026-03-13 14:20:00+00:00,255.13999938964844,255.33999633789062,254.83999633789062,254.92999267578125,284909,255.01242938995364,255.26756938934324
2026-03-13 14:25:00+00:00,255.4250030517578,255.5500030517578,254.9199981689453,255.10000610351562,264433,255.29729055023193,255.5527155532837
2026-03-13 14:30:00+00:00,255.2899932861328,255.80999755859375,255.22999572753906,255.42999267578125,237902,255.16234828948976,255.41763828277587
2026-03-13 14:35:00+00:00,254.90060424804688,255.3300018310547,254.82000732421875,255.32009887695312,253042,254.77315394592287,255.02805455017088
2026-03-13 14:40:00+00:00,254.3300018310547,254.92999267578125,254.0,254.91000366210938,424523,254.20283683013918,254.4571668319702
2026-03-13 14:45:00+00:00,254.3802947998047,254.44000244140625,254.02000427246094,254.3300018310547,277368,254.2531046524048,254.50748494720457
2026-03-13 14:50:00+00:00,254.22999572753906,254.5749969482422,254.12010192871094,254.39999389648438,221920,254.10288072967532,254.3571107254028
2026-03-13 14:55:00+00:00,253.83999633789062,254.30999755859375,253.69000244140625,254.22999572753906,329738,253.71307633972168,253.96691633605957
2026-03-13 15:00:00+00:00,253.77000427246094,254.0399932861328,253.71499633789062,253.85000610351562,258987,253.64311927032472,253.89688927459716
2026-03-13 15:05:00+00:00,253.9149932861328,253.96499633789062,253.52000427246094,253.77999877929688,337673,253.78803578948975,254.04195078277587
2026-03-13 15:10:00+00:00,254.25,254.38999938964844,253.82000732421875,253.97999572753906,212567,254.12287500000002,254.37712499999998
2026-03-13 15:15:00+00:00,253.91000366210938,254.27499389648438,253.89999389648438,254.2550048828125,230696,253.78304866027833,254.03695866394042
2026-03-13 15:20:00+00:00,253.4499969482422,254.14999389648438,253.41200256347656,253.9250030517578,264791,253.32327194976807,253.5767219467163
2026-03-13 15:25:00+00:00,253.3007049560547,253.5500030517578,253.27000427246094,253.4499969482422,231285,253.17405460357668,253.4273553085327
2026-03-13 15:30:00+00:00,253.41000366210938,253.50999450683594,253.22000122070312,253.3300018310547,220705,253.28329866027835,253.5367086639404
2026-03-13 15:35:00+00:00,253.24000549316406,253.4499969482422,252.9499969482422,253.4149932861328,310926,253.1133854904175,253.36662549591063
2026-03-13 15:40:00+00:00,252.36019897460938,253.27999877929688,252.25,253.22999572753906,416558,252.23401887512208,252.48637907409667
2026-03-13 15:45:00+00:00,252.4250030517578,252.89999389648438,252.22999572753906,252.36990356445312,541127,252.29879055023196,252.55121555328367
2026-03-13 15:50:00+00:00,252.02000427246094,252.43499755859375,251.89999389648438,252.4250030517578,336012,251.89399427032473,252.14601427459715
2026-03-13 15:55:00+00:00,252.10000610351562,252.16000366210938,251.85000610351562,252.03509521484375,291705,251.97395610046388,252.22605610656737
2026-03-13 16:00:00+00:00,252.82000732421875,252.9477996826172,252.06399536132812,252.1199951171875,262754,252.69359732055665,252.94641732788085
2026-03-13 16:05:00+00:00,252.71119689941406,252.89999389648438,252.58999633789062,252.8800048828125,220539,252.58484130096437,252.83755249786375
2026-03-13 16:10:00+00:00,252.4199981689453,252.7899932861328,252.15499877929688,252.73989868164062,238673,252.29378816986085,252.54620816802978
2026-03-13 16:15:00+00:00,252.25999450683594,252.52000427246094,252.25,252.42999267578125,150684,252.13386450958254,252.38612450408934
2026-03-13 16:20:00+00:00,252.5198974609375,252.66000366210938,252.26010131835938,252.26499938964844,153163,252.39363751220705,252.64615740966795
2026-03-13 16:25:00+00:00,252.65499877929688,252.77999877929688,252.29049682617188,252.49000549316406,252317,252.52867127990723,252.78132627868652
2026-03-13 16:30:00+00:00,252.49000549316406,252.97000122070312,252.38999938964844,252.63999938964844,266768,252.3637604904175,252.61625049591063
2026-03-13 16:35:00+00:00,252.1999969482422,252.7050018310547,252.18499755859375,252.50999450683594,329012,252.07389694976808,252.3260969467163
2026-03-13 16:40:00+00:00,251.7198944091797,252.24000549316406,251.65980529785156,252.18499755859375,385095,251.5940344619751,251.84575435638428
2026-03-13 16:45:00+00:00,251.80819702148438,251.82989501953125,251.61000061035156,251.7100067138672,216258,251.68229292297366,251.9341011199951
2026-03-13 16:50:00+00:00,252.0800018310547,252.24989318847656,251.76499938964844,251.8300018310547,323446,251.95396183013918,252.2060418319702
2026-03-13 16:55:00+00:00,251.4199981689453,252.14999389648438,251.3800048828125,252.10000610351562,505907,251.29428816986086,251.54570816802976
2026-03-13 17:00:00+00:00,251.74000549316406,251.7949981689453,251.39999389648438,251.42999267578125,250119,251.61413549041748,251.86587549591064
2026-03-13 17:05:00+00:00,251.30999755859375,251.7050018310547,251.1699981689453,251.6999969482422,465017,251.18434255981447,251.43565255737303
2026-03-13 17:10:00+00:00,251.6300048828125,251.63999938964844,250.9600067138672,251.3000030517578,457229,251.50418988037111,251.75581988525389
2026-03-13 17:15:00+00:00,251.8699951171875,251.9149932861328,251.47999572753906,251.6300048828125,373103,251.74406011962893,251.99593011474607
2026-03-13 17:20:00+00:00,251.27749633789062,251.92999267578125,251.02999877929688,251.92999267578125,326356,251.1518575897217,251.40313508605956
2026-03-13 17:25:00+00:00,251.17999267578125,251.2899932861328,250.97000122070312,251.25999450683594,444902,251.05440267944337,251.30558267211913
2026-03-13 17:30:00+00:00,251.03500366210938,251.3000030517578,250.97000122070312,251.18499755859375,266672,250.90948616027833,251.16052116394042
2026-03-13 17:35:00+00:00,251.34010314941406,251.39999389648438,250.89999389648438,251.0,226176,251.21443309783936,251.46577320098876
2026-03-13 17:40:00+00:00,251.4949951171875,251.60000610351562,251.27999877929688,251.3800048828125,248025,251.3692476196289,251.6207426147461
2026-03-13 17:45:00+00:00,251.13499450683594,251.57000732421875,251.11000061035156,251.4949951171875,198277,251.00942700958254,251.26056200408934
2026-03-13 17:50:00+00:00,251.5507049560547,251.65750122070312,251.05999755859375,251.13499450683594,197073,251.4249296035767,251.6764803085327
2026-03-13 17:55:00+00:00,251.2801055908203,251.63999938964844,251.25,251.5500030517578,132297,251.1544655380249,251.40574564361572
2026-03-13 18:00:00+00:00,251.0399932861328,251.44000244140625,250.8300018310547,251.2899932861328,276061,250.91447328948976,251.16551328277586
2026-03-13 18:05:00+00:00,251.00999450683594,251.10499572753906,250.860107421875,251.04010009765625,208637,250.88448950958252,251.13549950408935
2026-03-13 18:10:00+00:00,250.94000244140625,251.1009979248047,250.85000610351562,251.01499938964844,173903,250.81453244018556,251.06547244262694
2026-03-13 18:15:00+00:00,250.84500122070312,251.22500610351562,250.80999755859375,250.92999267578125,191969,250.71957872009278,250.97042372131347
2026-03-13 18:20:00+00:00,250.8000030517578,250.97000122070312,250.779296875,250.8699951171875,161584,250.67460305023195,250.92540305328367
2026-03-13 18:25:00+00:00,251.26400756835938,251.2899932861328,250.78500366210938,250.7949981689453,213063,251.1383755645752,251.38963957214355
2026-03-13 18:30:00+00:00,251.47999572753906,251.56500244140625,251.22000122070312,251.25999450683594,192663,251.35425572967532,251.6057357254028
2026-03-13 18:35:00+00:00,251.5399932861328,251.60000610351562,251.38999938964844,251.46009826660156,152553,251.41422328948977,251.66576328277586
2026-03-13 18:40:00+00:00,251.77000427246094,251.84500122070312,251.5,251.5500030517578,277159,251.64411927032472,251.89588927459715
2026-03-13 18:45:00+00:00,251.3800048828125,251.80499267578125,251.35000610351562,251.7799072265625,201378,251.2543148803711,251.5056948852539
2026-03-13 18:50:00+00:00,251.38499450683594,251.44500732421875,251.16009521484375,251.3699951171875,223468,251.25930200958254,251.51068700408933
2026-03-13 18:55:00+00:00,251.11000061035156,251.38499450683594,251.1002960205078,251.38499450683594,156694,250.9844456100464,251.23555561065672
2026-03-13 19:00:00+00:00,250.72000122070312,251.08999633789062,250.67999267578125,251.08999633789062,285347,250.5946412200928,250.84536122131345
2026-03-13 19:05:00+00:00,251.06500244140625,251.0800018310547,250.5500030517578,250.72000122070312,458896,250.93946994018557,251.19053494262693
2026-03-13 19:10:00+00:00,250.9250030517578,251.17999267578125,250.875,251.07000732421875,268355,250.79954055023194,251.0504655532837
2026-03-13 19:15:00+00:00,250.81500244140625,251.0299072265625,250.72500610351562,250.92999267578125,259334,250.68959494018557,250.94040994262693
2026-03-13 19:20:00+00:00,250.64999389648438,250.85000610351562,250.4199981689453,250.8300018310547,441090,250.52466889953615,250.7753188934326
2026-03-13 19:25:00+00:00,250.2949981689453,250.65499877929688,250.2100067138672,250.6300048828125,379257,250.16985066986086,250.42014566802976
2026-03-13 19:30:00+00:00,250.3000030517578,250.50999450683594,250.1300048828125,250.27999877929688,460026,250.17485305023195,250.42515305328368
2026-03-13 19:35:00+00:00,250.08009338378906,250.33990478515625,250.0399932861328,250.3249969482422,409818,249.95505333709718,250.20513343048094
2026-03-13 19:40:00+00:00,250.0399932861328,250.17990112304688,249.86000061035156,250.09500122070312,633877,249.91497328948975,250.16501328277587
2026-03-13 19:45:00+00:00,250.31500244140625,250.32989501953125,249.94009399414062,250.02999877929688,454815,250.18984494018557,250.44015994262693
2026-03-13 19:50:00+00:00,250.5500030517578,250.6199951171875,250.10000610351562,250.30999755859375,1206608,250.42472805023195,250.67527805328368
2026-03-13 19:55:00+00:00,250.11500549316406,250.52999877929688,249.52000427246094,250.52000427246094,3202330,249.9899479904175,250.24006299591062
2026-03-16 13:30:00+00:00,251.52000427246094,252.1999969482422,249.91000366210938,252.10499572753906,1867053,251.39424427032472,251.64576427459716
2026-03-16 13:35:00+00:00,252.0,252.30999755859375,251.3800048828125,251.49009704589844,0,251.87400000000002,252.12599999999998
2026-03-16 13:40:00+00:00,251.55999755859375,252.3000030517578,251.4029998779297,251.92999267578125,281037,251.43421755981447,251.68577755737303
2026-03-16 13:45:00+00:00,252.3800048828125,252.5800018310547,251.61000061035156,251.61000061035156,456211,252.2538148803711,252.5061948852539
2026-03-16 13:50:00+00:00,252.77999877929688,252.78500366210938,252.02000427246094,252.38999938964844,240989,252.65360877990724,252.9063887786865
2026-03-16 13:55:00+00:00,253.0800018310547,253.2100067138672,252.72000122070312,252.77999877929688,355653,252.95346183013916,253.2065418319702
2026-03-16 14:00:00+00:00,252.67649841308594,253.08999633789062,252.55999755859375,253.08999633789062,450575,252.5501601638794,252.80283666229246
2026-03-16 14:05:00+00:00,252.875,253.1300048828125,252.57000732421875,252.67999267578125,1930905,252.74856250000002,253.00143749999998
2026-03-16 14:10:00+00:00,252.74000549316406,253.1300048828125,252.47000122070312,252.89999389648438,0,252.6136354904175,252.86637549591063
2026-03-16 14:15:00+00:00,252.86000061035156,253.08999633789062,252.61000061035156,252.7100067138672,208795,252.7335706100464,252.98643061065673
2026-03-16 14:20:00+00:00,253.1699981689453,253.1999969482422,252.77000427246094,252.8800048828125,2105129,253.04341316986086,253.29658316802977
2026-03-16 14:25:00+00:00,253.2357940673828,253.58999633789062,253.09010314941406,253.14999389648438,0,253.10917617034914,253.36241196441648
2026-03-16 14:30:00+00:00,253.30999755859375,253.41000366210938,253.0,253.22000122070312,231885,253.18334255981446,253.43665255737304
2026-03-16 14:35:00+00:00,253.22500610351562,253.8000030517578,253.1999969482422,253.3300018310547,462767,253.09839360046388,253.35161860656737
2026-03-16 14:40:00+00:00,253.1300048828125,253.60000610351562,253.1300048828125,253.22569274902344,212690,253.0034398803711,253.2565698852539
2026-03-16 14:45:00+00:00,253.25999450683594,253.49000549316406,253.07000732421875,253.1199951171875,199881,253.13336450958252,253.38662450408935
2026-03-16 14:50:00+00:00,253.4250030517578,253.60000610351562,253.0800018310547,253.27499389648438,2968728,253.29829055023194,253.55171555328369
2026-03-16 14:55:00+00:00,253.6300048828125,253.75100708007812,253.25999450683594,253.33009338378906,0,253.5031898803711,253.7568198852539
2026-03-16 15:00:00+00:00,253.60000610351562,253.88499450683594,253.42999267578125,253.6199951171875,202527,253.47320610046387,253.72680610656738
2026-03-16 15:05:00+00:00,253.75999450683594,253.8000030517578,253.37010192871094,253.58999633789062,173345,253.63311450958253,253.88687450408935
2026-03-16 15:10:00+00:00,253.7100067138672,253.82000732421875,253.33999633789062,253.75999450683594,236019,253.58315171051026,253.8368617172241
2026-03-16 15:15:00+00:00,253.4499969482422,253.6999969482422,253.34500122070312,253.6999969482422,321512,253.32327194976807,253.5767219467163
2026-03-16 15:20:00+00:00,253.58999633789062,253.601806640625,253.17999267578125,253.44000244140625,168429,253.4632013397217,253.71679133605954
2026-03-16 15:25:00+00:00,253.01499938964844,253.74000549316406,252.9199981689453,253.5800018310547,213365,252.88849188995363,253.14150688934325
2026-03-16 15:30:00+00:00,253.3350067138672,253.47999572753906,252.98500061035156,253.00999450683594,3885933,253.20833921051027,253.4616742172241
2026-03-16 15:35:00+00:00,253.14500427246094,253.42999267578125,253.1199951171875,253.33999633789062,133276,253.01843177032472,253.27157677459715
2026-03-16 15:40:00+00:00,253.2050018310547,253.35499572753906,253.11000061035156,253.110595703125,145197,253.07839933013918,253.3316043319702
2026-03-16 15:45:00+00:00,253.51499938964844,253.5399932861328,253.1699981689453,253.19000244140625,0,253.38824188995363,253.64175688934324
2026-03-16 15:50:00+00:00,253.27999877929688,253.50999450683594,253.15249633789062,253.50999450683594,107784,253.15335877990725,253.4066387786865
2026-03-16 15:55:00+00:00,252.9550018310547,253.38299560546875,252.9250030517578,253.27000427246094,141101,252.82852433013917,253.0814793319702
2026-03-16 16:00:00+00:00,252.97500610351562,253.25999450683594,252.9199981689453,252.95249938964844,114327,252.84851860046388,253.10149360656737
2026-03-16 16:05:00+00:00,252.89999389648438,253.2899932861328,252.8000030517578,252.97000122070312,151638,252.77354389953615,253.0264438934326
2026-03-16 16:10:00+00:00,253.05499267578125,253.10000610351562,252.82000732421875,252.8699951171875,300941,252.92846517944338,253.18152017211912
2026-03-16 16:15:00+00:00,252.98500061035156,253.1999969482422,252.94000244140625,253.0449981689453,88021,252.8585081100464,253.11149311065674
2026-03-16 16:20:00+00:00,252.64999389648438,253.02999877929688,252.5200958251953,252.99000549316406,172597,252.52366889953615,252.7763188934326
2026-03-16 16:25:00+00:00,252.36500549316406,252.75,252.20010375976562,252.65499877929688,187438,252.2388229904175,252.49118799591062
2026-03-16 16:30:00+00:00,252.2779998779297,252.5,252.22000122070312,252.35000610351562,122387,252.15186087799074,252.40413887786863
2026-03-16 16:35:00+00:00,252.50999450683594,252.58999633789062,252.1999969482422,252.30999755859375,134808,252.38373950958254,252.63624950408934
2026-03-16 16:40:00+00:00,252.71800231933594,252.8699951171875,252.3800048828125,252.51499938964844,131785,252.5916433181763,252.84436132049558
2026-03-16 16:45:00+00:00,252.7100067138672,252.85000610351562,252.57009887695312,252.6999969482422,122231,252.58365171051028,252.8363617172241
2026-03-16 16:50:00+00:00,252.5800018310547,252.81500244140625,252.5500030517578,252.69000244140625,116153,252.45371183013918,252.7062918319702
2026-03-16 16:55:00+00:00,252.57000732421875,252.64999389648438,252.47999572753906,252.61990356445312,100256,252.44372232055665,252.69629232788085
2026-03-16 17:00:00+00:00,252.60499572753906,252.92999267578125,252.52999877929688,252.5800018310547,196684,252.47869322967532,252.7312982254028
2026-03-16 17:05:00+00:00,252.74200439453125,252.88499450683594,252.5800018310547,252.61000061035156,95438,252.615633392334,252.8683753967285
2026-03-16 17:10:00+00:00,253.1750030517578,253.3300018310547,252.75,252.75,121043,253.04841555023194,253.3015905532837
2026-03-16 17:15:00+00:00,253.08999633789062,253.1999969482422,253.0500030517578,253.19000244140625,5272407,252.9634513397217,253.21654133605955
2026-03-16 17:20:00+00:00,252.9199981689453,253.17799377441406,252.82000732421875,253.09500122070312,0,252.79353816986085,253.04645816802977
2026-03-16 17:25:00+00:00,252.92999267578125,253.1199951171875,252.88999938964844,252.92999267578125,81741,252.80352767944336,253.05645767211914
2026-03-16 17:30:00+00:00,252.7801055908203,253.05999755859375,252.67999267578125,252.94000244140625,90198,252.65371553802493,252.9064956436157
2026-03-16 17:35:00+00:00,252.56300354003906,252.83399963378906,252.52000427246094,252.77999877929688,109295,252.43672203826907,252.68928504180906
2026-03-16 17:40:00+00:00,252.39010620117188,252.64999389648438,252.36000061035156,252.5399932861328,92562,252.26391114807132,252.51630125427243
2026-03-16 17:45:00+00:00,252.36000061035156,252.72000122070312,252.3302001953125,252.39999389648438,104725,252.2338206100464,252.48618061065673
2026-03-16 17:50:00+00:00,252.39500427246094,252.55990600585938,252.27999877929688,252.33999633789062,92391,252.26880677032472,252.52120177459716
2026-03-16 17:55:00+00:00,252.1699981689453,252.4499969482422,252.16000366210938,252.36000061035156,112636,252.04391316986084,252.29608316802978
2026-03-16 18:00:00+00:00,252.44000244140625,252.44000244140625,252.16000366210938,252.2198944091797,132242,252.31378244018555,252.56622244262695
2026-03-16 18:05:00+00:00,252.4001007080078,252.50999450683594,252.32000732421875,252.4300994873047,5953335,252.27390065765383,252.5263007583618
2026-03-16 18:10:00+00:00,252.1999969482422,252.4600067138672,252.17999267578125,252.4199981689453,0,252.07389694976808,252.3260969467163
2026-03-16 18:15:00+00:00,252.22000122070312,252.42999267578125,252.17999267578125,252.22479248046875,165412,252.0938912200928,252.34611122131346
2026-03-16 18:20:00+00:00,252.16000366210938,252.3300018310547,252.16000366210938,252.22999572753906,120555,252.03392366027833,252.28608366394042
2026-03-16 18:25:00+00:00,252.9199981689453,252.9199981689453,252.1300048828125,252.1699981689453,221537,252.79353816986085,253.04645816802977
2026-03-16 18:30:00+00:00,253.05999755859375,253.07000732421875,252.82000732421875,252.9219970703125,6232832,252.93346755981446,253.18652755737304
2026-03-16 18:35:00+00:00,253.08999633789062,253.1320037841797,252.99000549316406,253.0699005126953,0,252.9634513397217,253.21654133605955
2026-03-16 18:40:00+00:00,252.97500610351562,253.10499572753906,252.92999267578125,253.08999633789062,119728,252.84851860046388,253.10149360656737
2026-03-16 18:45:00+00:00,252.8300018310547,253.00160217285156,252.8300018310547,252.97500610351562,111084,252.7035868301392,252.9564168319702
2026-03-16 18:50:00+00:00,252.6649932861328,252.82000732421875,252.66000366210938,252.80999755859375,6394353,252.53866078948977,252.79132578277586
2026-03-16 18:55:00+00:00,252.74000549316406,252.79989624023438,252.61000061035156,252.6699981689453,0,252.6136354904175,252.86637549591063
2026-03-16 19:00:00+00:00,252.6999969482422,252.82000732421875,252.52000427246094,252.74000549316406,110766,252.5736469497681,252.82634694671628
2026-03-16 19:05:00+00:00,253.18499755859375,253.1999969482422,252.55499267578125,252.6999969482422,291651,253.05840505981448,253.31159005737302
2026-03-16 19:10:00+00:00,252.6699981689453,253.44000244140625,252.57000732421875,253.19000244140625,252865,252.54366316986085,252.79633316802978
2026-03-16 19:15:00+00:00,252.58999633789062,252.89999389648438,252.58999633789062,252.67999267578125,160470,252.4637013397217,252.71629133605956
2026-03-16 19:20:00+00:00,252.3699951171875,252.6199951171875,252.27000427246094,252.61000061035156,210203,252.24381011962893,252.49618011474607
2026-03-16 19:25:00+00:00,252.86199951171875,252.97999572753906,252.2899932861328,252.35000610351562,227831,252.7355685119629,252.9884305114746
2026-03-16 19:30:00+00:00,252.60499572753906,253.05999755859375,252.58999633789062,252.83999633789062,220674,252.47869322967532,252.7312982254028
2026-03-16 19:35:00+00:00,252.4199981689453,252.66000366210938,252.38999938964844,252.6300048828125,156283,252.29378816986085,252.54620816802978
2026-03-16 19:40:00+00:00,252.375,252.42990112304688,252.17999267578125,252.39999389648438,7488534,252.2488125,252.5011875
2026-03-16 19:45:00+00:00,252.52000427246094,252.5800018310547,252.3350067138672,252.3699951171875,0,252.39374427032473,252.64626427459714
2026-03-16 19:50:00+00:00,252.4499969482422,252.7899932861328,252.11000061035156,252.52999877929688,438469,252.3237719497681,252.5762219467163
2026-03-16 19:55:00+00:00,252.77999877929688,252.97000122070312,252.4499969482422,252.4600067138672,1003553,252.65360877990724,252.9063887786865
2026-03-17 13:30:00+00:00,253.55999755859375,253.58970642089844,252.17999267578125,253.07850646972656,1059163,253.43321755981447,253.68677755737303
2026-03-17 13:35:00+00:00,253.7550048828125,253.9781036376953,253.4600067138672,253.60000610351562,912861,253.6281273803711,253.8818823852539
2026-03-17 13:40:00+00:00,254.22000122070312,254.4199981689453,253.41000366210938,253.75999450683594,378493,254.09289122009278,254.34711122131347
2026-03-17 13:45:00+00:00,254.86000061035156,254.9600067138672,254.18499755859375,254.21499633789062,528179,254.7325706100464,254.98743061065673
2026-03-17 13:50:00+00:00,254.7899932861328,255.0500030517578,254.531005859375,254.84500122070312,0,254.66259828948975,254.91738828277587
2026-03-17 13:55:00+00:00,254.6999969482422,255.0749969482422,254.61000061035156,254.80999755859375,176284,254.57264694976809,254.8273469467163
2026-03-17 14:00:00+00:00,254.6300048828125,254.77999877929688,254.2949981689453,254.69000244140625,208769,254.50268988037112,254.75731988525388
2026-03-17 14:05:00+00:00,254.46499633789062,254.72000122070312,254.4199981689453,254.625,1353891,254.3377638397217,254.59222883605955
2026-03-17 14:10:00+00:00,254.14999389648438,254.47000122070312,254.0800018310547,254.4550018310547,266687,254.02291889953614,254.2770688934326
2026-03-17 14:15:00+00:00,254.23500061035156,254.24000549316406,253.7899932861328,254.14999389648438,0,254.1078831100464,254.36211811065672
2026-03-17 14:20:00+00:00,254.27999877929688,254.37939453125,254.02499389648438,254.22000122070312,1603260,254.15285877990723,254.40713877868652
2026-03-17 14:25:00+00:00,254.44000244140625,254.47000122070312,254.0449981689453,254.22999572753906,0,254.31278244018557,254.56722244262693
2026-03-17 14:30:00+00:00,254.77000427246094,254.9499969482422,254.27000427246094,254.47999572753906,157556,254.64261927032473,254.89738927459715
2026-03-17 14:35:00+00:00,254.3199005126953,254.84010314941406,254.3000030517578,254.77000427246094,1783086,254.19274056243898,254.44706046295164
2026-03-17 14:40:00+00:00,254.55999755859375,254.57000732421875,254.2899932861328,254.3300018310547,0,254.43271755981448,254.68727755737302
2026-03-17 14:45:00+00:00,254.64999389648438,254.69000244140625,254.4499969482422,254.5449981689453,1900300,254.52266889953614,254.7773188934326
2026-03-17 14:50:00+00:00,254.34500122070312,254.69000244140625,254.25999450683594,254.6750030517578,0,254.2178287200928,254.47217372131345
2026-03-17 14:55:00+00:00,254.3988037109375,254.52999877929688,254.3280029296875,254.35000610351562,86436,254.27160430908205,254.52600311279295
2026-03-17 15:00:00+00:00,254.2449951171875,254.58999633789062,254.2100067138672,254.3800048828125,101390,254.1178726196289,254.3721176147461
2026-03-17 15:05:00+00:00,253.88999938964844,254.38999938964844,253.88499450683594,254.25,125607,253.76305438995362,254.01694438934325
2026-03-17 15:10:00+00:00,254.17999267578125,254.25,253.80079650878906,253.89999389648438,118682,254.05290267944338,254.30708267211912
2026-03-17 15:15:00+00:00,254.32000732421875,254.32369995117188,254.02000427246094,254.19000244140625,121835,254.19284732055667,254.44716732788083
2026-03-17 15:20:00+00:00,254.2445068359375,254.47000122070312,254.0800018310547,254.30999755859375,93141,254.11738458251955,254.37162908935545
2026-03-17 15:25:00+00:00,254.1699981689453,254.4499969482422,254.14999389648438,254.24000549316406,86932,254.04291316986087,254.29708316802976
2026-03-17 15:30:00+00:00,254.07000732421875,254.3000030517578,254.05999755859375,254.14999389648438,2433056,253.94297232055666,254.19704232788084
2026-03-17 15:35:00+00:00,253.9149932861328,254.19000244140625,253.66000366210938,254.08999633789062,183880,253.78803578948975,254.04195078277587
2026-03-17 15:40:00+00:00,254.2550048828125,254.3249969482422,253.85499572753906,253.89990234375,0,254.1278773803711,254.3821323852539
2026-03-17 15:45:00+00:00,254.30999755859375,254.4199981689453,254.22000122070312,254.22999572753906,112938,254.18284255981447,254.43715255737303
2026-03-17 15:50:00+00:00,254.55499267578125,254.68499755859375,254.25,254.3000030517578,156727,254.42771517944337,254.68227017211913
2026-03-17 15:55:00+00:00,254.4387969970703,254.66000366210938,254.27000427246094,254.52000427246094,83443,254.3115775985718,254.56601639556882
2026-03-17 16:00:00+00:00,254.38999938964844,254.44000244140625,254.2100067138672,254.44000244140625,123214,254.26280438995363,254.51719438934325
2026-03-17 16:05:00+00:00,254.6999969482422,254.75999450683594,254.27999877929688,254.36500549316406,116957,254.57264694976809,254.8273469467163
2026-03-17 16:10:00+00:00,254.55999755859375,254.88999938964844,254.50999450683594,254.69000244140625,133301,254.43271755981448,254.68727755737302
2026-03-17 16:15:00+00:00,255.0800018310547,255.10499572753906,254.52000427246094,254.5803985595703,357011,254.95246183013919,255.2075418319702
2026-03-17 16:20:00+00:00,255.07029724121094,255.12989807128906,254.9199981689453,255.0800018310547,151249,254.94276209259036,255.19783238983152
2026-03-17 16:25:00+00:00,254.86000061035156,255.125,254.77999877929688,255.05999755859375,95589,254.7325706100464,254.98743061065673
2026-03-17 16:30:00+00:00,254.92999267578125,255.02999877929688,254.75,254.8699951171875,160476,254.8025276794434,255.0574576721191
2026-03-17 16:35:00+00:00,254.5800018310547,254.99000549316406,254.52999877929688,254.91000366210938,92642,254.45271183013918,254.7072918319702
2026-03-17 16:40:00+00:00,254.54879760742188,254.72999572753906,254.36000061035156,254.61000061035156,95376,254.42152320861817,254.67607200622558
2026-03-17 16:45:00+00:00,254.46009826660156,254.58999633789062,254.42449951171875,254.5399932861328,66805,254.33286821746827,254.58732831573485
2026-03-17 16:50:00+00:00,254.34219360351562,254.6999969482422,254.26210021972656,254.4600067138672,203233,254.2150225067139,254.46936470031736
2026-03-17 16:55:00+00:00,254.08799743652344,254.36000061035156,254.05999755859375,254.31500244140625,107258,253.9609534378052,254.2150414352417
2026-03-17 17:00:00+00:00,254.1699981689453,254.30999755859375,254.05999755859375,254.08999633789062,3946164,254.04291316986087,254.29708316802976
2026-03-17 17:05:00+00:00,253.97000122070312,254.17999267578125,253.82040405273438,254.14999389648438,0,253.84301622009278,254.09698622131347
2026-03-17 17:10:00+00:00,253.92990112304688,253.97500610351562,253.8000030517578,253.97000122070312,93948,253.80293617248537,254.05686607360838
2026-03-17 17:15:00+00:00,253.7100067138672,253.91000366210938,253.64010620117188,253.91000366210938,130269,253.58315171051026,253.8368617172241
2026-03-17 17:20:00+00:00,253.63999938964844,253.74000549316406,253.55999755859375,253.6699981689453,177465,253.51317938995362,253.76681938934325
2026-03-17 17:25:00+00:00,253.9199981689453,253.94000244140625,253.58999633789062,253.6322021484375,4691730,253.79303816986086,254.04695816802976
2026-03-17 17:30:00+00:00,254.08999633789062,254.16000366210938,253.88499450683594,253.91000366210938,0,253.96295133972168,254.21704133605957
2026-03-17 17:35:00+00:00,254.19020080566406,254.25999450683594,254.0800018310547,254.10000610351562,4815160,254.06310570526125,254.31729590606687
2026-03-17 17:40:00+00:00,254.22000122070312,254.32000732421875,254.07000732421875,254.19000244140625,0,254.09289122009278,254.34711122131347
2026-03-17 17:45:00+00:00,254.17999267578125,254.27999877929688,254.09500122070312,254.25259399414062,72217,254.05290267944338,254.30708267211912
2026-03-17 17:50:00+00:00,254.41000366210938,254.60499572753906,254.10000610351562,254.1699981689453,131723,254.28279866027833,254.53720866394042
2026-03-17 17:55:00+00:00,254.50399780273438,254.52999877929688,254.3000030517578,254.4250030517578,88560,254.37674580383302,254.63124980163573
2026-03-17 18:00:00+00:00,254.27000427246094,254.6300048828125,254.22000122070312,254.50999450683594,128518,254.14286927032472,254.39713927459715
2026-03-17 18:05:00+00:00,254.4499969482422,254.49000549316406,254.27000427246094,254.28900146484375,84658,254.32277194976808,254.5772219467163
2026-03-17 18:10:00+00:00,254.27000427246094,254.49000549316406,254.24000549316406,254.4600067138672,5126053,254.14286927032472,254.39713927459715
2026-03-17 18:15:00+00:00,254.35330200195312,254.3699951171875,254.25999450683594,254.3000030517578,0,254.22612535095217,254.48047865295408
2026-03-17 18:20:00+00:00,253.99000549316406,254.37399291992188,253.96499633789062,254.33999633789062,91453,253.8630104904175,254.11700049591062
2026-03-17 18:25:00+00:00,254.10000610351562,254.16000366210938,253.9600067138672,253.97999572753906,63277,253.97295610046388,254.22705610656737
2026-03-17 18:30:00+00:00,254.125,254.21499633789062,253.97000122070312,254.09500122070312,81185,253.9979375,254.2520625
2026-03-17 18:35:00+00:00,254.10499572753906,254.3300018310547,254.0200958251953,254.14999389648438,93474,253.9779432296753,254.23204822540282
2026-03-17 18:40:00+00:00,253.9499969482422,254.17999267578125,253.92999267578125,254.125,66621,253.82302194976808,254.0769719467163
2026-03-17 18:45:00+00:00,253.99000549316406,254.05999755859375,253.89999389648438,253.97000122070312,74531,253.8630104904175,254.11700049591062
2026-03-17 18:50:00+00:00,254.03399658203125,254.0500030517578,253.85000610351562,253.97999572753906,82830,253.90697958374025,254.16101358032225
2026-03-17 18:55:00+00:00,253.8699951171875,254.02999877929688,253.7949981689453,254.02999877929688,94622,253.74306011962892,253.99693011474608
2026-03-17 19:00:00+00:00,253.59939575195312,253.91000366210938,253.58999633789062,253.8800048828125,141528,253.47259605407717,253.72619544982908
2026-03-17 19:05:00+00:00,253.26010131835938,253.61000061035156,253.13009643554688,253.58999633789062,197434,253.1334712677002,253.38673136901855
2026-03-17 19:10:00+00:00,253.74000549316406,253.74000549316406,253.17999267578125,253.27000427246094,163531,253.6131354904175,253.86687549591062
2026-03-17 19:15:00+00:00,254.03500366210938,254.10000610351562,253.68499755859375,253.7451934814453,123655,253.90798616027834,254.1620211639404
2026-03-17 19:20:00+00:00,253.88499450683594,254.0399932861328,253.85000610351562,254.0399932861328,100688,253.75805200958254,254.01193700408933
2026-03-17 19:25:00+00:00,253.77000427246094,253.97999572753906,253.74000549316406,253.8800048828125,112608,253.64311927032472,253.89688927459716
2026-03-17 19:30:00+00:00,253.82000732421875,253.8699951171875,253.67999267578125,253.77999877929688,129546,253.69309732055666,253.94691732788084
2026-03-17 19:35:00+00:00,253.72000122070312,253.94000244140625,253.6999969482422,253.82000732421875,114343,253.59314122009278,253.84686122131347
2026-03-17 19:40:00+00:00,253.85000610351562,253.9199981689453,253.7100067138672,253.72000122070312,190425,253.72308110046387,253.97693110656738
2026-03-17 19:45:00+00:00,254.25999450683594,254.25999450683594,253.80999755859375,253.85499572753906,201044,254.13286450958253,254.38712450408934
2026-03-17 19:50:00+00:00,254.50999450683594,254.5800018310547,254.0500030517578,254.26499938964844,347268,254.38273950958254,254.63724950408934
2026-03-17 19:55:00+00:00,254.22999572753906,254.39999389648438,254.0,254.36000061035156,947842,254.10288072967532,254.3571107254028
2026-03-18 13:30:00+00:00,253.86000061035156,253.91000366210938,251.3800048828125,252.625,1000405,253.7330706100464,253.9869306106567
2026-03-18 13:35:00+00:00,254.10000610351562,254.3018035888672,253.75,253.89999389648438,269080,253.97295610046388,254.22705610656737
2026-03-18 13:40:00+00:00,254.3000030517578,254.94000244140625,253.9300994873047,254.09860229492188,244937,254.17285305023194,254.4271530532837
2026-03-18 13:45:00+00:00,253.91000366210938,254.68499755859375,253.91000366210938,254.28500366210938,229946,253.78304866027833,254.03695866394042
2026-03-18 13:50:00+00:00,253.5,254.00999450683594,253.4600067138672,253.92999267578125,195139,253.37325,253.62675
2026-03-18 13:55:00+00:00,253.43499755859375,253.67999267578125,253.17999267578125,253.52999877929688,170318,253.30828005981448,253.56171505737302
2026-03-18 14:00:00+00:00,253.22999572753906,253.49749755859375,252.88999938964844,253.4499969482422,219320,253.1033807296753,253.35661072540282
2026-03-18 14:05:00+00:00,253.7530975341797,253.80999755859375,253.13999938964844,253.20269775390625,196893,253.6262209854126,253.87997408294677
2026-03-18 14:10:00+00:00,253.0850067138672,253.77000427246094,253.0399932861328,253.72500610351562,166230,252.95846421051027,253.2115492172241
2026-03-18 14:15:00+00:00,253.30369567871094,253.52000427246094,253.00999450683594,253.0399932861328,157286,253.17704383087158,253.4303475265503
2026-03-18 14:20:00+00:00,253.00999450683594,253.3800048828125,252.9600067138672,253.32000732421875,124390,252.88348950958255,253.13649950408933
2026-03-18 14:25:00+00:00,252.35499572753906,253.03990173339844,252.32000732421875,253.02999877929688,178189,252.2288182296753,252.4811732254028
2026-03-18 14:30:00+00:00,252.30999755859375,252.69000244140625,252.26499938964844,252.33999633789062,194844,252.18384255981448,252.43615255737302
2026-03-18 14:35:00+00:00,252.5800018310547,252.8300018310547,252.27999877929688,252.30999755859375,161719,252.45371183013918,252.7062918319702
2026-03-18 14:40:00+00:00,252.16000366210938,252.63009643554688,252.0800018310547,252.60000610351562,1739735,252.03392366027833,252.28608366394042
2026-03-18 14:45:00+00:00,252.25,252.44500732421875,252.14999389648438,252.19000244140625,0,252.12387500000003,252.37612499999997
2026-03-18 14:50:00+00:00,252.3249969482422,252.44000244140625,252.08999633789062,252.2530975341797,140644,252.19883444976807,252.4511594467163
2026-03-18 14:55:00+00:00,252.52000427246094,252.55999755859375,252.25,252.31500244140625,2009952,252.39374427032473,252.64626427459714
2026-03-18 15:00:00+00:00,252.47000122070312,252.67999267578125,252.22000122070312,252.51499938964844,314457,252.3437662200928,252.59623622131346
2026-03-18 15:05:00+00:00,252.86000061035156,252.8699951171875,252.35000610351562,252.47500610351562,0,252.7335706100464,252.98643061065673
2026-03-18 15:10:00+00:00,252.52000427246094,253.05999755859375,252.49000549316406,252.85800170898438,2407771,252.39374427032473,252.64626427459714
2026-03-18 15:15:00+00:00,252.24000549316406,252.59800720214844,252.17999267578125,252.50999450683594,258397,252.1138854904175,252.36612549591064
2026-03-18 15:20:00+00:00,252.6999969482422,252.74000549316406,252.25,252.25,0,252.5736469497681,252.82634694671628
2026-03-18 15:25:00+00:00,252.3199005126953,252.73500061035156,252.25999450683594,252.7299041748047,162576,252.193740562439,252.44606046295164
2026-03-18 15:30:00+00:00,252.1300048828125,252.3300018310547,251.9250030517578,252.30999755859375,152037,252.00393988037112,252.25606988525388
2026-03-18 15:35:00+00:00,251.91000366210938,252.14999389648438,251.8699951171875,252.13499450683594,120597,251.78404866027833,252.03595866394042
2026-03-18 15:40:00+00:00,251.81109619140625,251.9499969482422,251.6649932861328,251.9199981689453,2946016,251.68519064331056,251.93700173950194
2026-03-18 15:45:00+00:00,251.72000122070312,252.02999877929688,251.64999389648438,251.8000030517578,0,251.59414122009278,251.84586122131347
2026-03-18 15:50:00+00:00,251.81500244140625,251.82000732421875,251.52000427246094,251.7050018310547,168837,251.68909494018556,251.94090994262694
2026-03-18 15:55:00+00:00,251.77000427246094,251.97000122070312,251.7050018310547,251.82000732421875,140410,251.64411927032472,251.89588927459715
2026-03-18 16:00:00+00:00,251.82000732421875,251.85079956054688,251.60499572753906,251.75999450683594,3227409,251.69409732055666,251.94591732788084
2026-03-18 16:05:00+00:00,251.55999755859375,251.83999633789062,251.52000427246094,251.83999633789062,0,251.43421755981447,251.68577755737303
2026-03-18 16:10:00+00:00,251.8699951171875,251.88299560546875,251.4600067138672,251.5500030517578,160447,251.74406011962893,251.99593011474607
2026-03-18 16:15:00+00:00,251.91000366210938,251.99000549316406,251.67999267578125,251.85000610351562,113891,251.78404866027833,252.03595866394042
2026-03-18 16:20:00+00:00,251.74000549316406,251.98989868164062,251.5500030517578,251.92999267578125,175469,251.61413549041748,251.86587549591064
2026-03-18 16:25:00+00:00,251.57009887695312,251.82000732421875,251.50999450683594,251.75999450683594,99879,251.44431382751466,251.6958839263916
2026-03-18 16:30:00+00:00,250.86500549316406,251.58999633789062,250.77000427246094,251.5749969482422,324079,250.73957299041749,250.99043799591064
2026-03-18 16:35:00+00:00,251.19000244140625,251.22000122070312,250.7100067138672,250.8699951171875,194397,251.06440744018556,251.31559744262694
2026-03-18 16:40:00+00:00,250.92999267578125,251.1750030517578,250.91000366210938,251.1750030517578,96317,250.80452767944337,251.05545767211913
2026-03-18 16:45:00+00:00,250.9700927734375,251.0,250.6999969482422,250.9600067138672,124055,250.8446077270508,251.0955778198242
2026-03-18 16:50:00+00:00,251.07000732421875,251.25999450683594,250.88999938964844,250.9499969482422,123176,250.94447232055666,251.19554232788084
2026-03-18 16:55:00+00:00,250.97000122070312,251.16000366210938,250.94000244140625,251.0500030517578,4004324,250.8445162200928,251.09548622131345
2026-03-18 17:00:00+00:00,250.80999755859375,251.0,250.52000427246094,250.9499969482422,0,250.68459255981446,250.93540255737304
2026-03-18 17:05:00+00:00,250.57000732421875,250.8699951171875,250.52999877929688,250.8000030517578,86871,250.44472232055665,250.69529232788085
2026-03-18 17:10:00+00:00,250.47999572753906,250.63999938964844,250.38999938964844,250.57000732421875,117770,250.3547557296753,250.60523572540282
2026-03-18 17:15:00+00:00,250.6699981689453,250.73599243164062,250.42999267578125,250.49000549316406,123354,250.54466316986085,250.79533316802977
2026-03-18 17:20:00+00:00,250.88499450683594,250.92990112304688,250.6199951171875,250.67999267578125,114501,250.75955200958253,251.01043700408934
2026-03-18 17:25:00+00:00,250.80499267578125,250.88999938964844,250.75999450683594,250.88999938964844,87174,250.67959017944338,250.93039517211912
2026-03-18 17:30:00+00:00,250.80999755859375,250.86199951171875,250.5399932861328,250.7899932861328,100059,250.68459255981446,250.93540255737304
2026-03-18 17:35:00+00:00,250.97000122070312,250.98699951171875,250.8000030517578,250.8300018310547,102943,250.8445162200928,251.09548622131345
2026-03-18 17:40:00+00:00,250.84500122070312,250.98989868164062,250.76499938964844,250.97000122070312,4381060,250.71957872009278,250.97042372131347
2026-03-18 17:45:00+00:00,250.89999389648438,251.22000122070312,250.7899932861328,250.86000061035156,0,250.77454389953616,251.0254438934326
2026-03-18 17:50:00+00:00,251.25,251.27000427246094,250.86000061035156,250.8800048828125,125246,251.12437500000001,251.37562499999999
2026-03-18 17:55:00+00:00,251.3350067138672,251.41000366210938,251.22999572753906,251.28990173339844,140732,251.20933921051028,251.4606742172241
2026-03-18 18:00:00+00:00,251.37010192871094,251.64759826660156,251.14999389648438,251.3699951171875,4865416,251.2444168777466,251.49578697967527
2026-03-18 18:05:00+00:00,251.14999389648438,251.50999450683594,251.10000610351562,251.3699951171875,0,251.02441889953616,251.2755688934326
2026-03-18 18:10:00+00:00,251.3000030517578,251.37130737304688,251.14999389648438,251.14999389648438,102597,251.17435305023196,251.42565305328367
2026-03-18 18:15:00+00:00,250.77999877929688,251.3000030517578,250.72999572753906,251.3000030517578,169118,250.65460877990725,250.9053887786865
2026-03-18 18:20:00+00:00,250.91000366210938,250.94000244140625,250.77000427246094,250.77000427246094,93468,250.78454866027835,251.0354586639404
2026-03-18 18:25:00+00:00,250.9600067138672,251.0,250.8000030517578,250.92999267578125,114082,250.83452671051026,251.08548671722411
2026-03-18 18:30:00+00:00,250.14999389648438,250.94500732421875,250.1300048828125,250.94000244140625,191685,250.02491889953615,250.2750688934326
2026-03-18 18:35:00+00:00,250.1300048828125,250.77000427246094,250.072998046875,250.16000366210938,191420,250.0049398803711,250.2550698852539
2026-03-18 18:40:00+00:00,250.38999938964844,250.52000427246094,249.97000122070312,250.13999938964844,5472783,250.26480438995364,250.51519438934324
2026-03-18 18:45:00+00:00,250.35000610351562,250.4499053955078,250.19000244140625,250.3699951171875,165585,250.2248311004639,250.47518110656736
2026-03-18 18:50:00+00:00,250.0,250.3699951171875,249.9199981689453,250.33999633789062,0,249.875,250.125
2026-03-18 18:55:00+00:00,249.8800048828125,250.24000549316406,249.87010192871094,250.0,137645,249.7550648803711,250.0049448852539
2026-03-18 19:00:00+00:00,250.3699951171875,250.3800048828125,249.77499389648438,249.8800048828125,218874,250.2448101196289,250.4951801147461
2026-03-18 19:05:00+00:00,250.4698944091797,250.52000427246094,250.1999969482422,250.3699951171875,202720,250.3446594619751,250.59512935638426
2026-03-18 19:10:00+00:00,250.17999267578125,250.42999267578125,250.1199951171875,250.42999267578125,113043,250.0549026794434,250.3050826721191
2026-03-18 19:15:00+00:00,249.89999389648438,250.2449951171875,249.8800048828125,250.16990661621094,145129,249.77504389953614,250.0249438934326
2026-03-18 19:20:00+00:00,249.72500610351562,249.97999572753906,249.61000061035156,249.89999389648438,151783,249.6001436004639,249.84986860656736
2026-03-18 19:25:00+00:00,249.67999267578125,249.8699951171875,249.63999938964844,249.75,166252,249.55515267944338,249.80483267211912
2026-03-18 19:30:00+00:00,249.78500366210938,249.85989379882812,249.59500122070312,249.69400024414062,178284,249.66011116027835,249.9098961639404
2026-03-18 19:35:00+00:00,249.37049865722656,249.8000030517578,249.3699951171875,249.7899932861328,202642,249.24581340789797,249.49518390655516
2026-03-18 19:40:00+00:00,249.17999267578125,249.4600067138672,249.0,249.39199829101562,283362,249.05540267944338,249.30458267211912
2026-03-18 19:45:00+00:00,249.32000732421875,249.40499877929688,249.07000732421875,249.1699981689453,264291,249.19534732055666,249.44466732788084
2026-03-18 19:50:00+00:00,250.13009643554688,250.17999267578125,249.1999969482422,249.35000610351562,508604,250.00503138732913,250.25516148376462
2026-03-18 19:55:00+00:00,249.91000366210938,250.35000610351562,249.7100067138672,250.1199951171875,1561494,249.78504866027833,250.03495866394042
2026-03-19 13:30:00+00:00,248.7899932861328,249.47000122070312,247.3000030517578,249.39999389648438,1931105,248.66559828948976,248.91438828277586
2026-03-19 13:35:00+00:00,249.07000732421875,249.72000122070312,248.39999389648438,248.72999572753906,431663,248.94547232055666,249.19454232788084
2026-03-19 13:40:00+00:00,250.4882049560547,250.6999969482422,249.0,249.11599731445312,1516143,250.36296085357668,250.6134490585327
2026-03-19 13:45:00+00:00,251.46499633789062,251.5050048828125,250.34500122070312,250.47000122070312,675812,251.3392638397217,251.59072883605955
2026-03-19 13:50:00+00:00,251.39999389648438,251.8300018310547,251.1300048828125,251.44000244140625,0,251.27429389953613,251.52569389343262
2026-03-19 13:55:00+00:00,250.7801055908203,251.41000366210938,250.60000610351562,251.41000366210938,277729,250.6547155380249,250.90549564361572
2026-03-19 14:00:00+00:00,250.27000427246094,251.17909240722656,250.1999969482422,250.8000030517578,252676,250.14486927032473,250.39513927459714
2026-03-19 14:05:00+00:00,250.56199645996094,250.74000549316406,250.27000427246094,250.27999877929688,244047,250.43671546173098,250.6872774581909
2026-03-19 14:10:00+00:00,250.71499633789062,251.13999938964844,250.47000122070312,250.57000732421875,225451,250.5896388397217,250.84035383605956
2026-03-19 14:15:00+00:00,250.36000061035156,250.8000030517578,250.25,250.7100067138672,167940,250.2348206100464,250.48518061065673
2026-03-19 14:20:00+00:00,250.42999267578125,250.61000061035156,250.08999633789062,250.36000061035156,187473,250.30477767944336,250.55520767211914
2026-03-19 14:25:00+00:00,249.8000030517578,250.41000366210938,249.6649932861328,250.3800048828125,162888,249.67510305023194,249.92490305328369
2026-03-19 14:30:00+00:00,250.4949951171875,250.57000732421875,249.7949981689453,249.80099487304688,223220,250.36974761962892,250.62024261474608
2026-03-19 14:35:00+00:00,249.8450927734375,250.7100067138672,249.67999267578125,250.5019989013672,174416,249.7201702270508,249.9700153198242
2026-03-19 14:40:00+00:00,249.63499450683594,250.14999389648438,249.56500244140625,249.85499572753906,131537,249.51017700958252,249.75981200408935
2026-03-19 14:45:00+00:00,249.77000427246094,249.82000732421875,249.34579467773438,249.63499450683594,166259,249.64511927032473,249.89488927459715
2026-03-19 14:50:00+00:00,249.9600067138672,250.1300048828125,249.58999633789062,249.72999572753906,159433,249.83502671051028,250.0849867172241
2026-03-19 14:55:00+00:00,249.86500549316406,250.1999969482422,249.8000030517578,249.97999572753906,140546,249.7400729904175,249.98993799591062
2026-03-19 15:00:00+00:00,249.92990112304688,250.0399932861328,249.6479949951172,249.86000061035156,136588,249.80493617248536,250.0548660736084
2026-03-19 15:05:00+00:00,249.73989868164062,250.27000427246094,249.60499572753906,249.92999267578125,165439,249.6150287322998,249.86476863098144
2026-03-19 15:10:00+00:00,250.10000610351562,250.10000610351562,249.74000549316406,249.75,3498722,249.97495610046388,250.22505610656737
2026-03-19 15:15:00+00:00,249.42999267578125,250.1699981689453,249.3800048828125,250.10000610351562,0,249.30527767944338,249.55470767211912
2026-03-19 15:20:00+00:00,249.25,249.5299072265625,249.14010620117188,249.44000244140625,3711304,249.12537500000002,249.37462499999998
2026-03-19 15:25:00+00:00,249.41000366210938,249.44000244140625,249.16000366210938,249.25,0,249.28529866027833,249.53470866394042
2026-03-19 15:30:00+00:00,249.2100067138672,249.50999450683594,249.125,249.41000366210938,131752,249.08540171051027,249.3346117172241
2026-03-19 15:35:00+00:00,249.3699951171875,249.4600067138672,249.17999267578125,249.17999267578125,129837,249.24531011962893,249.49468011474607
2026-03-19 15:40:00+00:00,249.14999389648438,249.4600067138672,249.13499450683594,249.4199981689453,126816,249.02541889953613,249.27456889343262
2026-03-19 15:45:00+00:00,249.2263946533203,249.3699951171875,249.07000732421875,249.1531982421875,4003642,249.10178145599366,249.35100785064697
2026-03-19 15:50:00+00:00,249.21499633789062,249.3800048828125,249.0399932861328,249.2550048828125,0,249.0903888397217,249.33960383605955
2026-03-19 15:55:00+00:00,249.60000610351562,249.74899291992188,249.2100067138672,249.25999450683594,209088,249.47520610046388,249.72480610656737
2026-03-19 16:00:00+00:00,249.47999572753906,249.9199981689453,249.3679962158203,249.6199951171875,4361585,249.35525572967532,249.6047357254028
2026-03-19 16:05:00+00:00,249.7050018310547,249.95260620117188,249.4300994873047,249.47999572753906,0,249.58014933013916,249.8298543319702
2026-03-19 16:10:00+00:00,249.64999389648438,249.89999389648438,249.48500061035156,249.72999572753906,146514,249.52516889953614,249.7748188934326
2026-03-19 16:15:00+00:00,249.1199951171875,249.6999969482422,249.0800018310547,249.63999938964844,110899,248.99543511962892,249.24455511474608
2026-03-19 16:20:00+00:00,248.9499969482422,249.24000549316406,248.89999389648438,249.10989379882812,150477,248.82552194976807,249.0744719467163
2026-03-19 16:25:00+00:00,249.25999450683594,249.3699951171875,248.8800048828125,248.9600067138672,140571,249.13536450958253,249.38462450408935
2026-03-19 16:30:00+00:00,248.72000122070312,249.4199981689453,248.64999389648438,249.27499389648438,186200,248.59564122009277,248.84436122131348
2026-03-19 16:35:00+00:00,248.8000030517578,248.9199981689453,248.47999572753906,248.64999389648438,164728,248.67560305023196,248.92440305328367
2026-03-19 16:40:00+00:00,248.52000427246094,248.88999938964844,248.4199981689453,248.77000427246094,130107,248.3957442703247,248.64426427459716
2026-03-19 16:45:00+00:00,248.42999267578125,248.57000732421875,248.36000061035156,248.5500030517578,4963049,248.30577767944337,248.55420767211913
2026-03-19 16:50:00+00:00,248.14100646972656,248.44000244140625,247.8699951171875,248.42999267578125,0,248.0169359664917,248.26507697296142
2026-03-19 16:55:00+00:00,248.05999755859375,248.14999389648438,247.9550018310547,248.13499450683594,110134,247.93596755981446,248.18402755737304
2026-03-19 17:00:00+00:00,247.7899932861328,248.22500610351562,247.77000427246094,248.02499389648438,147838,247.66609828948975,247.91388828277587
2026-03-19 17:05:00+00:00,247.7899932861328,247.8699951171875,247.7100067138672,247.7899932861328,149707,247.66609828948975,247.91388828277587
2026-03-19 17:10:00+00:00,247.97000122070312,248.1199951171875,247.80999755859375,247.81500244140625,5344465,247.8460162200928,248.09398622131346
2026-03-19 17:15:00+00:00,248.23500061035156,248.3000030517578,247.91000366210938,248.0,0,248.1108831100464,248.35911811065674
2026-03-19 17:20:00+00:00,248.35000610351562,248.50999450683594,248.14999389648438,248.22999572753906,145459,248.2258311004639,248.47418110656736
2026-03-19 17:25:00+00:00,248.2801055908203,248.53990173339844,248.25999450683594,248.36000061035156,5494843,248.15596553802493,248.4042456436157
2026-03-19 17:30:00+00:00,248.1699981689453,248.4499969482422,248.07000732421875,248.2949981689453,0,248.04591316986085,248.29408316802977
2026-03-19 17:35:00+00:00,247.9084930419922,248.20989990234375,247.8800048828125,248.16000366210938,126891,247.7845387954712,248.03244728851317
2026-03-19 17:40:00+00:00,247.99000549316406,248.07000732421875,247.77999877929688,247.89500427246094,109342,247.8660104904175,248.11400049591063
2026-03-19 17:45:00+00:00,247.89999389648438,248.00999450683594,247.7299041748047,248.00999450683594,84380,247.77604389953615,248.0239438934326
2026-03-19 17:50:00+00:00,248.25999450683594,248.2899932861328,247.89999389648438,247.89999389648438,108776,248.13586450958255,248.38412450408933
2026-03-19 17:55:00+00:00,247.9542999267578,248.30999755859375,247.91000366210938,248.25,5895397,247.83032277679445,248.07827707672118
2026-03-19 18:00:00+00:00,247.67999267578125,247.9600067138672,247.6699981689453,247.9600067138672,0,247.5561526794434,247.8038326721191
2026-03-19 18:05:00+00:00,248.08999633789062,248.13999938964844,247.68499755859375,247.68499755859375,135316,247.9659513397217,248.21404133605955
2026-03-19 18:10:00+00:00,248.39999389648438,248.5299072265625,247.99000549316406,248.10499572753906,6171728,248.27579389953615,248.5241938934326
2026-03-19 18:15:00+00:00,248.27999877929688,248.5,248.10000610351562,248.39500427246094,0,248.15585877990725,248.4041387786865
2026-03-19 18:20:00+00:00,248.33599853515625,248.41000366210938,248.25,248.2899932861328,113751,248.21183053588868,248.46016653442382
2026-03-19 18:25:00+00:00,248.02200317382812,248.4600067138672,248.01800537109375,248.31509399414062,94723,247.89799217224123,248.14601417541502
2026-03-19 18:30:00+00:00,248.14999389648438,248.19000244140625,247.8800048828125,248.00999450683594,126929,248.02591889953615,248.2740688934326
2026-03-19 18:35:00+00:00,247.94000244140625,248.1999969482422,247.89500427246094,248.14999389648438,6410651,247.81603244018555,248.06397244262695
2026-03-19 18:40:00+00:00,247.7200927734375,247.97999572753906,247.6699981689453,247.9550018310547,0,247.5962327270508,247.8439528198242
2026-03-19 18:45:00+00:00,247.86990356445312,247.94000244140625,247.7100067138672,247.7100067138672,104216,247.7459686126709,247.99383851623534
2026-03-19 18:50:00+00:00,248.0050048828125,248.00999450683594,247.76089477539062,247.85000610351562,6605871,247.88100238037111,248.12900738525389
2026-03-19 18:55:00+00:00,248.4001007080078,248.57000732421875,247.96499633789062,248.0,308932,248.27590065765384,248.5243007583618
2026-03-19 19:00:00+00:00,248.7100067138672,249.14999389648438,248.39999389648438,248.42999267578125,0,248.58565171051026,248.8343617172241
2026-03-19 19:05:00+00:00,249.07000732421875,249.42999267578125,248.6699981689453,248.6699981689453,493200,248.94547232055666,249.19454232788084
2026-03-19 19:10:00+00:00,249.05999755859375,249.58999633789062,248.50999450683594,249.02999877929688,369224,248.93546755981447,249.18452755737303
2026-03-19 19:15:00+00:00,248.97999572753906,249.3699951171875,248.7801055908203,249.0500030517578,241688,248.85550572967531,249.1044857254028
2026-03-19 19:20:00+00:00,248.4600067138672,249.0,248.4600067138672,248.9550018310547,188151,248.33577671051026,248.58423671722412
2026-03-19 19:25:00+00:00,248.47000122070312,248.5399932861328,248.1699981689453,248.47999572753906,172888,248.3457662200928,248.59423622131345
2026-03-19 19:30:00+00:00,248.5850067138672,248.77999877929688,248.32000732421875,248.44000244140625,191392,248.46071421051028,248.7092992172241
2026-03-19 19:35:00+00:00,248.7949981689453,248.85000610351562,248.2899932861328,248.5500030517578,173673,248.67060066986085,248.91939566802978
2026-03-19 19:40:00+00:00,248.51499938964844,248.81500244140625,248.39999389648438,248.81500244140625,179953,248.39074188995363,248.63925688934324
2026-03-19 19:45:00+00:00,248.52999877929688,248.6999969482422,248.3000030517578,248.50999450683594,230657,248.40573377990725,248.6542637786865
2026-03-19 19:50:00+00:00,248.71499633789062,248.88999938964844,248.3000030517578,248.52999877929688,391449,248.5906388397217,248.83935383605956
2026-03-19 19:55:00+00:00,248.90699768066406,249.3300018310547,248.72000122070312,248.72000122070312,1241491,248.78254418182374,249.0314511795044
2026-03-20 13:30:00+00:00,247.13999938964844,248.72999572753906,246.9199981689453,248.11000061035156,10801737,247.01642938995363,247.26356938934325
2026-03-20 13:35:00+00:00,246.8699951171875,247.26449584960938,246.69500732421875,247.16000366210938,530736,246.74656011962892,246.99343011474608
2026-03-20 13:40:00+00:00,247.3300018310547,247.64999389648438,246.61000061035156,246.90249633789062,578316,247.20633683013918,247.4536668319702
2026-03-20 13:45:00+00:00,247.81500244140625,248.0500030517578,247.3000030517578,247.33999633789062,613502,247.69109494018556,247.93890994262694
2026-03-20 13:50:00+00:00,248.6300048828125,248.75999450683594,247.5800018310547,247.80999755859375,485861,248.5056898803711,248.7543198852539
2026-03-20 13:55:00+00:00,247.67999267578125,248.6862030029297,247.52999877929688,248.6199951171875,600349,247.5561526794434,247.8038326721191
2026-03-20 14:00:00+00:00,247.16000366210938,247.7550048828125,246.82000732421875,247.66000366210938,981774,247.03642366027833,247.28358366394042
2026-03-20 14:05:00+00:00,247.4550018310547,247.63999938964844,247.1199951171875,247.1708984375,373711,247.33127433013917,247.5787293319702
2026-03-20 14:10:00+00:00,247.64089965820312,247.70419311523438,247.22000122070312,247.4499969482422,330194,247.51707920837404,247.7647201080322
2026-03-20 14:15:00+00:00,247.94009399414062,248.3300018310547,247.59109497070312,247.6300048828125,526971,247.81612394714358,248.06406404113767
2026-03-20 14:20:00+00:00,248.08999633789062,248.25999450683594,247.86000061035156,247.9550018310547,232951,247.9659513397217,248.21404133605955
2026-03-20 14:25:00+00:00,247.75999450683594,248.4600067138672,247.75,248.0850067138672,332227,247.63611450958254,247.88387450408933
2026-03-20 14:30:00+00:00,247.84500122070312,248.07000732421875,247.6804962158203,247.80999755859375,286601,247.72107872009278,247.96892372131347
2026-03-20 14:35:00+00:00,247.20559692382812,247.85499572753906,247.16009521484375,247.85499572753906,302255,247.08199412536624,247.32919972229
2026-03-20 14:40:00+00:00,248.01409912109375,248.02999877929688,247.17999267578125,247.19500732421875,352212,247.89009207153322,248.13810617065428
2026-03-20 14:45:00+00:00,248.0404052734375,248.25999450683594,247.85000610351562,248.0,259780,247.9163850708008,248.1644254760742
2026-03-20 14:50:00+00:00,248.1300048828125,248.3000030517578,247.94000244140625,248.02999877929688,548962,248.0059398803711,248.2540698852539
2026-03-20 14:55:00+00:00,248.18499755859375,248.85000610351562,248.1199951171875,248.1300048828125,416459,248.06090505981447,248.30909005737303
2026-03-20 15:00:00+00:00,248.218994140625,248.63999938964844,248.0301055908203,248.1999969482422,225574,248.0948846435547,248.3431036376953
2026-03-20 15:05:00+00:00,248.17999267578125,248.52940368652344,248.00999450683594,248.2449951171875,591407,248.05590267944336,248.30408267211914
2026-03-20 15:10:00+00:00,248.19500732421875,248.3153076171875,247.85000610351562,248.1699981689453,2231104,248.07090982055666,248.31910482788084
2026-03-20 15:15:00+00:00,248.19000244140625,248.38499450683594,247.94000244140625,248.24000549316406,261761,248.06590744018555,248.31409744262695
2026-03-20 15:20:00+00:00,248.1699981689453,248.64999389648438,247.77999877929688,248.17999267578125,871746,248.04591316986085,248.29408316802977
2026-03-20 15:25:00+00:00,247.98500061035156,248.38499450683594,247.85000610351562,248.1999969482422,191587,247.8610081100464,248.1089931106567
2026-03-20 15:30:00+00:00,248.22740173339844,248.32000732421875,247.86000061035156,247.9499969482422,153512,248.10328803253176,248.3515154342651
2026-03-20 15:35:00+00:00,247.98500061035156,248.24000549316406,247.91009521484375,248.22000122070312,146441,247.8610081100464,248.1089931106567
2026-03-20 15:40:00+00:00,248.30999755859375,248.32000732421875,247.8800048828125,247.94000244140625,186786,248.18584255981446,248.43415255737304
2026-03-20 15:45:00+00:00,248.27999877929688,248.47000122070312,248.125,248.3000030517578,189338,248.15585877990725,248.4041387786865
2026-03-20 15:50:00+00:00,248.86000061035156,248.86920166015625,248.2100067138672,248.27999877929688,205175,248.7355706100464,248.98443061065672
2026-03-20 15:55:00+00:00,248.80499267578125,248.92999267578125,248.67999267578125,248.8300018310547,185923,248.68059017944339,248.92939517211911
2026-03-20 16:00:00+00:00,248.94810485839844,249.05999755859375,248.75999450683594,248.82949829101562,159567,248.82363080596926,249.07257891082762
2026-03-20 16:05:00+00:00,248.69000244140625,248.9001007080078,248.55999755859375,248.9001007080078,186882,248.56565744018556,248.81434744262694
2026-03-20 16:10:00+00:00,248.83999633789062,248.97999572753906,248.64010620117188,248.6999969482422,413239,248.7155763397217,248.96441633605954
2026-03-20 16:15:00+00:00,248.72999572753906,248.86000061035156,248.5572052001953,248.8300018310547,703234,248.6056307296753,248.8543607254028
2026-03-20 16:20:00+00:00,248.73500061035156,248.89999389648438,248.5800018310547,248.75999450683594,180945,248.6106331100464,248.85936811065673
2026-03-20 16:25:00+00:00,248.6199951171875,248.85499572753906,248.5601043701172,248.77000427246094,200279,248.49568511962892,248.74430511474608
2026-03-20 16:30:00+00:00,248.24989318847656,248.66000366210938,248.14999389648438,248.6300048828125,199300,248.12576824188233,248.3740181350708
2026-03-20 16:35:00+00:00,248.2100067138672,248.4600067138672,248.14500427246094,248.25,177567,248.08590171051026,248.33411171722412
2026-03-20 16:40:00+00:00,248.41000366210938,248.4499969482422,248.1461944580078,248.1999969482422,134258,248.28579866027835,248.5342086639404
2026-03-20 16:45:00+00:00,248.25999450683594,248.5500030517578,248.2449951171875,248.375,160820,248.13586450958255,248.38412450408933
2026-03-20 16:50:00+00:00,248.32000732421875,248.4600067138672,248.0800018310547,248.27000427246094,350431,248.19584732055665,248.44416732788085
2026-03-20 16:55:00+00:00,248.44000244140625,248.6750030517578,248.2899932861328,248.32000732421875,143214,248.31578244018556,248.56422244262694
2026-03-20 17:00:00+00:00,248.69000244140625,248.75,248.4199981689453,248.4600067138672,178987,248.56565744018556,248.81434744262694
2026-03-20 17:05:00+00:00,248.60499572753906,248.7899932861328,248.2100067138672,248.6699981689453,241807,248.4806932296753,248.72929822540283
2026-03-20 17:10:00+00:00,248.49000549316406,248.6999969482422,248.42999267578125,248.61500549316406,113391,248.3657604904175,248.61425049591062
2026-03-20 17:15:00+00:00,248.3000030517578,248.61000061035156,248.16000366210938,248.47000122070312,575150,248.17585305023195,248.42415305328367
2026-03-20 17:20:00+00:00,248.3800048828125,248.47000122070312,248.25,248.27999877929688,124572,248.2558148803711,248.5041948852539
2026-03-20 17:25:00+00:00,248.27000427246094,248.4550018310547,248.1999969482422,248.3000030517578,170665,248.1458692703247,248.39413927459717
2026-03-20 17:30:00+00:00,247.89999389648438,248.3800048828125,247.8000030517578,248.2899932861328,198151,247.77604389953615,248.0239438934326
2026-03-20 17:35:00+00:00,247.8800048828125,248.0,247.5301055908203,247.8800048828125,217695,247.7560648803711,248.0039448852539
2026-03-20 17:40:00+00:00,247.85000610351562,248.0570068359375,247.77999877929688,247.83999633789062,450419,247.7260811004639,247.97393110656736
2026-03-20 17:45:00+00:00,247.7949981689453,247.91000366210938,247.64999389648438,247.8800048828125,185023,247.67110066986086,247.91889566802976
2026-03-20 17:50:00+00:00,248.10499572753906,248.1864013671875,247.74000549316406,247.77999877929688,194795,247.98094322967532,248.2290482254028
2026-03-20 17:55:00+00:00,248.16000366210938,248.27000427246094,248.02999877929688,248.1300048828125,238128,248.03592366027834,248.2840836639404
2026-03-20 18:00:00+00:00,248.35000610351562,248.5399932861328,248.1699981689453,248.19000244140625,218145,248.2258311004639,248.47418110656736
2026-03-20 18:05:00+00:00,248.625,248.75990295410156,248.3800048828125,248.38999938964844,556978,248.50068750000003,248.74931249999997
2026-03-20 18:10:00+00:00,248.41000366210938,248.64999389648438,248.31500244140625,248.6199951171875,203184,248.28579866027835,248.5342086639404
2026-03-20 18:15:00+00:00,248.39500427246094,248.4600067138672,248.20849609375,248.4199981689453,141430,248.27080677032473,248.51920177459715
2026-03-20 18:20:00+00:00,247.8489990234375,248.5,247.75999450683594,248.4499969482422,87469,247.7250745239258,247.9729235229492
2026-03-20 18:25:00+00:00,248.0399932861328,248.27000427246094,247.8000030517578,247.87989807128906,203895,247.91597328948976,248.16401328277587
2026-03-20 18:30:00+00:00,248.14999389648438,248.17999267578125,247.80999755859375,248.08999633789062,215280,248.02591889953615,248.2740688934326
2026-03-20 18:35:00+00:00,247.9600067138672,248.27000427246094,247.9199981689453,248.14999389648438,515765,247.83602671051025,248.08398671722412
2026-03-20 18:40:00+00:00,247.94500732421875,248.05760192871094,247.80999755859375,247.9600067138672,211782,247.82103482055666,248.06897982788084
2026-03-20 18:45:00+00:00,247.7100067138672,248.0500030517578,247.61000061035156,247.9499969482422,242997,247.58615171051028,247.8338617172241
2026-03-20 18:50:00+00:00,247.9199981689453,247.97000122070312,247.58999633789062,247.6999969482422,167415,247.79603816986085,248.04395816802977
2026-03-20 18:55:00+00:00,248.4499969482422,248.4499969482422,247.88999938964844,247.91490173339844,329732,248.32577194976807,248.5742219467163
2026-03-20 19:00:00+00:00,248.7100067138672,249.1999053955078,248.47999572753906,248.47999572753906,586518,248.58565171051026,248.8343617172241
2026-03-20 19:05:00+00:00,248.5238037109375,248.75990295410156,248.38999938964844,248.6999969482422,307039,248.39954180908205,248.64806561279295
2026-03-20 19:10:00+00:00,248.2100067138672,248.52499389648438,248.1199951171875,248.52499389648438,333675,248.08590171051026,248.33411171722412
2026-03-20 19:15:00+00:00,248.27000427246094,248.33999633789062,248.02999877929688,248.21499633789062,320280,248.1458692703247,248.39413927459717
2026-03-20 19:20:00+00:00,247.9199981689453,248.3699951171875,247.8800048828125,248.27999877929688,373146,247.79603816986085,248.04395816802977
2026-03-20 19:25:00+00:00,248.08999633789062,248.1999969482422,247.8699951171875,247.9199981689453,391303,247.9659513397217,248.21404133605955
2026-03-20 19:30:00+00:00,247.4001007080078,248.14999389648438,247.3699951171875,248.08999633789062,546519,247.27640065765382,247.5238007583618
2026-03-20 19:35:00+00:00,247.11000061035156,247.4199981689453,246.8300018310547,247.41000366210938,524495,246.9864456100464,247.23355561065674
2026-03-20 19:40:00+00:00,247.72000122070312,247.77999877929688,247.0800018310547,247.11500549316406,586555,247.5961412200928,247.84386122131346
2026-03-20 19:45:00+00:00,247.89700317382812,248.0,247.50999450683594,247.7100067138672,627277,247.77305467224122,248.02095167541503
2026-03-20 19:50:00+00:00,247.19000244140625,247.94000244140625,246.0,247.92999267578125,1480670,247.06640744018557,247.31359744262693
2026-03-20 19:55:00+00:00,248.19000244140625,248.1999969482422,247.23500061035156,247.30999755859375,2600569,248.06590744018555,248.31409744262695
2026-03-23 13:30:00+00:00,251.52000427246094,254.55999755859375,251.36000061035156,253.99000549316406,3800946,251.39424427032472,251.64576427459716
2026-03-23 13:35:00+00:00,253.1999969482422,253.5,251.44009399414062,251.5399932861328,686788,253.07339694976807,253.3265969467163
2026-03-23 13:40:00+00:00,253.30999755859375,254.25,252.64999389648438,253.19000244140625,726061,253.18334255981446,253.43665255737304
2026-03-23 13:45:00+00:00,252.88499450683594,253.58999633789062,252.25999450683594,253.36000061035156,655753,252.75855200958253,253.01143700408934
2026-03-23 13:50:00+00:00,252.75999450683594,253.0800018310547,252.61000061035156,252.8699951171875,467964,252.63361450958254,252.88637450408933
2026-03-23 13:55:00+00:00,252.0449981689453,252.76849365234375,251.80999755859375,252.69000244140625,435911,251.91897566986086,252.17102066802977
2026-03-23 14:00:00+00:00,251.3800048828125,252.11000061035156,251.27999877929688,252.07000732421875,568370,251.2543148803711,251.5056948852539
2026-03-23 14:05:00+00:00,251.62989807128906,251.81500244140625,251.02000427246094,251.36000061035156,391050,251.50408312225343,251.7557130203247
2026-03-23 14:10:00+00:00,252.13999938964844,252.22500610351562,251.49000549316406,251.6199951171875,644739,252.01392938995363,252.26606938934324
2026-03-23 14:15:00+00:00,252.5500030517578,252.69000244140625,252.05079650878906,252.14999389648438,402951,252.42372805023194,252.67627805328368
2026-03-23 14:20:00+00:00,252.66000366210938,253.0050048828125,252.43809509277344,252.5850067138672,388856,252.53367366027834,252.7863336639404
2026-03-23 14:25:00+00:00,252.4398956298828,252.73500061035156,252.30499267578125,252.64999389648438,295275,252.3136756820679,252.56611557769773
2026-03-23 14:30:00+00:00,252.4600067138672,252.55999755859375,251.93089294433594,252.4199981689453,307016,252.33377671051028,252.5862367172241
2026-03-23 14:35:00+00:00,252.14999389648438,252.6999969482422,251.99000549316406,252.49000549316406,304555,252.02391889953614,252.2760688934326
2026-03-23 14:40:00+00:00,251.9499969482422,252.14500427246094,251.6699981689453,252.1199951171875,261715,251.82402194976808,252.0759719467163
2026-03-23 14:45:00+00:00,252.4499969482422,252.61000061035156,251.52999877929688,251.92999267578125,288876,252.3237719497681,252.5762219467163
2026-03-23 14:50:00+00:00,252.2716064453125,252.47999572753906,252.10000610351562,252.44000244140625,216452,252.14547064208986,252.39774224853514
2026-03-23 14:55:00+00:00,252.10499572753906,252.38999938964844,252.0800018310547,252.30999755859375,162214,251.9789432296753,252.23104822540282
2026-03-23 15:00:00+00:00,252.7899932861328,252.85989379882812,251.9199981689453,252.11000061035156,396913,252.66359828948976,252.91638828277587
2026-03-23 15:05:00+00:00,252.6999969482422,252.85000610351562,252.41000366210938,252.80499267578125,236614,252.5736469497681,252.82634694671628
2026-03-23 15:10:00+00:00,252.7100067138672,252.9199981689453,252.6199951171875,252.69500732421875,221990,252.58365171051028,252.8363617172241
2026-03-23 15:15:00+00:00,252.2100067138672,252.74989318847656,252.1999969482422,252.72999572753906,259062,252.08390171051028,252.3361117172241
2026-03-23 15:20:00+00:00,252.6699981689453,252.7698974609375,252.0500030517578,252.1999969482422,486408,252.54366316986085,252.79633316802978
2026-03-23 15:25:00+00:00,252.57989501953125,252.6999969482422,252.25999450683594,252.6699981689453,252822,252.4536050720215,252.706184967041
2026-03-23 15:30:00+00:00,252.78500366210938,252.85000610351562,252.58999633789062,252.58999633789062,409688,252.65861116027833,252.91139616394042
2026-03-23 15:35:00+00:00,252.42999267578125,252.8000030517578,252.3249969482422,252.75999450683594,743210,252.30377767944339,252.55620767211911
2026-03-23 15:40:00+00:00,252.72000122070312,252.90499877929688,252.42999267578125,252.42999267578125,314078,252.5936412200928,252.84636122131346
2026-03-23 15:45:00+00:00,252.52499389648438,252.72500610351562,252.22999572753906,252.72500610351562,309504,252.39873139953616,252.6512563934326
2026-03-23 15:50:00+00:00,251.89999389648438,252.74000549316406,251.85000610351562,252.57000732421875,360331,251.77404389953614,252.0259438934326
2026-03-23 15:55:00+00:00,251.5800018310547,251.9600067138672,251.55999755859375,251.89999389648438,396332,251.45421183013917,251.7057918319702
2026-03-23 16:00:00+00:00,251.9875946044922,252.36000061035156,251.52999877929688,251.5500030517578,407000,251.86160080718994,252.11358840179443
2026-03-23 16:05:00+00:00,252.22999572753906,252.3699951171875,251.8699951171875,251.97000122070312,337260,252.1038807296753,252.35611072540283
2026-03-23 16:10:00+00:00,252.1898956298828,252.41000366210938,252.10000610351562,252.2100067138672,213092,252.0638006820679,252.31599057769773
2026-03-23 16:15:00+00:00,251.64999389648438,252.35000610351562,251.625,252.1699981689453,234954,251.52416889953614,251.77581889343261
2026-03-23 16:20:00+00:00,251.30999755859375,251.88999938964844,251.2100067138672,251.66000366210938,375488,251.18434255981447,251.43565255737303
2026-03-23 16:25:00+00:00,250.80499267578125,251.3249969482422,250.6750030517578,251.32000732421875,330155,250.67959017944338,250.93039517211912
2026-03-23 16:30:00+00:00,251.1649932861328,251.1699981689453,250.6999969482422,250.80999755859375,249632,251.03941078948975,251.29057578277587
2026-03-23 16:35:00+00:00,251.42990112304688,251.75,251.02999877929688,251.17999267578125,369206,251.30418617248537,251.55561607360838
2026-03-23 16:40:00+00:00,251.41000366210938,251.6199951171875,251.19000244140625,251.34010314941406,255789,251.28429866027832,251.53570866394043
2026-03-23 16:45:00+00:00,251.47999572753906,251.6750030517578,251.2100067138672,251.39999389648438,164281,251.35425572967532,251.6057357254028
2026-03-23 16:50:00+00:00,251.22000122070312,251.5800018310547,250.97000122070312,251.4499969482422,206861,251.09439122009277,251.34561122131348
2026-03-23 16:55:00+00:00,251.0449981689453,251.4799041748047,250.8699951171875,251.1999969482422,161130,250.91947566986084,251.17052066802978
2026-03-23 17:00:00+00:00,250.60000610351562,251.27999877929688,250.58900451660156,251.11000061035156,228184,250.4747061004639,250.72530610656736
2026-03-23 17:05:00+00:00,250.96009826660156,251.03509521484375,250.56500244140625,250.60000610351562,218881,250.8346182174683,251.08557831573484
2026-03-23 17:10:00+00:00,250.52999877929688,251.1699981689453,250.5,250.94000244140625,191035,250.40473377990725,250.6552637786865
2026-03-23 17:15:00+00:00,250.65499877929688,250.74000549316406,250.3699951171875,250.52999877929688,197800,250.52967127990723,250.78032627868652
2026-03-23 17:20:00+00:00,250.6898956298828,250.74000549316406,250.27999877929688,250.63999938964844,176517,250.56455068206787,250.81524057769775
2026-03-23 17:25:00+00:00,250.9199981689453,251.10000610351562,250.7050018310547,250.7050018310547,149715,250.79453816986086,251.04545816802977
2026-03-23 17:30:00+00:00,251.38999938964844,251.50999450683594,250.89999389648438,250.9550018310547,237916,251.26430438995362,251.51569438934325
2026-03-23 17:35:00+00:00,251.5449981689453,251.6699981689453,251.27999877929688,251.44000244140625,252600,251.41922566986085,251.67077066802977
2026-03-23 17:40:00+00:00,251.08999633789062,251.55999755859375,250.9600067138672,251.55999755859375,171170,250.9644513397217,251.21554133605954
2026-03-23 17:45:00+00:00,251.2100067138672,251.23500061035156,250.99000549316406,251.10000610351562,206871,251.08440171051026,251.3356117172241
2026-03-23 17:50:00+00:00,251.52999877929688,251.64999389648438,251.16009521484375,251.17999267578125,232104,251.40423377990723,251.65576377868652
2026-03-23 17:55:00+00:00,251.8699951171875,251.92999267578125,251.49000549316406,251.52000427246094,188877,251.74406011962893,251.99593011474607
2026-03-23 18:00:00+00:00,251.77999877929688,251.98500061035156,251.60499572753906,251.875,176428,251.65410877990723,251.90588877868652
2026-03-23 18:05:00+00:00,251.4398956298828,251.85000610351562,251.22000122070312,251.7899932861328,250257,251.31417568206788,251.56561557769774
2026-03-23 18:10:00+00:00,251.4199981689453,251.64999389648438,251.39999389648438,251.42999267578125,201825,251.29428816986086,251.54570816802976
2026-03-23 18:15:00+00:00,251.3699951171875,251.51950073242188,251.1999969482422,251.4600067138672,215397,251.24431011962892,251.49568011474608
2026-03-23 18:20:00+00:00,251.3699951171875,251.4196014404297,251.1999969482422,251.36000061035156,169811,251.24431011962892,251.49568011474608
2026-03-23 18:25:00+00:00,251.3300018310547,251.5500030517578,251.27999877929688,251.36000061035156,219902,251.20433683013917,251.4556668319702
2026-03-23 18:30:00+00:00,251.80499267578125,251.85000610351562,251.3699951171875,251.3699951171875,259956,251.67909017944336,251.93089517211914
2026-03-23 18:35:00+00:00,251.67999267578125,252.1199951171875,251.5800018310547,251.8300018310547,380584,251.55415267944338,251.80583267211912
2026-03-23 18:40:00+00:00,251.80499267578125,251.88999938964844,251.58999633789062,251.67999267578125,246636,251.67909017944336,251.93089517211914
2026-03-23 18:45:00+00:00,252.1699981689453,252.25,251.75999450683594,251.7899932861328,247757,252.04391316986084,252.29608316802978
2026-03-23 18:50:00+00:00,252.19000244140625,252.22999572753906,251.82000732421875,252.1649932861328,230914,252.06390744018557,252.31609744262693
2026-03-23 18:55:00+00:00,252.32000732421875,252.4149932861328,252.19000244140625,252.19000244140625,211363,252.19384732055664,252.44616732788086
2026-03-23 19:00:00+00:00,252.21009826660156,252.3699951171875,252.19000244140625,252.30999755859375,199522,252.08399321746828,252.33620331573485
2026-03-23 19:05:00+00:00,252.02200317382812,252.33999633789062,251.88999938964844,252.2100067138672,242300,251.89599217224122,252.14801417541503
2026-03-23 19:10:00+00:00,251.9499969482422,252.07000732421875,251.85499572753906,252.0449981689453,257485,251.82402194976808,252.0759719467163
2026-03-23 19:15:00+00:00,251.9698944091797,251.98500061035156,251.80999755859375,251.94000244140625,204456,251.8439094619751,252.09587935638427
2026-03-23 19:20:00+00:00,251.8699951171875,252.0,251.81500244140625,251.97999572753906,217778,251.74406011962893,251.99593011474607
2026-03-23 19:25:00+00:00,251.76499938964844,251.97999572753906,251.6199951171875,251.88999938964844,280616,251.63911688995364,251.89088188934323
2026-03-23 19:30:00+00:00,251.86000061035156,251.9499969482422,251.7187042236328,251.76499938964844,231014,251.7340706100464,251.98593061065674
2026-03-23 19:35:00+00:00,252.05999755859375,252.10000610351562,251.80999755859375,251.8800048828125,216071,251.93396755981448,252.18602755737302
2026-03-23 19:40:00+00:00,252.4199981689453,252.4199981689453,252.0,252.06399536132812,310932,252.29378816986085,252.54620816802978
2026-03-23 19:45:00+00:00,252.47500610351562,252.52499389648438,252.35000610351562,252.4199981689453,383788,252.34876860046387,252.60124360656738
2026-03-23 19:50:00+00:00,251.58999633789062,252.49000549316406,251.52999877929688,252.44000244140625,940458,251.46420133972168,251.71579133605957
2026-03-23 19:55:00+00:00,251.44000244140625,251.8699951171875,250.97000122070312,251.60000610351562,2291040,251.31428244018556,251.56572244262694
2026-03-24 13:30:00+00:00,251.2100067138672,251.4499053955078,249.5500030517578,250.49000549316406,1587478,251.08440171051026,251.3356117172241
2026-03-24 13:35:00+00:00,251.38999938964844,251.99000549316406,250.80999755859375,251.3000030517578,421640,251.26430438995362,251.51569438934325
2026-03-24 13:40:00+00:00,251.67999267578125,252.07000732421875,251.07000732421875,251.3704071044922,480120,251.55415267944338,251.80583267211912
2026-03-24 13:45:00+00:00,251.66000366210938,252.1699981689453,251.33999633789062,251.69000244140625,420411,251.53417366027833,251.78583366394042
2026-03-24 13:50:00+00:00,251.22999572753906,252.10000610351562,251.1699981689453,251.65499877929688,254946,251.1043807296753,251.3556107254028
2026-03-24 13:55:00+00:00,251.64999389648438,251.9398956298828,251.1999969482422,251.24000549316406,266821,251.52416889953614,251.77581889343261
2026-03-24 14:00:00+00:00,252.1407928466797,252.25,251.61500549316406,251.63999938964844,270662,252.01472245025636,252.26686324310302
2026-03-24 14:05:00+00:00,253.01010131835938,253.0500030517578,252.0500030517578,252.1699981689453,351835,252.8835962677002,253.13660636901855
2026-03-24 14:10:00+00:00,252.72999572753906,253.1199951171875,252.47999572753906,253.03990173339844,337929,252.6036307296753,252.85636072540282
2026-03-24 14:15:00+00:00,252.63999938964844,252.9199981689453,252.28500366210938,252.75,288850,252.51367938995364,252.76631938934324
2026-03-24 14:20:00+00:00,252.55999755859375,252.99000549316406,252.48199462890625,252.6199951171875,315134,252.43371755981445,252.68627755737305
2026-03-24 14:25:00+00:00,252.47000122070312,253.11570739746094,252.36000061035156,252.5500030517578,328846,252.3437662200928,252.59623622131346
2026-03-24 14:30:00+00:00,252.64999389648438,252.86000061035156,252.38999938964844,252.44000244140625,205093,252.52366889953615,252.7763188934326
2026-03-24 14:35:00+00:00,252.38999938964844,252.74989318847656,252.1750030517578,252.63999938964844,328018,252.26380438995363,252.51619438934324
2026-03-24 14:40:00+00:00,252.47000122070312,252.56629943847656,252.22000122070312,252.3800048828125,201309,252.3437662200928,252.59623622131346
2026-03-24 14:45:00+00:00,252.39500427246094,252.74000549316406,252.3000030517578,252.44000244140625,243255,252.26880677032472,252.52120177459716
2026-03-24 14:50:00+00:00,252.89990234375,253.30999755859375,252.22500610351562,252.3699951171875,580569,252.77345239257815,253.02635229492185
2026-03-24 14:55:00+00:00,252.11000061035156,253.16000366210938,251.74000549316406,252.89999389648438,555255,251.9839456100464,252.23605561065673
2026-03-24 15:00:00+00:00,252.72000122070312,252.89999389648438,252.05999755859375,252.10000610351562,288839,252.5936412200928,252.84636122131346
2026-03-24 15:05:00+00:00,253.33999633789062,253.41000366210938,252.62010192871094,252.6999969482422,433746,253.2133263397217,253.46666633605955
2026-03-24 15:10:00+00:00,253.75,253.80999755859375,253.1649932861328,253.3300018310547,443000,253.62312500000002,253.87687499999998
2026-03-24 15:15:00+00:00,253.9550018310547,254.1699981689453,253.72500610351562,253.75999450683594,614676,253.8280243301392,254.0819793319702
2026-03-24 15:20:00+00:00,253.8101043701172,253.97999572753906,253.63999938964844,253.97999572753906,294487,253.68319931793215,253.93700942230222
2026-03-24 15:25:00+00:00,253.98500061035156,254.02499389648438,253.7100067138672,253.80999755859375,236952,253.8580081100464,254.11199311065673
2026-03-24 15:30:00+00:00,254.08009338378906,254.32000732421875,253.82400512695312,253.97999572753906,246530,253.95305333709717,254.20713343048095
2026-03-24 15:35:00+00:00,254.1116943359375,254.22000122070312,253.95899963378906,254.10000610351562,144378,253.98463848876955,254.23875018310545
2026-03-24 15:40:00+00:00,254.2550048828125,254.30999755859375,254.02999877929688,254.10000610351562,153749,254.1278773803711,254.3821323852539
2026-03-24 15:45:00+00:00,254.4799041748047,254.47999572753906,254.19000244140625,254.25050354003906,270817,254.3526642227173,254.60714412689208
2026-03-24 15:50:00+00:00,254.1009979248047,254.69000244140625,254.10000610351562,254.5,293443,253.9739474258423,254.22804842376706
2026-03-24 15:55:00+00:00,253.8699951171875,254.1092987060547,253.66000366210938,254.07000732421875,249191,253.74306011962892,253.99693011474608
2026-03-24 16:00:00+00:00,253.52999877929688,253.97999572753906,253.47999572753906,253.88499450683594,243670,253.40323377990725,253.6567637786865
2026-03-24 16:05:00+00:00,253.63999938964844,253.6699981689453,253.38999938964844,253.5500030517578,160817,253.51317938995362,253.76681938934325
2026-03-24 16:10:00+00:00,253.53500366210938,253.67999267578125,253.38490295410156,253.63999938964844,223758,253.40823616027834,253.66177116394041
2026-03-24 16:15:00+00:00,254.1999969482422,254.1999969482422,253.52000427246094,253.5500030517578,324278,254.07289694976808,254.3270969467163
2026-03-24 16:20:00+00:00,254.5399932861328,254.67999267578125,254.0399932861328,254.19000244140625,255087,254.41272328948975,254.66726328277588
2026-03-24 16:25:00+00:00,254.58999633789062,254.8249969482422,254.4207000732422,254.55999755859375,334467,254.4627013397217,254.71729133605956
2026-03-24 16:30:00+00:00,254.3000030517578,254.7100067138672,254.3000030517578,254.59689331054688,202552,254.17285305023194,254.4271530532837
2026-03-24 16:35:00+00:00,253.6699981689453,254.30999755859375,253.66000366210938,254.3000030517578,216350,253.54316316986086,253.79683316802976
2026-03-24 16:40:00+00:00,253.65499877929688,253.77999877929688,253.5211944580078,253.6750030517578,230538,253.52817127990724,253.7818262786865
2026-03-24 16:45:00+00:00,253.6699981689453,253.91000366210938,253.5,253.66000366210938,219763,253.54316316986086,253.79683316802976
2026-03-24 16:50:00+00:00,253.6300048828125,253.8300018310547,253.55999755859375,253.64999389648438,120390,253.5031898803711,253.7568198852539
2026-03-24 16:55:00+00:00,253.64999389648438,253.7346954345703,253.39999389648438,253.58999633789062,128196,253.52316889953616,253.7768188934326
2026-03-24 17:00:00+00:00,253.23399353027344,253.83999633789062,253.22000122070312,253.63009643554688,223417,253.1073765335083,253.36061052703857
2026-03-24 17:05:00+00:00,253.0399932861328,253.25,252.86500549316406,253.22000122070312,292207,252.91347328948976,253.16651328277587
2026-03-24 17:10:00+00:00,252.99000549316406,253.1999969482422,252.8800048828125,253.05999755859375,177444,252.8635104904175,253.11650049591063
2026-03-24 17:15:00+00:00,252.85000610351562,253.02999877929688,252.76800537109375,252.99000549316406,162640,252.7235811004639,252.97643110656736
2026-03-24 17:20:00+00:00,252.9600067138672,253.07000732421875,252.76499938964844,252.84500122070312,146195,252.83352671051026,253.08648671722412
2026-03-24 17:25:00+00:00,253.05999755859375,253.07000732421875,252.7899932861328,252.94500732421875,134641,252.93346755981446,253.18652755737304
2026-03-24 17:30:00+00:00,252.99020385742188,253.5399932861328,252.94009399414062,253.0500030517578,205598,252.86370875549318,253.11669895935057
2026-03-24 17:35:00+00:00,252.8800048828125,253.0749969482422,252.77000427246094,252.97999572753906,130247,252.7535648803711,253.0064448852539
2026-03-24 17:40:00+00:00,252.41000366210938,252.9199981689453,252.2949981689453,252.8699951171875,330468,252.28379866027834,252.5362086639404
2026-03-24 17:45:00+00:00,252.43209838867188,252.55999755859375,252.3249969482422,252.4149932861328,144736,252.30588233947756,252.5583144378662
2026-03-24 17:50:00+00:00,252.78500366210938,252.8300018310547,252.36000061035156,252.41000366210938,181956,252.65861116027833,252.91139616394042
2026-03-24 17:55:00+00:00,253.2100067138672,253.25999450683594,252.69000244140625,252.75120544433594,368159,253.08340171051026,253.33661171722412
2026-03-24 18:00:00+00:00,252.9550018310547,253.5,252.88999938964844,253.2100067138672,197025,252.82852433013917,253.0814793319702
2026-03-24 18:05:00+00:00,252.75,253.02999877929688,252.7100067138672,252.94000244140625,124171,252.623625,252.876375
2026-03-24 18:10:00+00:00,252.75,252.89500427246094,252.66000366210938,252.7449951171875,113679,252.623625,252.876375
2026-03-24 18:15:00+00:00,252.6999969482422,252.7899932861328,252.3800048828125,252.72000122070312,237173,252.5736469497681,252.82634694671628
2026-03-24 18:20:00+00:00,252.52000427246094,252.75999450683594,252.42999267578125,252.7050018310547,151311,252.39374427032473,252.64626427459714
2026-03-24 18:25:00+00:00,252.57000732421875,252.86500549316406,252.4499969482422,252.50999450683594,278506,252.44372232055665,252.69629232788085
2026-03-24 18:30:00+00:00,252.47999572753906,252.85000610351562,252.3800048828125,252.58999633789062,197311,252.3537557296753,252.60623572540283
2026-03-24 18:35:00+00:00,253.0198974609375,253.05999755859375,252.4600067138672,252.47000122070312,207719,252.89338751220706,253.14640740966794
2026-03-24 18:40:00+00:00,252.4949951171875,252.97999572753906,252.2299041748047,252.97000122070312,239385,252.36874761962892,252.62124261474608
2026-03-24 18:45:00+00:00,252.46009826660156,252.69000244140625,252.23500061035156,252.52000427246094,265303,252.33386821746828,252.58632831573485
2026-03-24 18:50:00+00:00,252.51499938964844,252.7899932861328,252.42010498046875,252.47500610351562,185844,252.38874188995362,252.64125688934325
2026-03-24 18:55:00+00:00,252.4250030517578,252.5500030517578,252.25,252.49000549316406,137501,252.29879055023196,252.55121555328367
2026-03-24 19:00:00+00:00,252.6999969482422,252.91000366210938,252.406005859375,252.4199981689453,157347,252.5736469497681,252.82634694671628
2026-03-24 19:05:00+00:00,252.9600067138672,252.99000549316406,252.55999755859375,252.6699981689453,143984,252.83352671051026,253.08648671722412
2026-03-24 19:10:00+00:00,253.0800018310547,253.1501007080078,252.91000366210938,252.9499969482422,176650,252.95346183013916,253.2065418319702
2026-03-24 19:15:00+00:00,252.74000549316406,253.0749969482422,252.6591033935547,253.02999877929688,178439,252.6136354904175,252.86637549591063
2026-03-24 19:20:00+00:00,252.55999755859375,252.77000427246094,252.48500061035156,252.74000549316406,185726,252.43371755981445,252.68627755737305
2026-03-24 19:25:00+00:00,252.089599609375,252.5800018310547,252.0800018310547,252.57000732421875,174454,251.96355480957033,252.21564440917967
2026-03-24 19:30:00+00:00,251.7449951171875,252.1300048828125,251.6649932861328,252.08990478515625,255065,251.6191226196289,251.8708676147461
2026-03-24 19:35:00+00:00,251.43499755859375,251.8000030517578,251.38040161132812,251.77000427246094,297270,251.30928005981445,251.56071505737305
2026-03-24 19:40:00+00:00,251.47999572753906,251.6699981689453,251.3000030517578,251.43499755859375,892833,251.35425572967532,251.6057357254028
2026-03-24 19:45:00+00:00,251.5399932861328,251.5500030517578,251.22000122070312,251.4600067138672,398774,251.41422328948977,251.66576328277586
2026-03-24 19:50:00+00:00,251.63999938964844,251.64990234375,251.2899932861328,251.5399932861328,393785,251.51417938995363,251.76581938934325
2026-03-24 19:55:00+00:00,251.75,251.77000427246094,251.35000610351562,251.61000061035156,1346030,251.62412500000002,251.87587499999998
2026-03-25 13:30:00+00:00,254.02999877929688,254.97999572753906,253.9499969482422,254.02000427246094,1375617,253.90298377990723,254.15701377868652
2026-03-25 13:35:00+00:00,254.0399932861328,254.9049072265625,254.00999450683594,254.0500030517578,496540,253.91297328948977,254.16701328277586
2026-03-25 13:40:00+00:00,253.52000427246094,254.14999389648438,253.5,254.02999877929688,366269,253.39324427032471,253.64676427459716
2026-03-25 13:45:00+00:00,252.43499755859375,253.60000610351562,252.38999938964844,253.5,329573,252.30878005981447,252.56121505737303
2026-03-25 13:50:00+00:00,252.33999633789062,252.85000610351562,252.24000549316406,252.41000366210938,486735,252.2138263397217,252.46616633605956
2026-03-25 13:55:00+00:00,251.8800048828125,252.5399932861328,251.8300018310547,252.38999938964844,483694,251.75406488037112,252.00594488525388
2026-03-25 14:00:00+00:00,252.03500366210938,252.2100067138672,251.60000610351562,251.88999938964844,377929,251.90898616027835,252.1610211639404
2026-03-25 14:05:00+00:00,252.22000122070312,252.2949981689453,251.92999267578125,252.02999877929688,302455,252.0938912200928,252.34611122131346
2026-03-25 14:10:00+00:00,252.83999633789062,252.84500122070312,252.13059997558594,252.27999877929688,312215,252.7135763397217,252.96641633605955
2026-03-25 14:15:00+00:00,252.57000732421875,252.8800048828125,252.47000122070312,252.8300018310547,226316,252.44372232055665,252.69629232788085
2026-03-25 14:20:00+00:00,252.25010681152344,252.72999572753906,252.25,252.5449981689453,223675,252.12398175811768,252.3762318649292
2026-03-25 14:25:00+00:00,252.86000061035156,252.9600067138672,252.17999267578125,252.26499938964844,271182,252.7335706100464,252.98643061065673
2026-03-25 14:30:00+00:00,253.08009338378906,253.08999633789062,252.60000610351562,252.8699951171875,223123,252.9535533370972,253.20663343048093
2026-03-25 14:35:00+00:00,252.89999389648438,253.1699981689453,252.77999877929688,253.10000610351562,250723,252.77354389953615,253.0264438934326
2026-03-25 14:40:00+00:00,253.27000427246094,253.36270141601562,252.8000030517578,252.89500427246094,270080,253.1433692703247,253.39663927459716
2026-03-25 14:45:00+00:00,253.52000427246094,253.57000732421875,253.25999450683594,253.25999450683594,271167,253.39324427032471,253.64676427459716
2026-03-25 14:50:00+00:00,253.4600067138672,253.6699981689453,253.42999267578125,253.5050048828125,251531,253.33327671051026,253.5867367172241
2026-03-25 14:55:00+00:00,253.4199981689453,253.5800018310547,253.32000732421875,253.47999572753906,236193,253.29328816986086,253.54670816802977
2026-03-25 15:00:00+00:00,253.52999877929688,253.6488037109375,253.36500549316406,253.42250061035156,194730,253.40323377990725,253.6567637786865
2026-03-25 15:05:00+00:00,253.4199981689453,253.5800018310547,253.11000061035156,253.5399932861328,225103,253.29328816986086,253.54670816802977
2026-03-25 15:10:00+00:00,253.75,253.9499969482422,253.48500061035156,253.48500061035156,301257,253.62312500000002,253.87687499999998
2026-03-25 15:15:00+00:00,253.80499267578125,253.92999267578125,252.97999572753906,253.74000549316406,578404,253.6780901794434,253.9318951721191
2026-03-25 15:20:00+00:00,254.1199951171875,254.25,253.6199951171875,253.80999755859375,410923,253.99293511962892,254.24705511474608
2026-03-25 15:25:00+00:00,254.2449951171875,254.2899932861328,253.84010314941406,254.139892578125,198387,254.1178726196289,254.3721176147461
2026-03-25 15:30:00+00:00,254.24920654296875,254.4600067138672,254.1199951171875,254.24000549316406,247620,254.12208193969727,254.37633114624023
2026-03-25 15:35:00+00:00,254.02000427246094,254.27000427246094,253.9600067138672,254.26499938964844,263755,253.89299427032472,254.14701427459715
2026-03-25 15:40:00+00:00,253.72000122070312,254.0800018310547,253.64999389648438,254.02000427246094,194655,253.59314122009278,253.84686122131347
2026-03-25 15:45:00+00:00,253.69500732421875,253.85499572753906,253.60000610351562,253.68499755859375,168275,253.56815982055664,253.82185482788086
2026-03-25 15:50:00+00:00,253.5050048828125,253.9499969482422,253.3800048828125,253.75,226376,253.3782523803711,253.6317573852539
2026-03-25 15:55:00+00:00,253.5,253.75999450683594,253.47999572753906,253.5500030517578,185670,253.37325,253.62675
2026-03-25 16:00:00+00:00,253.2449951171875,253.50999450683594,253.1999969482422,253.50999450683594,196371,253.11837261962893,253.37161761474607
2026-03-25 16:05:00+00:00,253.47000122070312,253.55999755859375,253.08999633789062,253.22000122070312,136084,253.3432662200928,253.59673622131345
2026-03-25 16:10:00+00:00,253.5050048828125,253.5399932861328,253.32000732421875,253.47000122070312,125218,253.3782523803711,253.6317573852539
2026-03-25 16:15:00+00:00,253.47999572753906,253.60000610351562,253.44000244140625,253.5399932861328,116988,253.3532557296753,253.6067357254028
2026-03-25 16:20:00+00:00,254.0399932861328,254.1699981689453,253.44000244140625,253.49000549316406,177482,253.91297328948977,254.16701328277586
2026-03-25 16:25:00+00:00,253.9250030517578,254.1300048828125,253.82000732421875,254.1199951171875,246355,253.79804055023195,254.05196555328368
2026-03-25 16:30:00+00:00,254.4709930419922,254.64999389648438,253.86000061035156,254.0,282613,254.3437575454712,254.59822853851318
2026-03-25 16:35:00+00:00,254.38499450683594,254.5749969482422,254.27000427246094,254.47000122070312,320883,254.25780200958252,254.51218700408936
2026-03-25 16:40:00+00:00,254.25999450683594,254.41000366210938,254.16000366210938,254.41000366210938,127408,254.13286450958253,254.38712450408934
2026-03-25 16:45:00+00:00,254.1999969482422,254.35000610351562,254.16000366210938,254.27999877929688,125858,254.07289694976808,254.3270969467163
2026-03-25 16:50:00+00:00,254.2550048828125,254.2899932861328,254.02000427246094,254.2100067138672,153718,254.1278773803711,254.3821323852539
2026-03-25 16:55:00+00:00,254.23989868164062,254.38999938964844,254.1199951171875,254.27000427246094,119716,254.11277873229983,254.36701863098142
2026-03-25 17:00:00+00:00,254.25999450683594,254.41000366210938,254.0,254.2100067138672,230801,254.13286450958253,254.38712450408934
2026-03-25 17:05:00+00:00,253.85499572753906,254.27999877929688,253.85499572753906,254.27499389648438,194871,253.7280682296753,253.98192322540282
2026-03-25 17:10:00+00:00,254.05999755859375,254.20989990234375,253.7899932861328,253.86500549316406,133978,253.93296755981447,254.18702755737303
2026-03-25 17:15:00+00:00,253.92990112304688,254.02000427246094,253.74000549316406,253.97999572753906,137880,253.80293617248537,254.05686607360838
2026-03-25 17:20:00+00:00,253.92999267578125,254.00999450683594,253.86000061035156,253.9199981689453,138738,253.80302767944337,254.05695767211913
2026-03-25 17:25:00+00:00,254.14500427246094,254.33099365234375,253.91009521484375,253.94000244140625,157261,254.0179317703247,254.27207677459717
2026-03-25 17:30:00+00:00,254.16000366210938,254.3000030517578,253.97999572753906,254.1199951171875,181903,254.03292366027833,254.28708366394042
2026-03-25 17:35:00+00:00,254.17999267578125,254.3000030517578,254.0500030517578,254.1699981689453,134412,254.05290267944338,254.30708267211912
2026-03-25 17:40:00+00:00,254.33999633789062,254.50999450683594,254.07000732421875,254.1699981689453,212992,254.2128263397217,254.46716633605956
2026-03-25 17:45:00+00:00,254.02000427246094,254.39500427246094,254.0,254.39500427246094,150154,253.89299427032472,254.14701427459715
2026-03-25 17:50:00+00:00,253.9250030517578,254.39999389648438,253.83999633789062,254.0399932861328,153310,253.79804055023195,254.05196555328368
2026-03-25 17:55:00+00:00,253.97000122070312,254.3300018310547,253.85989379882812,253.88999938964844,199490,253.84301622009278,254.09698622131347
2026-03-25 18:00:00+00:00,253.9250030517578,254.0500030517578,253.8699951171875,253.97000122070312,110552,253.79804055023195,254.05196555328368
2026-03-25 18:05:00+00:00,253.9398956298828,254.1300048828125,253.73500061035156,253.9250030517578,149528,253.81292568206788,254.06686557769774
2026-03-25 18:10:00+00:00,254.08999633789062,254.11000061035156,253.91000366210938,253.92999267578125,107649,253.96295133972168,254.21704133605957
2026-03-25 18:15:00+00:00,254.0399932861328,254.25,253.97999572753906,254.10000610351562,155466,253.91297328948977,254.16701328277586
2026-03-25 18:20:00+00:00,254.2100067138672,254.22000122070312,254.02000427246094,254.02999877929688,101235,254.08290171051027,254.3371117172241
2026-03-25 18:25:00+00:00,253.9600067138672,254.22000122070312,253.93499755859375,254.19000244140625,106777,253.83302671051027,254.0869867172241
2026-03-25 18:30:00+00:00,253.9600067138672,254.05499267578125,253.9199981689453,253.9499969482422,124959,253.83302671051027,254.0869867172241
2026-03-25 18:35:00+00:00,253.68499755859375,253.9550018310547,253.61000061035156,253.9550018310547,202061,253.55815505981445,253.81184005737305
2026-03-25 18:40:00+00:00,253.4600067138672,253.68499755859375,253.4600067138672,253.67999267578125,206892,253.33327671051026,253.5867367172241
2026-03-25 18:45:00+00:00,253.1649932861328,253.52999877929688,253.11500549316406,253.4600067138672,245596,253.03841078948977,253.29157578277585
2026-03-25 18:50:00+00:00,253.32000732421875,253.39999389648438,253.0500030517578,253.17010498046875,229244,253.19334732055665,253.44666732788085
2026-03-25 18:55:00+00:00,252.8000030517578,253.35000610351562,252.6999969482422,253.32000732421875,318473,252.67360305023195,252.92640305328368
2026-03-25 19:00:00+00:00,252.5500030517578,252.7801055908203,252.25999450683594,252.7801055908203,306285,252.42372805023194,252.67627805328368
2026-03-25 19:05:00+00:00,252.6699981689453,252.77999877929688,252.53900146484375,252.53900146484375,179484,252.54366316986085,252.79633316802978
2026-03-25 19:10:00+00:00,252.80999755859375,252.87010192871094,252.610107421875,252.6649932861328,182257,252.68359255981446,252.93640255737304
2026-03-25 19:15:00+00:00,252.93260192871094,253.02999877929688,252.77999877929688,252.8000030517578,189611,252.80613562774658,253.0590682296753
2026-03-25 19:20:00+00:00,252.77000427246094,253.05999755859375,252.6999969482422,252.91000366210938,192364,252.64361927032473,252.89638927459714
2026-03-25 19:25:00+00:00,252.625,252.80999755859375,252.5749969482422,252.77499389648438,171283,252.49868750000002,252.75131249999998
2026-03-25 19:30:00+00:00,252.35000610351562,252.64999389648438,252.3300018310547,252.63499450683594,230929,252.22383110046388,252.47618110656737
2026-03-25 19:35:00+00:00,252.1199951171875,252.3800048828125,252.05999755859375,252.33999633789062,256437,251.99393511962893,252.24605511474607
2026-03-25 19:40:00+00:00,252.1649932861328,252.27000427246094,252.0800018310547,252.11000061035156,270943,252.03891078948976,252.29107578277586
2026-03-25 19:45:00+00:00,252.17999267578125,252.2100067138672,252.00999450683594,252.17999267578125,295366,252.05390267944338,252.30608267211912
2026-03-25 19:50:00+00:00,252.60000610351562,252.71499633789062,252.19000244140625,252.22999572753906,652992,252.4737061004639,252.72630610656736
2026-03-25 19:55:00+00:00,252.57000732421875,252.7100067138672,252.25,252.60000610351562,1351917,252.44372232055665,252.69629232788085
2026-03-26 13:30:00+00:00,251.75259399414062,252.47000122070312,250.77499389648438,251.9949951171875,1320963,251.62671769714356,251.8784702911377
2026-03-26 13:35:00+00:00,251.27999877929688,251.83999633789062,251.2301025390625,251.77000427246094,375023,251.15435877990723,251.40563877868652
2026-03-26 13:40:00+00:00,251.86000061035156,251.92999267578125,251.22999572753906,251.2949981689453,452678,251.7340706100464,251.98593061065674
2026-03-26 13:45:00+00:00,252.3300018310547,252.4499969482422,251.80999755859375,251.86000061035156,332897,252.20383683013918,252.4561668319702
2026-03-26 13:50:00+00:00,252.84500122070312,252.9499969482422,252.2100067138672,252.39720153808594,487537,252.71857872009278,252.97142372131347
2026-03-26 13:55:00+00:00,253.77000427246094,253.85000610351562,252.73060607910156,252.8300018310547,474764,253.64311927032472,253.89688927459716
2026-03-26 14:00:00+00:00,254.5399932861328,254.60000610351562,253.4600067138672,253.8000030517578,699694,254.41272328948975,254.66726328277588
2026-03-26 14:05:00+00:00,254.27999877929688,254.82969665527344,253.9199981689453,254.52000427246094,600403,254.15285877990723,254.40713877868652
2026-03-26 14:10:00+00:00,255.0500030517578,255.1300048828125,254.22999572753906,254.27999877929688,591299,254.92247805023194,255.17752805328368
2026-03-26 14:15:00+00:00,255.10000610351562,255.55999755859375,254.86000061035156,255.0500030517578,789978,254.9724561004639,255.22755610656736
2026-03-26 14:20:00+00:00,256.0150146484375,256.2099914550781,254.94000244140625,255.08999633789062,716397,255.8870071411133,256.1430221557617
2026-03-26 14:25:00+00:00,255.91000366210938,256.239990234375,255.72000122070312,256.0,503856,255.78204866027832,256.0379586639404
2026-03-26 14:30:00+00:00,256.0108947753906,256.20001220703125,255.8000030517578,255.89999389648438,494374,255.88288932800293,256.1389002227783
2026-03-26 14:35:00+00:00,256.2300109863281,256.260009765625,255.84500122070312,256.0400085449219,402289,256.10189598083497,256.3581259918213
2026-03-26 14:40:00+00:00,256.4100036621094,256.7300109863281,255.85000610351562,256.2300109863281,819713,256.28179866027835,256.5382086639404
2026-03-26 14:45:00+00:00,256.24090576171875,256.8599853515625,255.9499969482422,256.3900146484375,717739,256.1127853088379,256.3690262145996
2026-03-26 14:50:00+00:00,255.9199981689453,256.5299987792969,255.9199981689453,256.2300109863281,378677,255.79203816986086,256.04795816802977
2026-03-26 14:55:00+00:00,256.4700012207031,256.5799865722656,255.50999450683594,255.92999267578125,501744,256.3417662200928,256.59823622131347
2026-03-26 15:00:00+00:00,256.32000732421875,257.0,256.30999755859375,256.44000244140625,506897,256.19184732055663,256.44816732788087
2026-03-26 15:05:00+00:00,256.4419860839844,256.70001220703125,256.07000732421875,256.239990234375,413931,256.3137650909424,256.57020707702634
2026-03-26 15:10:00+00:00,256.1600036621094,256.6000061035156,256.1600036621094,256.4549865722656,300874,256.0319236602783,256.2880836639404
2026-03-26 15:15:00+00:00,255.8300018310547,256.2799987792969,255.7899932861328,256.20001220703125,401860,255.70208683013917,255.9579168319702
2026-03-26 15:20:00+00:00,255.9949951171875,256.17999267578125,255.8300018310547,255.8498992919922,266952,255.86699761962893,256.12299261474607
2026-03-26 15:25:00+00:00,255.67999267578125,256.0450134277344,255.5500946044922,256.010009765625,241323,255.55215267944337,255.80783267211913
2026-03-26 15:30:00+00:00,255.83009338378906,255.88999938964844,255.57000732421875,255.69000244140625,282132,255.7021783370972,255.95800843048093
2026-03-26 15:35:00+00:00,256.57000732421875,256.6099853515625,255.85000610351562,255.85000610351562,374088,256.44172232055666,256.69829232788084
2026-03-26 15:40:00+00:00,256.2200012207031,256.70001220703125,256.1600036621094,256.5899963378906,280647,256.0918912200928,256.34811122131345
2026-03-26 15:45:00+00:00,256.3900146484375,256.54998779296875,256.0400085449219,256.25,300122,256.2618196411133,256.5182096557617
2026-03-26 15:50:00+00:00,256.4901123046875,256.7699890136719,256.30499267578125,256.44000244140625,297556,256.3618672485352,256.6183573608398
2026-03-26 15:55:00+00:00,256.5150146484375,256.6099853515625,256.30010986328125,256.52850341796875,227162,256.3867571411133,256.6432721557617
2026-03-26 16:00:00+00:00,256.3900146484375,256.7049865722656,256.3900146484375,256.5199890136719,232224,256.2618196411133,256.5182096557617
2026-03-26 16:05:00+00:00,256.1449890136719,256.489990234375,256.1300964355469,256.4150085449219,252994,256.0169165191651,256.27306150817867
2026-03-26 16:10:00+00:00,256.13031005859375,256.1969909667969,255.75,256.1449890136719,237014,256.0022449035645,256.258375213623
2026-03-26 16:15:00+00:00,256.19000244140625,256.260009765625,255.57000732421875,256.1400146484375,382190,256.06190744018556,256.31809744262694
2026-03-26 16:20:00+00:00,256.32000732421875,256.32000732421875,255.8000030517578,256.19000244140625,276460,256.19184732055663,256.44816732788087
2026-03-26 16:25:00+00:00,256.1000061035156,256.3599853515625,255.8800048828125,256.32000732421875,239966,255.97195610046387,256.22805610656735
2026-03-26 16:30:00+00:00,255.94500732421875,256.1000061035156,255.61500549316406,256.1000061035156,285503,255.81703482055664,256.07297982788083
2026-03-26 16:35:00+00:00,255.85989379882812,256.1105041503906,255.7100067138672,255.97999572753906,267006,255.73196385192873,255.98782374572752
2026-03-26 16:40:00+00:00,256.2200927734375,256.39959716796875,255.7949981689453,255.86000061035156,324212,256.0919827270508,256.3482028198242
2026-03-26 16:45:00+00:00,255.8800048828125,256.3125,255.86500549316406,256.2300109863281,290667,255.7520648803711,256.0079448852539
2026-03-26 16:50:00+00:00,256.1199951171875,256.2099914550781,255.88999938964844,255.9001007080078,192814,255.99193511962892,256.2480551147461
2026-03-26 16:55:00+00:00,256.2650146484375,256.3500061035156,256.04998779296875,256.1000061035156,261270,256.1368821411133,256.3931471557617
2026-03-26 17:00:00+00:00,256.2300109863281,256.4599914550781,256.17999267578125,256.25,286700,256.10189598083497,256.3581259918213
2026-03-26 17:05:00+00:00,255.97000122070312,256.3500061035156,255.9199981689453,256.25,305805,255.84201622009277,256.0979862213135
2026-03-26 17:10:00+00:00,255.26910400390625,255.97000122070312,255.14999389648438,255.97000122070312,447203,255.1414694519043,255.3967385559082
2026-03-26 17:15:00+00:00,255.2100067138672,255.3000030517578,255.10000610351562,255.25999450683594,258115,255.08240171051025,255.33761171722412
2026-03-26 17:20:00+00:00,254.67999267578125,255.25,254.59010314941406,255.25,318910,254.55265267944338,254.80733267211912
2026-03-26 17:25:00+00:00,254.99000549316406,255.14500427246094,254.6300048828125,254.6999969482422,282698,254.8625104904175,255.11750049591063
2026-03-26 17:30:00+00:00,254.5449981689453,255.05999755859375,254.47999572753906,254.97999572753906,215775,254.41772566986086,254.67227066802977
2026-03-26 17:35:00+00:00,254.41299438476562,254.6699981689453,254.2801055908203,254.5500030517578,239981,254.28578788757326,254.540200881958
2026-03-26 17:40:00+00:00,254.2899932861328,254.4550018310547,254.1300048828125,254.40989685058594,221674,254.16284828948977,254.41713828277585
2026-03-26 17:45:00+00:00,254.30999755859375,254.39999389648438,254.22999572753906,254.3000030517578,201310,254.18284255981447,254.43715255737303
2026-03-26 17:50:00+00:00,254.0,254.30999755859375,253.94000244140625,254.2949981689453,400284,253.87300000000002,254.12699999999998
2026-03-26 17:55:00+00:00,253.80499267578125,254.23500061035156,253.66099548339844,253.99000549316406,476735,253.6780901794434,253.9318951721191
2026-03-26 18:00:00+00:00,254.3300018310547,254.6999969482422,253.75,253.7899932861328,569425,254.20283683013918,254.4571668319702
2026-03-26 18:05:00+00:00,254.75999450683594,254.92999267578125,254.2115020751953,254.33999633789062,631304,254.63261450958254,254.88737450408934
2026-03-26 18:10:00+00:00,253.6699981689453,255.11500549316406,253.66140747070312,254.75999450683594,517290,253.54316316986086,253.79683316802976
2026-03-26 18:15:00+00:00,253.64500427246094,253.8300018310547,253.38999938964844,253.66000366210938,312000,253.51818177032473,253.77182677459714
2026-03-26 18:20:00+00:00,253.4949951171875,253.77999877929688,253.4199981689453,253.63999938964844,228977,253.36824761962893,253.62174261474607
2026-03-26 18:25:00+00:00,253.8249969482422,253.92990112304688,253.4949951171875,253.4949951171875,245768,253.6980844497681,253.9519094467163
2026-03-26 18:30:00+00:00,254.11000061035156,254.1699981689453,253.82000732421875,253.85000610351562,264473,253.98294561004641,254.2370556106567
2026-03-26 18:35:00+00:00,254.39990234375,254.4199981689453,254.0500030517578,254.1199951171875,275390,254.27270239257814,254.52710229492186
2026-03-26 18:40:00+00:00,254.1199951171875,254.51499938964844,253.95010375976562,254.4199981689453,268153,253.99293511962892,254.24705511474608
2026-03-26 18:45:00+00:00,254.25999450683594,254.39999389648438,254.0800018310547,254.10000610351562,274981,254.13286450958253,254.38712450408934
2026-03-26 18:50:00+00:00,254.27999877929688,254.38999938964844,254.1199951171875,254.2100067138672,245836,254.15285877990723,254.40713877868652
2026-03-26 18:55:00+00:00,254.3699951171875,254.3699951171875,254.0950927734375,254.22999572753906,203737,254.24281011962893,254.49718011474607
2026-03-26 19:00:00+00:00,254.00999450683594,254.47999572753906,253.9600067138672,254.3699951171875,207876,253.88298950958253,254.13699950408935
2026-03-26 19:05:00+00:00,253.85499572753906,254.07000732421875,253.72999572753906,254.02999877929688,248131,253.7280682296753,253.98192322540282
2026-03-26 19:10:00+00:00,253.7899932861328,253.97999572753906,253.77999877929688,253.83999633789062,307312,253.66309828948977,253.91688828277586
2026-03-26 19:15:00+00:00,253.82440185546875,254.0500030517578,253.7449951171875,253.80999755859375,245998,253.69748965454102,253.95131405639648
2026-03-26 19:20:00+00:00,253.25489807128906,253.8300018310547,253.25,253.82000732421875,327186,253.12827062225344,253.3815255203247
2026-03-26 19:25:00+00:00,253.6699981689453,253.6999969482422,253.13999938964844,253.25,373855,253.54316316986086,253.79683316802976
2026-03-26 19:30:00+00:00,253.05499267578125,253.72500610351562,253.0399932861328,253.67999267578125,337150,252.92846517944338,253.18152017211912
2026-03-26 19:35:00+00:00,252.42999267578125,253.07000732421875,252.39999389648438,253.07000732421875,420107,252.30377767944339,252.55620767211911
2026-03-26 19:40:00+00:00,252.5800018310547,252.6199951171875,252.33999633789062,252.4499969482422,496259,252.45371183013918,252.7062918319702
2026-03-26 19:45:00+00:00,252.83999633789062,252.99000549316406,252.5850067138672,252.5850067138672,486910,252.7135763397217,252.96641633605955
2026-03-26 19:50:00+00:00,252.25999450683594,252.92999267578125,252.02000427246094,252.8699951171875,790074,252.13386450958254,252.38612450408934
2026-03-26 19:55:00+00:00,252.8800048828125,253.22000122070312,252.27999877929688,252.2899932861328,1890045,252.7535648803711,253.0064448852539
2026-03-27 13:30:00+00:00,253.09010314941406,255.10000610351562,252.91000366210938,253.91000366210938,1570704,252.96355809783938,253.21664820098874
2026-03-27 13:35:00+00:00,254.05999755859375,254.25,252.7801055908203,253.13999938964844,692773,253.93296755981447,254.18702755737303
2026-03-27 13:40:00+00:00,254.0,254.3699951171875,253.5601043701172,254.03640747070312,512234,253.87300000000002,254.12699999999998
2026-03-27 13:45:00+00:00,254.72500610351562,255.36000061035156,254.02000427246094,254.05999755859375,673572,254.59764360046387,254.85236860656738
2026-03-27 13:50:00+00:00,254.875,255.1999969482422,254.3000030517578,254.74000549316406,1174193,254.74756250000002,255.00243749999998
2026-03-27 13:55:00+00:00,254.9199981689453,255.22999572753906,254.2899932861328,254.875,1022281,254.79253816986085,255.04745816802978
2026-03-27 14:00:00+00:00,254.46499633789062,255.07989501953125,254.41000366210938,254.86000061035156,853101,254.3377638397217,254.59222883605955
2026-03-27 14:05:00+00:00,254.59019470214844,254.86000061035156,254.02499389648438,254.5,603644,254.46289960479737,254.7174897994995
2026-03-27 14:10:00+00:00,254.77000427246094,255.4929962158203,254.36000061035156,254.6300048828125,765249,254.64261927032473,254.89738927459715
2026-03-27 14:15:00+00:00,254.83999633789062,255.10499572753906,254.39999389648438,254.72000122070312,581012,254.7125763397217,254.96741633605956
2026-03-27 14:20:00+00:00,254.50999450683594,255.2899932861328,253.9499969482422,254.889892578125,752864,254.38273950958254,254.63724950408934
2026-03-27 14:25:00+00:00,254.47999572753906,254.82000732421875,254.3000030517578,254.50999450683594,482789,254.3527557296753,254.60723572540283
2026-03-27 14:30:00+00:00,254.1300048828125,254.69000244140625,254.10000610351562,254.4600067138672,366348,254.00293988037112,254.25706988525388
2026-03-27 14:35:00+00:00,253.3000030517578,254.27940368652344,253.16000366210938,254.1300048828125,497228,253.17335305023195,253.42665305328367
2026-03-27 14:40:00+00:00,252.5399932861328,253.3800048828125,252.34120178222656,253.30999755859375,602927,252.41372328948975,252.66626328277587
2026-03-27 14:45:00+00:00,252.64500427246094,252.6999969482422,251.8000030517578,252.52999877929688,720327,252.51868177032472,252.77132677459716
2026-03-27 14:50:00+00:00,252.89999389648438,253.27000427246094,252.58999633789062,252.6300048828125,658180,252.77354389953615,253.0264438934326
2026-03-27 14:55:00+00:00,253.27999877929688,253.4600067138672,252.9010009765625,252.9010009765625,376112,253.15335877990725,253.4066387786865
2026-03-27 15:00:00+00:00,253.17999267578125,253.42999267578125,253.1300048828125,253.25999450683594,485594,253.05340267944337,253.30658267211913
2026-03-27 15:05:00+00:00,252.7899932861328,253.3800048828125,252.74000549316406,253.19500732421875,354508,252.66359828948976,252.91638828277587
2026-03-27 15:10:00+00:00,252.19000244140625,252.85000610351562,252.1199951171875,252.7899932861328,295674,252.06390744018557,252.31609744262693
2026-03-27 15:15:00+00:00,252.25,252.44000244140625,251.97000122070312,252.19000244140625,307377,252.12387500000003,252.37612499999997
2026-03-27 15:20:00+00:00,252.3800048828125,252.8000030517578,252.0850067138672,252.2550048828125,371240,252.2538148803711,252.5061948852539
2026-03-27 15:25:00+00:00,252.6199951171875,252.67999267578125,252.47999572753906,252.5800018310547,217123,252.4936851196289,252.7463051147461
2026-03-27 15:30:00+00:00,253.02000427246094,253.089599609375,252.33999633789062,252.6199951171875,377871,252.8934942703247,253.14651427459717
2026-03-27 15:35:00+00:00,252.4600067138672,253.24000549316406,252.41000366210938,253.02999877929688,457841,252.33377671051028,252.5862367172241
2026-03-27 15:40:00+00:00,252.57000732421875,252.6999969482422,252.13999938964844,252.4600067138672,260745,252.44372232055665,252.69629232788085
2026-03-27 15:45:00+00:00,252.38499450683594,252.6699981689453,252.3155059814453,252.61500549316406,170190,252.25880200958252,252.51118700408935
2026-03-27 15:50:00+00:00,252.57460021972656,252.80499267578125,252.3300018310547,252.37010192871094,276429,252.4483129196167,252.7008875198364
2026-03-27 15:55:00+00:00,252.72500610351562,252.92999267578125,252.5399932861328,252.58999633789062,237648,252.59864360046387,252.85136860656738
2026-03-27 16:00:00+00:00,252.77999877929688,252.89999389648438,252.58999633789062,252.72000122070312,239984,252.65360877990724,252.9063887786865
2026-03-27 16:05:00+00:00,252.4499969482422,252.80999755859375,252.27000427246094,252.79989624023438,302525,252.3237719497681,252.5762219467163
2026-03-27 16:10:00+00:00,252.72000122070312,252.82000732421875,252.24000549316406,252.4600067138672,197701,252.5936412200928,252.84636122131346
2026-03-27 16:15:00+00:00,252.25999450683594,252.75,252.22000122070312,252.75,181833,252.13386450958254,252.38612450408934
2026-03-27 16:20:00+00:00,252.0800018310547,252.3699951171875,252.07000732421875,252.26499938964844,175238,251.95396183013918,252.2060418319702
2026-03-27 16:25:00+00:00,251.77999877929688,252.11000061035156,251.69000244140625,252.10000610351562,424515,251.65410877990723,251.90588877868652
2026-03-27 16:30:00+00:00,251.80990600585938,251.89999389648438,251.74000549316406,251.77499389648438,192560,251.68400105285647,251.93581095886228
2026-03-27 16:35:00+00:00,251.82000732421875,252.1199951171875,251.7519989013672,251.80999755859375,342930,251.69409732055666,251.94591732788084
2026-03-27 16:40:00+00:00,252.22000122070312,252.27000427246094,251.69500732421875,251.7949981689453,198984,252.0938912200928,252.34611122131346
2026-03-27 16:45:00+00:00,252.59500122070312,252.75999450683594,252.14500427246094,252.22000122070312,268533,252.46870372009278,252.72129872131347
2026-03-27 16:50:00+00:00,252.4499969482422,252.6999969482422,252.2700958251953,252.5800018310547,239373,252.3237719497681,252.5762219467163
2026-03-27 16:55:00+00:00,252.4199981689453,252.5800018310547,252.36000061035156,252.42999267578125,186769,252.29378816986085,252.54620816802978
2026-03-27 17:00:00+00:00,252.1199951171875,252.5,251.97999572753906,252.4199981689453,197951,251.99393511962893,252.24605511474607
2026-03-27 17:05:00+00:00,252.30999755859375,252.64999389648438,251.9499969482422,252.11090087890625,278622,252.18384255981448,252.43615255737302
2026-03-27 17:10:00+00:00,251.8249969482422,252.32000732421875,251.60000610351562,252.3000030517578,363170,251.6990844497681,251.95090944671628
2026-03-27 17:15:00+00:00,251.38999938964844,251.85499572753906,251.28500366210938,251.8300018310547,201941,251.26430438995362,251.51569438934325
2026-03-27 17:20:00+00:00,250.79400634765625,251.4199981689453,250.67999267578125,251.375,483077,250.66860934448243,250.91940335083007
2026-03-27 17:25:00+00:00,250.41000366210938,250.82000732421875,250.3699951171875,250.7899932861328,328393,250.28479866027834,250.5352086639404
2026-03-27 17:30:00+00:00,250.44500732421875,250.5800018310547,250.3520050048828,250.41000366210938,322805,250.31978482055666,250.57022982788084
2026-03-27 17:35:00+00:00,250.0399932861328,250.52000427246094,250.02999877929688,250.4499969482422,485856,249.91497328948975,250.16501328277587
2026-03-27 17:40:00+00:00,249.63999938964844,250.0500030517578,249.55999755859375,250.0500030517578,414187,249.51517938995363,249.76481938934324
2026-03-27 17:45:00+00:00,249.42010498046875,249.72000122070312,249.36000061035156,249.6300048828125,463907,249.29539492797852,249.54481503295898
2026-03-27 17:50:00+00:00,249.83999633789062,249.90499877929688,249.42999267578125,249.42999267578125,230423,249.7150763397217,249.96491633605956
2026-03-27 17:55:00+00:00,249.8000030517578,250.10000610351562,249.75999450683594,249.85000610351562,397508,249.67510305023194,249.92490305328369
2026-03-27 18:00:00+00:00,249.80499267578125,249.92999267578125,249.66000366210938,249.82000732421875,589111,249.68009017944337,249.92989517211913
2026-03-27 18:05:00+00:00,248.75999450683594,249.8699951171875,248.7100067138672,249.8000030517578,477163,248.63561450958252,248.88437450408935
2026-03-27 18:10:00+00:00,249.09500122070312,249.21499633789062,248.63499450683594,248.77000427246094,426547,248.9704537200928,249.21954872131346
2026-03-27 18:15:00+00:00,249.39999389648438,249.5198974609375,249.0500030517578,249.08999633789062,269227,249.27529389953614,249.5246938934326
2026-03-27 18:20:00+00:00,249.11000061035156,249.47999572753906,248.9700927734375,249.39700317382812,255538,248.9854456100464,249.2345556106567
2026-03-27 18:25:00+00:00,249.38499450683594,249.53509521484375,248.97999572753906,249.07000732421875,247491,249.26030200958255,249.50968700408933
2026-03-27 18:30:00+00:00,249.3800048828125,249.42999267578125,249.22999572753906,249.4199981689453,209012,249.25531488037112,249.50469488525388
2026-03-27 18:35:00+00:00,249.0,249.52000427246094,248.94500732421875,249.3699951171875,330197,248.87550000000002,249.12449999999998
2026-03-27 18:40:00+00:00,248.90249633789062,249.3000030517578,248.61000061035156,249.02000427246094,438494,248.7780450897217,249.02694758605955
2026-03-27 18:45:00+00:00,249.0,249.08999633789062,248.7899932861328,248.88999938964844,397200,248.87550000000002,249.12449999999998
2026-03-27 18:50:00+00:00,248.69000244140625,249.19000244140625,248.6699981689453,248.9949951171875,288316,248.56565744018556,248.81434744262694
2026-03-27 18:55:00+00:00,248.66000366210938,248.83999633789062,248.63999938964844,248.69000244140625,292863,248.53567366027832,248.78433366394043
2026-03-27 19:00:00+00:00,248.63499450683594,248.97000122070312,248.55999755859375,248.66000366210938,302227,248.51067700958254,248.75931200408934
2026-03-27 19:05:00+00:00,248.42999267578125,248.75,248.36000061035156,248.64999389648438,384147,248.30577767944337,248.55420767211913
2026-03-27 19:10:00+00:00,249.02999877929688,249.1199951171875,248.3300018310547,248.42999267578125,457839,248.90548377990723,249.15451377868652
2026-03-27 19:15:00+00:00,248.97000122070312,249.19009399414062,248.7949981689453,249.0,307445,248.84551622009278,249.09448622131347
2026-03-27 19:20:00+00:00,248.7550048828125,249.13999938964844,248.67999267578125,248.9550018310547,361690,248.6306273803711,248.8793823852539
2026-03-27 19:25:00+00:00,248.40989685058594,248.72999572753906,248.25,248.72999572753906,344157,248.28569190216066,248.5341017990112
2026-03-27 19:30:00+00:00,248.61000061035156,248.63999938964844,248.33999633789062,248.41000366210938,387720,248.4856956100464,248.73430561065672
2026-03-27 19:35:00+00:00,248.58009338378906,248.75,248.4199981689453,248.6199951171875,333350,248.4558033370972,248.70438343048093
2026-03-27 19:40:00+00:00,248.30999755859375,248.6300048828125,248.14999389648438,248.58999633789062,419276,248.18584255981446,248.43415255737304
2026-03-27 19:45:00+00:00,248.31500244140625,248.5,248.17999267578125,248.32000732421875,512562,248.19084494018557,248.43915994262693
2026-03-27 19:50:00+00:00,248.74899291992188,248.8300018310547,248.07000732421875,248.3000030517578,988073,248.62461842346192,248.87336741638183
2026-03-27 19:55:00+00:00,248.6199951171875,249.3699951171875,248.61000061035156,248.74000549316406,2611115,248.49568511962892,248.74430511474608
2026-03-30 13:30:00+00:00,247.9199981689453,250.83999633789062,247.64999389648438,249.9949951171875,1785869,247.79603816986085,248.04395816802977
2026-03-30 13:35:00+00:00,247.50999450683594,247.97999572753906,247.0800018310547,247.9199981689453,612715,247.38623950958254,247.63374950408934
2026-03-30 13:40:00+00:00,247.4499969482422,247.64999389648438,247.03089904785156,247.47999572753906,567942,247.32627194976808,247.5737219467163
2026-03-30 13:45:00+00:00,247.5070037841797,247.61990356445312,246.97000122070312,247.44000244140625,499170,247.3832502822876,247.63075728607177
2026-03-30 13:50:00+00:00,247.9499969482422,248.21499633789062,247.27000427246094,247.52000427246094,516719,247.8260219497681,248.07397194671628
2026-03-30 13:55:00+00:00,247.61000061035156,248.3300018310547,247.58999633789062,247.93499755859375,512047,247.4861956100464,247.73380561065673
2026-03-30 14:00:00+00:00,248.0800018310547,248.0800018310547,247.41000366210938,247.60000610351562,360989,247.9559618301392,248.2040418319702
2026-03-30 14:05:00+00:00,247.7449951171875,248.27999877929688,247.68800354003906,248.05999755859375,291372,247.62112261962892,247.86886761474608
2026-03-30 14:10:00+00:00,247.82000732421875,247.96339416503906,247.5301055908203,247.7449951171875,297053,247.69609732055665,247.94391732788085
2026-03-30 14:15:00+00:00,247.32000732421875,247.9499969482422,247.17999267578125,247.85000610351562,276490,247.19634732055664,247.44366732788086
2026-03-30 14:20:00+00:00,247.875,247.88999938964844,247.31640625,247.33999633789062,256270,247.75106250000002,247.99893749999998
2026-03-30 14:25:00+00:00,247.8300018310547,248.1199951171875,247.65499877929688,247.8699951171875,283591,247.70608683013918,247.9539168319702
2026-03-30 14:30:00+00:00,247.47500610351562,248.0,247.3699951171875,247.82000732421875,280794,247.35126860046387,247.59874360656738
2026-03-30 14:35:00+00:00,247.43499755859375,247.52000427246094,247.1699981689453,247.47000122070312,262783,247.31128005981446,247.55871505737304
2026-03-30 14:40:00+00:00,246.875,247.47999572753906,246.86000061035156,247.43499755859375,335730,246.7515625,246.9984375
2026-03-30 14:45:00+00:00,246.4600067138672,247.32000732421875,246.42999267578125,246.88999938964844,600985,246.33677671051026,246.5832367172241
2026-03-30 14:50:00+00:00,246.6649932861328,246.75990295410156,246.0399932861328,246.47000122070312,350448,246.54166078948975,246.78832578277587
2026-03-30 14:55:00+00:00,246.52999877929688,246.69000244140625,246.39500427246094,246.67999267578125,262738,246.40673377990723,246.65326377868652
2026-03-30 15:00:00+00:00,246.8800048828125,246.88800048828125,246.2449951171875,246.50999450683594,334422,246.75656488037112,247.00344488525388
2026-03-30 15:05:00+00:00,246.4600067138672,247.05499267578125,246.1699981689453,246.8699951171875,342124,246.33677671051026,246.5832367172241
2026-03-30 15:10:00+00:00,246.61000061035156,246.64999389648438,246.3350067138672,246.52000427246094,238888,246.4866956100464,246.7333056106567
2026-03-30 15:15:00+00:00,246.6199951171875,246.66000366210938,246.22000122070312,246.61000061035156,486279,246.49668511962892,246.74330511474608
2026-03-30 15:20:00+00:00,246.78500366210938,246.89999389648438,246.4600067138672,246.6300048828125,286283,246.66161116027834,246.9083961639404
2026-03-30 15:25:00+00:00,246.52999877929688,246.9550018310547,246.49000549316406,246.7899932861328,227055,246.40673377990723,246.65326377868652
2026-03-30 15:30:00+00:00,246.86000061035156,246.8800048828125,246.33999633789062,246.52999877929688,305533,246.7365706100464,246.9834306106567
2026-03-30 15:35:00+00:00,246.46499633789062,247.02000427246094,246.39010620117188,246.86000061035156,283734,246.3417638397217,246.58822883605956
2026-03-30 15:40:00+00:00,246.88499450683594,246.9949951171875,246.41000366210938,246.4499969482422,175597,246.76155200958254,247.00843700408933
2026-03-30 15:45:00+00:00,246.99000549316406,247.0399932861328,246.75,246.89999389648438,216660,246.86651049041748,247.11350049591064
2026-03-30 15:50:00+00:00,246.86000061035156,247.2100067138672,246.8000030517578,246.99000549316406,316196,246.7365706100464,246.9834306106567
2026-03-30 15:55:00+00:00,246.86000061035156,247.02000427246094,246.47999572753906,246.7899932861328,264998,246.7365706100464,246.9834306106567
2026-03-30 16:00:00+00:00,246.32000732421875,246.91000366210938,246.16000366210938,246.8800048828125,231355,246.19684732055666,246.44316732788084
2026-03-30 16:05:00+00:00,246.42999267578125,246.5500030517578,246.2675018310547,246.3249969482422,194858,246.30677767944337,246.55320767211913
2026-03-30 16:10:00+00:00,246.90150451660156,247.00999450683594,246.39999389648438,246.39999389648438,192387,246.77805376434327,247.02495526885986
2026-03-30 16:15:00+00:00,246.49000549316406,246.91000366210938,246.44500732421875,246.89300537109375,219785,246.3667604904175,246.61325049591062
2026-03-30 16:20:00+00:00,246.2899932861328,246.5,246.19000244140625,246.47999572753906,196109,246.16684828948976,246.41313828277586
2026-03-30 16:25:00+00:00,246.02000427246094,246.30999755859375,245.9600067138672,246.2899932861328,220321,245.8969942703247,246.14301427459716
2026-03-30 16:30:00+00:00,246.31500244140625,246.32989501953125,245.9600067138672,246.00999450683594,184477,246.19184494018555,246.43815994262695
2026-03-30 16:35:00+00:00,246.71499633789062,246.75999450683594,246.3249969482422,246.33999633789062,336689,246.5916388397217,246.83835383605955
2026-03-30 16:40:00+00:00,246.9949951171875,247.07000732421875,246.67999267578125,246.72999572753906,245209,246.8714976196289,247.1184926147461
2026-03-30 16:45:00+00:00,247.0500030517578,247.11000061035156,246.95010375976562,246.99000549316406,42344,246.92647805023194,247.1735280532837
